frame,time,profile_junction_detected,detection_latched,phase,forward_propulsion_enabled,leader_braking,leader_speed,stationary,stationary_dwell,stationary_dwell_target,anchor_active,pointcloud_ready,first_detection_time,detection_latch_time,hold_entry_time,braking_start_time,stationary_confirmation_time,anchor_entry_time,distance_since_detection_eval,distance_during_braking_eval,distance_since_anchor_eval,anchor_heading_drift_eval,leader_gap,connected_component_size,follower_mean_speed,follower_moving_fraction,mean_lateral_sph_force,lateral_span,min_robot_distance,overlap_pairs,max_speed,nan_inf_state_count,outside_free_space_robot_count,GT_phase_eval_only
0,0.016666666666666666,False,False,LOCAL_FORWARD,True,False,1.799992790879454,False,0,6,False,False,nan,nan,nan,nan,nan,nan,0.0,0.0,0.0,0.0,2.6746962444360176,680,0.7831622973702062,0.28424153166421207,147.31150374750158,75.64908377430557,2.659602386267772,0,1.8,0,0,CORRIDOR
6,0.11666666666666665,False,False,LOCAL_FORWARD,True,False,35.799365270424715,False,0,6,False,False,nan,nan,nan,nan,nan,nan,0.0,0.0,0.0,0.0,2.7544739709507624,680,13.676764597217119,1.0,157.3063847851602,77.99947357068339,2.6602904825954905,0,35.799365270424715,0,0,CORRIDOR
12,0.21666666666666665,False,False,LOCAL_FORWARD,True,False,74.70761113595074,False,0,6,False,False,nan,nan,nan,nan,nan,nan,0.0,0.0,0.0,0.0,2.897871550809062,680,26.52958955156861,0.9985272459499264,157.76694416147203,81.74306965655248,2.617382846708036,0,75.86092663950693,0,0,CORRIDOR
18,0.31666666666666665,False,False,LOCAL_FORWARD,True,False,90.70103164960238,False,0,6,False,False,nan,nan,nan,nan,nan,nan,0.0,0.0,0.0,0.0,3.030805536098666,680,32.003652852520396,0.9985272459499264,109.42183170829294,81.74857406793244,2.3177807237306154,0,90.70103164960238,0,0,CORRIDOR
24,0.41666666666666663,False,False,LOCAL_FORWARD,True,False,91.83054442580814,False,0,6,False,False,nan,nan,nan,nan,nan,nan,0.0,0.0,0.0,0.0,3.2951930165349452,680,32.5318141269124,0.9896907216494846,70.00603654918032,81.74857406793244,2.265644788157895,0,91.83054442580814,0,0,CORRIDOR
30,0.5166666666666666,False,False,LOCAL_FORWARD,True,False,86.6023285696093,False,0,6,False,False,nan,nan,nan,nan,nan,nan,0.0,0.0,0.0,0.0,3.700260890984119,680,32.17899201159829,0.9852724594992637,56.94004712436417,81.74857406793244,2.1745396612541086,11,86.6023285696093,0,0,CORRIDOR
36,0.6166666666666669,True,True,JUNCTION_HOLD,False,False,85.79494863914204,False,0,6,False,False,0.6166666666666669,0.6166666666666669,0.6166666666666669,nan,nan,nan,0.0,0.0,0.0,0.0,4.416683397702625,680,31.902853651425964,0.9970544918998527,49.471642867026674,81.74857406793244,2.198733320253317,5,85.79494863914204,0,0,CORRIDOR
42,0.7166666666666672,True,True,LIDAR_BRAKING,False,True,70.19072902978665,False,0,6,False,False,0.6166666666666669,0.6166666666666669,0.6166666666666669,0.6333333333333336,nan,nan,7.822373063063103,6.4098866841063105,0.0,0.0,5.538022144139949,680,26.65355458034334,0.9823269513991163,48.235992129463256,81.74857406793244,2.2765243459293316,0,70.19072902978665,0,0,CORRIDOR
48,0.8166666666666675,True,True,LIDAR_BRAKING,False,True,46.63207801785093,False,0,6,False,False,0.6166666666666669,0.6166666666666669,0.6166666666666669,0.6333333333333336,nan,nan,13.463603872534256,12.051120175987938,0.0,0.0,6.260648694497892,680,18.693355225233432,0.9602356406480118,44.55707679208383,81.74857406793244,2.395665854064284,0,51.872612030006394,0,0,CORRIDOR
54,0.9166666666666679,True,True,LIDAR_BRAKING,False,True,26.970377232074462,False,0,6,False,False,0.6166666666666669,0.6166666666666669,0.6166666666666669,0.6333333333333336,nan,nan,16.929615427782505,15.517134435391277,0.0,0.0,6.49603202139065,680,12.808895914071504,0.9528718703976435,43.574859789144696,81.75855440206774,2.487982834589324,0,39.886698351947615,0,0,CORRIDOR
60,1.016666666666668,True,True,LIDAR_BRAKING,False,True,13.763640680474992,False,0,6,False,False,0.6166666666666669,0.6166666666666669,0.6166666666666669,0.6333333333333336,nan,nan,18.805280633420505,17.392801401298826,0.0,0.0,6.369657404046349,680,9.792055543696682,0.9558173784977909,43.06825154749113,81.75855440206774,2.5742435171494495,0,32.4096711145782,0,0,CORRIDOR
66,1.1166666666666676,True,True,LIDAR_BRAKING,False,True,6.059328408339286,False,0,6,False,False,0.6166666666666669,0.6166666666666669,0.6166666666666669,0.6333333333333336,nan,nan,19.69469533281165,18.28221699042112,0.0,0.0,6.006411843490465,680,8.500751281041824,0.9410898379970545,42.3618721905946,81.75855440206774,2.649618165280812,0,28.40792497230094,0,0,CORRIDOR
72,1.2166666666666672,True,True,LIDAR_BRAKING,False,True,2.0929475948490355,False,0,6,False,False,0.6166666666666669,0.6166666666666669,0.6166666666666669,0.6333333333333336,nan,nan,20.045873830194857,18.633395845518038,0.0,0.0,5.554805872786195,680,7.836591762876165,0.9455081001472754,41.93829562553128,81.75855440206774,2.717918633235242,0,25.53968622641126,0,0,CORRIDOR
78,1.3166666666666669,True,True,LIDAR_BRAKING,False,True,0.32612144251851904,True,4,6,False,False,0.6166666666666669,0.6166666666666669,0.6166666666666669,0.6333333333333336,nan,nan,20.139290664204314,18.72681277694947,0.0,0.0,5.11281569131122,680,7.330722425627323,0.9337260677466863,41.6546049909584,81.75855440206774,2.7823201617515534,0,27.553603853805342,0,0,CORRIDOR
84,1.4166666666666665,True,True,PROVISIONAL_FIXED_ANCHOR,False,False,0.0,True,6,6,True,True,0.6166666666666669,0.6166666666666669,0.6166666666666669,0.6333333333333336,1.35,1.35,20.142523653043746,18.730045770259014,0.0,0.0,4.778658145234795,680,6.878322991731382,0.9278350515463918,41.34267561159352,81.75855440206774,2.842080354395528,0,27.182857912171265,0,0,CORRIDOR
90,1.5166666666666662,True,True,PROVISIONAL_FIXED_ANCHOR,False,False,0.0,True,6,6,True,True,0.6166666666666669,0.6166666666666669,0.6166666666666669,0.6333333333333336,1.35,1.35,20.142523653043746,18.730045770259014,0.0,0.0,4.548648239713604,680,6.45982631760677,0.9189985272459499,40.500786993766845,81.75976367975265,2.898665187019478,0,26.512386625479298,0,0,CORRIDOR
96,1.6166666666666658,True,True,PROVISIONAL_FIXED_ANCHOR,False,False,0.0,True,6,6,True,True,0.6166666666666669,0.6166666666666669,0.6166666666666669,0.6333333333333336,1.35,1.35,20.142523653043746,18.730045770259014,0.0,0.0,4.388641545666533,680,6.075283292978104,0.9131075110456554,40.23839350245468,81.75976367975265,2.938308146363462,0,24.454799966231526,0,0,CORRIDOR
102,1.7166666666666655,True,True,PROVISIONAL_FIXED_ANCHOR,False,False,0.0,True,6,6,True,True,0.6166666666666669,0.6166666666666669,0.6166666666666669,0.6333333333333336,1.35,1.35,20.142523653043746,18.730045770259014,0.0,0.0,4.437477586848003,680,5.727223113736961,0.9013254786450663,39.83335857100373,81.75986318902062,2.9499783946006155,0,24.919394652353215,0,0,CORRIDOR
108,1.816666666666665,True,True,PROVISIONAL_FIXED_ANCHOR,False,False,0.0,True,6,6,True,True,0.6166666666666669,0.6166666666666669,0.6166666666666669,0.6333333333333336,1.35,1.35,20.142523653043746,18.730045770259014,0.0,0.0,5.054809794746413,680,5.4084474942880405,0.8880706921944035,39.34378004732763,81.75986318902062,2.9474343567514376,0,24.368439578282253,0,0,CORRIDOR
114,1.9166666666666647,True,True,PROVISIONAL_FIXED_ANCHOR,False,False,0.0,True,6,6,True,True,0.6166666666666669,0.6166666666666669,0.6166666666666669,0.6333333333333336,1.35,1.35,20.142523653043746,18.730045770259014,0.0,0.0,5.541643534971975,680,5.118391358271698,0.8703976435935199,38.769888472419865,81.75986318902062,2.9384647368340073,0,21.509886765858774,0,0,CORRIDOR
120,2.0166666666666644,True,True,PROVISIONAL_FIXED_ANCHOR,False,False,0.0,True,6,6,True,True,0.6166666666666669,0.6166666666666669,0.6166666666666669,0.6333333333333336,1.35,1.35,20.142523653043746,18.730045770259014,0.0,0.0,5.233484072822868,680,4.847121446226583,0.8571428571428571,38.53140908233526,81.75988709159321,2.9286787041437634,0,18.500632934896046,0,0,CORRIDOR
126,2.116666666666664,True,True,PROVISIONAL_FIXED_ANCHOR,False,False,0.0,True,6,6,True,True,0.6166666666666669,0.6166666666666669,0.6166666666666669,0.6333333333333336,1.35,1.35,20.142523653043746,18.730045770259014,0.0,0.0,4.962897877643802,680,4.602401662463834,0.833578792341679,38.214006268363896,81.75988709159321,2.91810478358713,0,16.30525800092103,0,0,CORRIDOR
132,2.2166666666666637,True,True,PROVISIONAL_FIXED_ANCHOR,False,False,0.0,True,6,6,True,True,0.6166666666666669,0.6166666666666669,0.6166666666666669,0.6333333333333336,1.35,1.35,20.142523653043746,18.730045770259014,0.0,0.0,4.789844816336662,680,4.388499797139879,0.8041237113402062,37.83393301463951,81.75988709159321,2.906790525294323,0,15.685056592436126,0,0,CORRIDOR
138,2.3166666666666633,True,True,PROVISIONAL_FIXED_ANCHOR,False,False,0.0,True,6,6,True,True,0.6166666666666669,0.6166666666666669,0.6166666666666669,0.6333333333333336,1.35,1.35,20.142523653043746,18.730045770259014,0.0,0.0,4.662657989153041,680,4.212119867778906,0.7849779086892489,37.672302116263275,81.75988709159321,2.8959586377963347,0,15.315331352529453,0,0,CORRIDOR
144,2.416666666666663,True,True,PROVISIONAL_FIXED_ANCHOR,False,False,0.0,True,6,6,True,True,0.6166666666666669,0.6166666666666669,0.6166666666666669,0.6333333333333336,1.35,1.35,20.142523653043746,18.730045770259014,0.0,0.0,4.585967179743904,680,4.070275200064034,0.7731958762886598,37.23859864524218,81.75988709159321,2.894598981197085,0,14.42676828342996,0,0,CORRIDOR
150,2.5166666666666626,True,True,PROVISIONAL_FIXED_ANCHOR,False,False,0.0,True,6,6,True,True,0.6166666666666669,0.6166666666666669,0.6166666666666669,0.6333333333333336,1.35,1.35,20.142523653043746,18.730045770259014,0.0,0.0,4.532383708238206,680,3.968133393879468,0.7702503681885126,37.12732499902342,81.75989962389787,2.880934207459384,0,13.5090329344796,0,0,CORRIDOR
156,2.6166666666666623,True,True,PROVISIONAL_FIXED_ANCHOR,False,False,0.0,True,6,6,True,True,0.6166666666666669,0.6166666666666669,0.6166666666666669,0.6333333333333336,1.35,1.35,20.142523653043746,18.730045770259014,0.0,0.0,4.504348643837601,680,3.884477334904793,0.7717231222385862,37.37358762340692,81.75989962389787,2.873677817339905,0,12.865378433422519,0,0,CORRIDOR
162,2.716666666666662,True,True,PROVISIONAL_FIXED_ANCHOR,False,False,0.0,True,6,6,True,True,0.6166666666666669,0.6166666666666669,0.6166666666666669,0.6333333333333336,1.35,1.35,20.142523653043746,18.730045770259014,0.0,0.0,4.496482778200903,680,3.8204872982945273,0.7658321060382917,37.09104115656444,81.75989962389787,2.8684542925561343,0,12.511141776735046,0,0,CORRIDOR
168,2.8166666666666615,True,True,PROVISIONAL_FIXED_ANCHOR,False,False,0.0,True,6,6,True,True,0.6166666666666669,0.6166666666666669,0.6166666666666669,0.6333333333333336,1.35,1.35,20.142523653043746,18.730045770259014,0.0,0.0,4.499991671617943,680,3.7708387092035225,0.7525773195876289,36.45405670293456,81.75989962389787,2.8562450390816996,0,12.165891981490047,0,0,CORRIDOR
174,2.916666666666661,True,True,PROVISIONAL_FIXED_ANCHOR,False,False,0.0,True,6,6,True,True,0.6166666666666669,0.6166666666666669,0.6166666666666669,0.6333333333333336,1.35,1.35,20.142523653043746,18.730045770259014,0.0,0.0,4.511625939025517,680,3.7204451636732143,0.7496318114874816,36.13855944952415,81.75989962389787,2.8722884959572927,0,11.812089061720103,0,0,CORRIDOR
180,3.016666666666661,True,True,PROVISIONAL_FIXED_ANCHOR,False,False,0.0,True,6,6,True,True,0.6166666666666669,0.6166666666666669,0.6166666666666669,0.6333333333333336,1.35,1.35,20.142523653043746,18.730045770259014,0.0,0.0,4.528022138042306,680,3.6743446780512334,0.7422680412371134,35.734854564637324,81.75989962389787,2.903543883641029,0,11.53794624854812,0,0,CORRIDOR
186,3.1166666666666605,True,True,PROVISIONAL_FIXED_ANCHOR,False,False,0.0,True,6,6,True,True,0.6166666666666669,0.6166666666666669,0.6166666666666669,0.6333333333333336,1.35,1.35,20.142523653043746,18.730045770259014,0.0,0.0,4.545216814171048,680,3.6345443983017782,0.7422680412371134,35.31743158642883,81.75989962389787,2.9303132741379554,0,11.289156655389222,0,0,CORRIDOR
192,3.21666666666666,True,True,PROVISIONAL_FIXED_ANCHOR,False,False,0.0,True,6,6,True,True,0.6166666666666669,0.6166666666666669,0.6166666666666669,0.6333333333333336,1.35,1.35,20.142523653043746,18.730045770259014,0.0,0.0,4.568186021105934,680,3.5957315317424827,0.7319587628865979,35.23988794002869,81.75989962389787,2.9500701739987174,0,11.059092572351846,0,0,CORRIDOR
198,3.3166666666666598,True,True,PROVISIONAL_FIXED_ANCHOR,False,False,0.0,True,6,6,True,True,0.6166666666666669,0.6166666666666669,0.6166666666666669,0.6333333333333336,1.35,1.35,20.142523653043746,18.730045770259014,0.0,0.0,4.573434220721921,680,3.54806960469751,0.7231222385861561,34.82465022676546,81.75989962389787,2.976735127725454,0,10.81844857543605,0,0,CORRIDOR
204,3.4166666666666594,True,True,PROVISIONAL_FIXED_ANCHOR,False,False,0.0,True,6,6,True,True,0.6166666666666669,0.6166666666666669,0.6166666666666669,0.6333333333333336,1.35,1.35,20.142523653043746,18.730045770259014,0.0,0.0,4.565805434727168,680,3.512334923325512,0.7216494845360825,34.40947755461723,81.75989962389787,2.989063573033781,0,10.877984228237015,0,0,CORRIDOR
210,3.516666666666659,True,True,PROVISIONAL_FIXED_ANCHOR,False,False,0.0,True,6,6,True,True,0.6166666666666669,0.6166666666666669,0.6166666666666669,0.6333333333333336,1.35,1.35,20.142523653043746,18.730045770259014,0.0,0.0,4.547033732201893,680,3.4808502812836903,0.7054491899852725,33.84284652650752,81.75989962389787,2.9888881027361984,0,10.678870432340057,0,0,CORRIDOR
216,3.6166666666666587,True,True,PROVISIONAL_FIXED_ANCHOR,False,False,0.0,True,6,6,True,True,0.6166666666666669,0.6166666666666669,0.6166666666666669,0.6333333333333336,1.35,1.35,20.142523653043746,18.730045770259014,0.0,0.0,4.5160264373983185,680,3.4562392564038458,0.7172312223858616,33.420174691653486,81.75990584638933,2.9911642656969466,0,9.956116432069223,0,0,CORRIDOR
222,3.7166666666666583,True,True,PROVISIONAL_FIXED_ANCHOR,False,False,0.0,True,6,6,True,True,0.6166666666666669,0.6166666666666669,0.6166666666666669,0.6333333333333336,1.35,1.35,20.142523653043746,18.730045770259014,0.0,0.0,4.471913313186375,680,3.437439081543485,0.7349042709867453,32.78247086348023,81.75990584638933,2.994221035942899,0,9.612239760880568,0,0,CORRIDOR
228,3.816666666666658,True,True,PROVISIONAL_FIXED_ANCHOR,False,False,0.0,True,6,6,True,True,0.6166666666666669,0.6166666666666669,0.6166666666666669,0.6333333333333336,1.35,1.35,20.142523653043746,18.730045770259014,0.0,0.0,4.409125524583664,680,3.4314146015375586,0.748159057437408,32.32823075163848,81.75990584638933,2.9967114133124193,0,9.244156009804964,0,0,CORRIDOR
234,3.9166666666666576,True,True,PROVISIONAL_FIXED_ANCHOR,False,False,0.0,True,6,6,True,True,0.6166666666666669,0.6166666666666669,0.6166666666666669,0.6333333333333336,1.35,1.35,20.142523653043746,18.730045770259014,0.0,0.0,4.318596426316305,680,3.440127691200676,0.7658321060382917,32.01689476038999,81.75990584638933,3.0026213913697584,0,8.926870879159567,0,0,CORRIDOR
240,4.016666666666658,True,True,PROVISIONAL_FIXED_ANCHOR,False,False,0.0,True,6,6,True,True,0.6166666666666669,0.6166666666666669,0.6166666666666669,0.6333333333333336,1.35,1.35,20.142523653043746,18.730045770259014,0.0,0.0,4.197124394947295,680,3.4405216152513525,0.7687776141384389,31.72879936641695,81.75990584638933,3.0152653686656405,0,8.579380236909001,0,0,CORRIDOR
246,4.116666666666657,True,True,PROVISIONAL_FIXED_ANCHOR,False,False,0.0,True,6,6,True,True,0.6166666666666669,0.6166666666666669,0.6166666666666669,0.6333333333333336,1.35,1.35,20.142523653043746,18.730045770259014,0.0,0.0,4.073055512998588,680,3.447850162265683,0.7864506627393225,31.194360747663534,81.75990584638933,3.0391881123147946,0,8.259957211349036,0,0,CORRIDOR
252,4.216666666666657,True,True,PROVISIONAL_FIXED_ANCHOR,False,False,0.0,True,6,6,True,True,0.6166666666666669,0.6166666666666669,0.6166666666666669,0.6333333333333336,1.35,1.35,20.142523653043746,18.730045770259014,0.0,0.0,3.979235106156967,680,3.4575225461367936,0.792341678939617,30.870044646687795,81.75990584638933,3.076900807069857,0,8.004711663638048,0,0,CORRIDOR
258,4.316666666666657,True,True,PROVISIONAL_FIXED_ANCHOR,False,False,0.0,True,6,6,True,True,0.6166666666666669,0.6166666666666669,0.6166666666666669,0.6333333333333336,1.35,1.35,20.142523653043746,18.730045770259014,0.0,0.0,3.8793789359757356,680,3.466853113850319,0.8041237113402062,30.580034678821164,81.75994484315058,3.094093409052643,0,7.74205584242034,0,0,CORRIDOR
264,4.416666666666656,True,True,PROVISIONAL_FIXED_ANCHOR,False,False,0.0,True,6,6,True,True,0.6166666666666669,0.6166666666666669,0.6166666666666669,0.6333333333333336,1.35,1.35,20.142523653043746,18.730045770259014,0.0,0.0,3.79005554640045,680,3.4661561650701818,0.8085419734904271,30.142731706860104,81.75994484315058,3.116676087847394,0,7.582234152551535,0,0,CORRIDOR
270,4.516666666666656,True,True,PROVISIONAL_FIXED_ANCHOR,False,False,0.0,True,6,6,True,True,0.6166666666666669,0.6166666666666669,0.6166666666666669,0.6333333333333336,1.35,1.35,20.142523653043746,18.730045770259014,0.0,0.0,3.706684709902075,680,3.4541277561178187,0.8100147275405007,29.728680386416197,81.75994484315058,3.143608865962282,0,7.495450009941897,0,0,CORRIDOR
276,4.616666666666656,True,True,PROVISIONAL_FIXED_ANCHOR,False,False,0.0,True,6,6,True,True,0.6166666666666669,0.6166666666666669,0.6166666666666669,0.6333333333333336,1.35,1.35,20.142523653043746,18.730045770259014,0.0,0.0,3.6338435645820915,680,3.4213031150862983,0.8070692194403535,29.32272160493316,81.75994484315058,3.1778349592121873,0,7.417941092978729,0,0,CORRIDOR
282,4.716666666666655,True,True,PROVISIONAL_FIXED_ANCHOR,False,False,0.0,True,6,6,True,True,0.6166666666666669,0.6166666666666669,0.6166666666666669,0.6333333333333336,1.35,1.35,20.142523653043746,18.730045770259014,0.0,0.0,3.5690978497706745,680,3.3857574877495105,0.7997054491899853,28.95095907178237,81.75994484315058,3.217535339661882,0,7.350930910746806,0,0,CORRIDOR
288,4.816666666666655,True,True,PROVISIONAL_FIXED_ANCHOR,False,False,0.0,True,6,6,True,True,0.6166666666666669,0.6166666666666669,0.6166666666666669,0.6333333333333336,1.35,1.35,20.142523653043746,18.730045770259014,0.0,0.0,3.507917257238519,680,3.3485055456447657,0.7982326951399117,28.581128602179,81.75994484315058,3.2424235488434974,0,7.287293635103096,0,0,CORRIDOR
294,4.9166666666666545,True,True,PROVISIONAL_FIXED_ANCHOR,False,False,0.0,True,6,6,True,True,0.6166666666666669,0.6166666666666669,0.6166666666666669,0.6333333333333336,1.35,1.35,20.142523653043746,18.730045770259014,0.0,0.0,3.4634078121007743,680,3.3055190976466613,0.8041237113402062,28.166265695372697,81.75994597867691,3.252949832177364,0,7.2268180330535055,0,0,CORRIDOR
300,5.016666666666654,True,True,PROVISIONAL_FIXED_ANCHOR,False,False,0.0,True,6,6,True,True,0.6166666666666669,0.6166666666666669,0.6166666666666669,0.6333333333333336,1.35,1.35,20.142523653043746,18.730045770259014,0.0,0.0,3.434382523489244,680,3.253350557152833,0.7967599410898379,27.90005772067914,81.75994597867691,3.2631235356183597,0,7.172115693168459,0,0,CORRIDOR
306,5.116666666666654,True,True,PROVISIONAL_FIXED_ANCHOR,False,False,0.0,True,6,6,True,True,0.6166666666666669,0.6166666666666669,0.6166666666666669,0.6333333333333336,1.35,1.35,20.142523653043746,18.730045770259014,0.0,0.0,3.415185190480763,680,3.204851618995215,0.7908689248895434,27.657117821602075,81.75994597867691,3.2759776928680293,0,7.102631071760598,0,0,CORRIDOR
312,5.2166666666666535,True,True,PROVISIONAL_FIXED_ANCHOR,False,False,0.0,True,6,6,True,True,0.6166666666666669,0.6166666666666669,0.6166666666666669,0.6333333333333336,1.35,1.35,20.142523653043746,18.730045770259014,0.0,0.0,3.400055590980917,680,3.157679572555201,0.7849779086892489,27.457261803106732,81.75994597867691,3.2891984147054654,0,7.009530890901335,0,0,CORRIDOR
318,5.316666666666653,True,True,PROVISIONAL_FIXED_ANCHOR,False,False,0.0,True,6,6,True,True,0.6166666666666669,0.6166666666666669,0.6166666666666669,0.6333333333333336,1.35,1.35,20.142523653043746,18.730045770259014,0.0,0.0,3.385716694999555,680,3.116377603816971,0.7820324005891016,27.172108191493937,81.75994597867691,3.3012723653653895,0,6.911220625222091,0,0,CORRIDOR
324,5.416666666666653,True,True,PROVISIONAL_FIXED_ANCHOR,False,False,0.0,True,6,6,True,True,0.6166666666666669,0.6166666666666669,0.6166666666666669,0.6333333333333336,1.35,1.35,20.142523653043746,18.730045770259014,0.0,0.0,3.382297024413875,680,3.081588329293831,0.7731958762886598,27.012762630231897,81.75994597867691,3.2916226669385473,0,6.808507243366275,0,0,CORRIDOR
330,5.516666666666652,True,True,PROVISIONAL_FIXED_ANCHOR,False,False,0.0,True,6,6,True,True,0.6166666666666669,0.6166666666666669,0.6166666666666669,0.6333333333333336,1.35,1.35,20.142523653043746,18.730045770259014,0.0,0.0,3.3960973271631607,680,3.0510749245071938,0.7643593519882179,26.751004501116146,81.75994597867691,3.2918467125375366,0,6.690106816460432,0,0,CORRIDOR
336,5.616666666666652,True,True,PROVISIONAL_FIXED_ANCHOR,False,False,0.0,True,6,6,True,True,0.6166666666666669,0.6166666666666669,0.6166666666666669,0.6333333333333336,1.35,1.35,20.142523653043746,18.730045770259014,0.0,0.0,3.4335304137173344,680,3.023764549631734,0.7540500736377025,26.57803822864045,81.75994597867691,3.2885841103920743,0,6.537528300897371,0,0,CORRIDOR
342,5.716666666666652,True,True,PROVISIONAL_FIXED_ANCHOR,False,False,0.0,True,6,6,True,True,0.6166666666666669,0.6166666666666669,0.6166666666666669,0.6333333333333336,1.35,1.35,20.142523653043746,18.730045770259014,0.0,0.0,3.494705087714705,680,2.997294044638366,0.7496318114874816,26.385698632722168,81.75994597867691,3.290589995533731,0,6.460593065604244,0,0,CORRIDOR
348,5.816666666666651,True,True,PROVISIONAL_FIXED_ANCHOR,False,False,0.0,True,6,6,True,True,0.6166666666666669,0.6166666666666669,0.6166666666666669,0.6333333333333336,1.35,1.35,20.142523653043746,18.730045770259014,0.0,0.0,3.536255494969784,680,2.9713386975337,0.7511045655375552,26.099138832002268,81.75994597867691,3.287101571717778,0,6.689541871590837,0,0,CORRIDOR
354,5.916666666666651,True,True,PROVISIONAL_FIXED_ANCHOR,False,False,0.0,True,6,6,True,True,0.6166666666666669,0.6166666666666669,0.6166666666666669,0.6333333333333336,1.35,1.35,20.142523653043746,18.730045770259014,0.0,0.0,3.5420694412476954,680,2.9453704773663394,0.7511045655375552,25.89963783443893,81.75994597867691,3.285117559576019,0,6.626056470684298,0,0,CORRIDOR
360,6.016666666666651,True,True,PROVISIONAL_FIXED_ANCHOR,False,False,0.0,True,6,6,True,True,0.6166666666666669,0.6166666666666669,0.6166666666666669,0.6333333333333336,1.35,1.35,20.142523653043746,18.730045770259014,0.0,0.0,3.559022025838327,680,2.9226333533605464,0.7496318114874816,25.758646161292585,81.75994597867691,3.2850013928126467,0,6.447641046913083,0,0,CORRIDOR
366,6.11666666666665,True,True,PROVISIONAL_FIXED_ANCHOR,False,False,0.0,True,6,6,True,True,0.6166666666666669,0.6166666666666669,0.6166666666666669,0.6333333333333336,1.35,1.35,20.142523653043746,18.730045770259014,0.0,0.0,3.564088310890422,680,2.8965911518654885,0.7496318114874816,25.62572968525872,81.75994597867691,3.2828004318677806,0,6.272712888318409,0,0,CORRIDOR
372,6.21666666666665,True,True,PROVISIONAL_FIXED_ANCHOR,False,False,0.0,True,6,6,True,True,0.6166666666666669,0.6166666666666669,0.6166666666666669,0.6333333333333336,1.35,1.35,20.142523653043746,18.730045770259014,0.0,0.0,3.573654888735843,680,2.871597818148171,0.7511045655375552,25.310415637909678,81.75994597867691,3.285790607858145,0,5.933066964380898,0,0,CORRIDOR
378,6.3166666666666496,True,True,PROVISIONAL_FIXED_ANCHOR,False,False,0.0,True,6,6,True,True,0.6166666666666669,0.6166666666666669,0.6166666666666669,0.6333333333333336,1.35,1.35,20.142523653043746,18.730045770259014,0.0,0.0,3.586201677124693,680,2.843090374626924,0.7466863033873343,25.277025226392247,81.75994597867691,3.2839010572368084,0,5.779504300633278,0,0,CORRIDOR
384,6.416666666666649,True,True,PROVISIONAL_FIXED_ANCHOR,False,False,0.0,True,6,6,True,True,0.6166666666666669,0.6166666666666669,0.6166666666666669,0.6333333333333336,1.35,1.35,20.142523653043746,18.730045770259014,0.0,0.0,3.59623212610761,680,2.8194624077335813,0.7452135493372607,25.08647159867661,81.75994597867691,3.2901420728164914,0,5.728029227459088,0,0,CORRIDOR
390,6.516666666666649,True,True,PROVISIONAL_FIXED_ANCHOR,False,False,0.0,True,6,6,True,True,0.6166666666666669,0.6166666666666669,0.6166666666666669,0.6333333333333336,1.35,1.35,20.142523653043746,18.730045770259014,0.0,0.0,3.609388134398299,680,2.7982621712138904,0.7422680412371134,24.88035895225037,81.75994597867691,3.2908026365693566,0,5.649302214198684,0,0,CORRIDOR
396,6.6166666666666485,True,True,PROVISIONAL_FIXED_ANCHOR,False,False,0.0,True,6,6,True,True,0.6166666666666669,0.6166666666666669,0.6166666666666669,0.6333333333333336,1.35,1.35,20.142523653043746,18.730045770259014,0.0,0.0,3.5976225896027993,680,2.776892250372995,0.7422680412371134,24.674522752753653,81.75994597867691,3.3000108585423105,0,5.631500184964541,0,0,CORRIDOR
402,6.716666666666648,True,True,PROVISIONAL_FIXED_ANCHOR,False,False,0.0,True,6,6,True,True,0.6166666666666669,0.6166666666666669,0.6166666666666669,0.6333333333333336,1.35,1.35,20.142523653043746,18.730045770259014,0.0,0.0,3.5862000892147576,680,2.7549314636926194,0.7363770250368189,24.569281341852044,81.75994597867691,3.3049481362862907,0,5.530041356574139,0,0,CORRIDOR
408,6.816666666666648,True,True,PROVISIONAL_FIXED_ANCHOR,False,False,0.0,True,6,6,True,True,0.6166666666666669,0.6166666666666669,0.6166666666666669,0.6333333333333336,1.35,1.35,20.142523653043746,18.730045770259014,0.0,0.0,3.598445495498945,680,2.733795912273113,0.7363770250368189,24.394250848360823,81.75994597867691,3.318481335136087,0,5.43714026573066,0,0,CORRIDOR
414,6.916666666666647,True,True,PROVISIONAL_FIXED_ANCHOR,False,False,0.0,True,6,6,True,True,0.6166666666666669,0.6166666666666669,0.6166666666666669,0.6333333333333336,1.35,1.35,20.142523653043746,18.730045770259014,0.0,0.0,3.611952779574646,680,2.7135166245460307,0.7378497790868925,24.348697786029472,81.75994597867691,3.327489019451769,0,5.350453059692927,0,0,CORRIDOR
420,7.016666666666647,True,True,PROVISIONAL_FIXED_ANCHOR,False,False,0.0,True,6,6,True,True,0.6166666666666669,0.6166666666666669,0.6166666666666669,0.6333333333333336,1.35,1.35,20.142523653043746,18.730045770259014,0.0,0.0,3.632865724904662,680,2.6939621338950746,0.7334315169366715,24.167585060926275,81.75994597867691,3.346907257063985,0,5.295064266856888,0,0,CORRIDOR
426,7.116666666666647,True,True,PROVISIONAL_FIXED_ANCHOR,False,False,0.0,True,6,6,True,True,0.6166666666666669,0.6166666666666669,0.6166666666666669,0.6333333333333336,1.35,1.35,20.142523653043746,18.730045770259014,0.0,0.0,3.6630327044454742,680,2.675056393042578,0.7334315169366715,24.12059376040496,81.75994597867691,3.359894494846729,0,5.219757555863055,0,0,CORRIDOR
432,7.216666666666646,True,True,PROVISIONAL_FIXED_ANCHOR,False,False,0.0,True,6,6,True,True,0.6166666666666669,0.6166666666666669,0.6166666666666669,0.6333333333333336,1.35,1.35,20.142523653043746,18.730045770259014,0.0,0.0,3.7037304555225354,680,2.656710980157943,0.7363770250368189,23.94827212670138,81.75994597867691,3.384928185459433,0,5.197254919254498,0,0,CORRIDOR
438,7.316666666666646,True,True,PROVISIONAL_FIXED_ANCHOR,False,False,0.0,True,6,6,True,True,0.6166666666666669,0.6166666666666669,0.6166666666666669,0.6333333333333336,1.35,1.35,20.142523653043746,18.730045770259014,0.0,0.0,3.753755475672517,680,2.6385952067121123,0.7363770250368189,23.91006777997151,81.75994597867691,3.4060853004067093,0,5.130449080538001,0,0,CORRIDOR
444,7.416666666666646,True,True,PROVISIONAL_FIXED_ANCHOR,False,False,0.0,True,6,6,True,True,0.6166666666666669,0.6166666666666669,0.6166666666666669,0.6333333333333336,1.35,1.35,20.142523653043746,18.730045770259014,0.0,0.0,3.810968908371789,680,2.621601497644526,0.7363770250368189,23.744732347723623,81.75998709824921,3.432380739935044,0,5.04182515351495,0,0,CORRIDOR
450,7.516666666666645,True,True,PROVISIONAL_FIXED_ANCHOR,False,False,0.0,True,6,6,True,True,0.6166666666666669,0.6166666666666669,0.6166666666666669,0.6333333333333336,1.35,1.35,20.142523653043746,18.730045770259014,0.0,0.0,3.874772868448534,680,2.604709318910316,0.7407952871870398,23.647088159458995,81.75998709824921,3.454881332457986,0,5.097342818015332,0,0,CORRIDOR
456,7.616666666666645,True,True,PROVISIONAL_FIXED_ANCHOR,False,False,0.0,True,6,6,True,True,0.6166666666666669,0.6166666666666669,0.6166666666666669,0.6333333333333336,1.35,1.35,20.142523653043746,18.730045770259014,0.0,0.0,3.9427938736943933,680,2.5885614477348273,0.7466863033873343,23.530925835182842,81.75998709824921,3.482102195262207,0,5.150781860301826,0,0,CORRIDOR
462,7.716666666666645,True,True,PROVISIONAL_FIXED_ANCHOR,False,False,0.0,True,6,6,True,True,0.6166666666666669,0.6166666666666669,0.6166666666666669,0.6333333333333336,1.35,1.35,20.142523653043746,18.730045770259014,0.0,0.0,4.0195556493810445,680,2.5724772089515975,0.7496318114874816,23.506174377305257,81.75998709824921,3.5124157135812997,0,5.219604666619178,0,0,CORRIDOR
468,7.816666666666644,True,True,PROVISIONAL_FIXED_ANCHOR,False,False,0.0,True,6,6,True,True,0.6166666666666669,0.6166666666666669,0.6166666666666669,0.6333333333333336,1.35,1.35,20.142523653043746,18.730045770259014,0.0,0.0,4.10850065520127,680,2.557475017591045,0.7466863033873343,23.44178035420697,81.75998709824921,3.542947574256846,0,5.429649371455531,0,0,CORRIDOR
474,7.916666666666644,True,True,PROVISIONAL_FIXED_ANCHOR,False,False,0.0,True,6,6,True,True,0.6166666666666669,0.6166666666666669,0.6166666666666669,0.6333333333333336,1.35,1.35,20.142523653043746,18.730045770259014,0.0,0.0,4.202123914194962,680,2.5425195944344763,0.7540500736377025,23.32607354391843,81.75998709824921,3.575264048154565,0,5.618908212981288,0,0,CORRIDOR
480,8.016666666666644,True,True,PROVISIONAL_FIXED_ANCHOR,False,False,0.0,True,6,6,True,True,0.6166666666666669,0.6166666666666669,0.6166666666666669,0.6333333333333336,1.35,1.35,20.142523653043746,18.730045770259014,0.0,0.0,4.309702473952825,680,2.527521534673123,0.7525773195876289,23.30071511569729,81.75998709824921,3.6079021465091725,0,5.881970395541421,0,0,CORRIDOR
486,8.11666666666665,True,True,PROVISIONAL_FIXED_ANCHOR,False,False,0.0,True,6,6,True,True,0.6166666666666669,0.6166666666666669,0.6166666666666669,0.6333333333333336,1.35,1.35,20.142523653043746,18.730045770259014,0.0,0.0,4.42515613243456,680,2.5139510004905734,0.7555228276877761,23.19053953285138,81.75998709824921,3.641829856947977,0,6.129344670603752,0,0,CORRIDOR
492,8.216666666666654,True,True,PROVISIONAL_FIXED_ANCHOR,False,False,0.0,True,6,6,True,True,0.6166666666666669,0.6166666666666669,0.6166666666666669,0.6333333333333336,1.35,1.35,20.142523653043746,18.730045770259014,0.0,0.0,4.5439572602285585,680,2.500411699513351,0.7584683357879234,23.053367717486474,81.75998709824921,3.677811691193766,0,6.222149915864737,0,0,CORRIDOR
498,8.31666666666666,True,True,PROVISIONAL_FIXED_ANCHOR,False,False,0.0,True,6,6,True,True,0.6166666666666669,0.6166666666666669,0.6166666666666669,0.6333333333333336,1.35,1.35,20.142523653043746,18.730045770259014,0.0,0.0,5.013738677559775,680,2.486865019340237,0.759941089837997,22.964115257769798,81.75998709824921,3.7154483656538764,0,5.76400491283457,0,0,CORRIDOR
504,8.416666666666664,True,True,PROVISIONAL_FIXED_ANCHOR,False,False,0.0,True,6,6,True,True,0.6166666666666669,0.6166666666666669,0.6166666666666669,0.6333333333333336,1.35,1.35,20.142523653043746,18.730045770259014,0.0,0.0,5.014663407061911,680,2.473721016695011,0.759941089837997,22.73982339458392,81.75998709824921,3.7547252721304143,0,5.76035753337477,0,0,CORRIDOR
510,8.51666666666667,True,True,PROVISIONAL_FIXED_ANCHOR,False,False,0.0,True,6,6,True,True,0.6166666666666669,0.6166666666666669,0.6166666666666669,0.6333333333333336,1.35,1.35,20.142523653043746,18.730045770259014,0.0,0.0,5.030627127309181,680,2.454067703631974,0.7628865979381443,22.512372810045647,81.75998709824921,3.7957904637200617,0,5.474675209679518,0,0,CORRIDOR
516,8.616666666666674,True,True,PROVISIONAL_FIXED_ANCHOR,False,False,0.0,True,6,6,True,True,0.6166666666666669,0.6166666666666669,0.6166666666666669,0.6333333333333336,1.35,1.35,20.142523653043746,18.730045770259014,0.0,0.0,5.061577659483236,680,2.4375125222118736,0.7673048600883653,22.428924830077925,81.75998709824921,3.8378197853543443,0,4.761846802481465,0,0,CORRIDOR
522,8.71666666666668,True,True,PROVISIONAL_FIXED_ANCHOR,False,False,0.0,True,6,6,True,True,0.6166666666666669,0.6166666666666669,0.6166666666666669,0.6333333333333336,1.35,1.35,20.142523653043746,18.730045770259014,0.0,0.0,5.1108867718356175,680,2.4200559288203864,0.7717231222385862,22.191387290837508,81.75998709824921,3.87749581853241,0,4.759504432813436,0,0,CORRIDOR
528,8.816666666666684,True,True,PROVISIONAL_FIXED_ANCHOR,False,False,0.0,True,6,6,True,True,0.6166666666666669,0.6166666666666669,0.6166666666666669,0.6333333333333336,1.35,1.35,20.142523653043746,18.730045770259014,0.0,0.0,5.038499824458347,680,2.401329497291143,0.7687776141384389,22.007204204334265,81.75998709824921,3.9057437871448712,0,4.78321672927853,0,0,CORRIDOR
534,8.91666666666669,True,True,PROVISIONAL_FIXED_ANCHOR,False,False,0.0,True,6,6,True,True,0.6166666666666669,0.6166666666666669,0.6166666666666669,0.6333333333333336,1.35,1.35,20.142523653043746,18.730045770259014,0.0,0.0,4.904292220678418,680,2.38432860728958,0.7658321060382917,21.912505951774165,81.75998709824921,3.9279598382671357,0,4.665227993573293,0,0,CORRIDOR
540,9.016666666666694,True,True,PROVISIONAL_FIXED_ANCHOR,False,False,0.0,True,6,6,True,True,0.6166666666666669,0.6166666666666669,0.6166666666666669,0.6333333333333336,1.35,1.35,20.142523653043746,18.730045770259014,0.0,0.0,4.7835989258789,680,2.367537000052032,0.7643593519882179,21.741911826510997,81.75998709824921,3.9571560003595816,0,4.535628850215972,0,0,CORRIDOR
546,9.1166666666667,True,True,PROVISIONAL_FIXED_ANCHOR,False,False,0.0,True,6,6,True,True,0.6166666666666669,0.6166666666666669,0.6166666666666669,0.6333333333333336,1.35,1.35,20.142523653043746,18.730045770259014,0.0,0.0,4.676242577264349,680,2.35037138658352,0.7614138438880707,21.57493527625399,81.75998709824921,3.986520878064249,0,4.366508381104107,0,0,CORRIDOR
552,9.216666666666704,True,True,PROVISIONAL_FIXED_ANCHOR,False,False,0.0,True,6,6,True,True,0.6166666666666669,0.6166666666666669,0.6166666666666669,0.6333333333333336,1.35,1.35,20.142523653043746,18.730045770259014,0.0,0.0,4.583140124086913,680,2.3323154704751796,0.7614138438880707,21.476450310312167,81.75998709824921,4.017249228613903,0,4.3843756030313275,0,0,CORRIDOR
558,9.316666666666709,True,True,PROVISIONAL_FIXED_ANCHOR,False,False,0.0,True,6,6,True,True,0.6166666666666669,0.6166666666666669,0.6166666666666669,0.6333333333333336,1.35,1.35,20.142523653043746,18.730045770259014,0.0,0.0,4.504592666127877,680,2.314198442039282,0.7584683357879234,21.409601314103313,81.75998709824921,4.049550203467264,0,4.420926036709395,0,0,CORRIDOR
564,9.416666666666714,True,True,PROVISIONAL_FIXED_ANCHOR,False,False,0.0,True,6,6,True,True,0.6166666666666669,0.6166666666666669,0.6166666666666669,0.6333333333333336,1.35,1.35,20.142523653043746,18.730045770259014,0.0,0.0,4.450701186334813,680,2.297092347853756,0.7614138438880707,21.329975822488123,81.75998709824921,4.0830530779379925,0,4.484459570650933,0,0,CORRIDOR
570,9.516666666666719,True,True,PROVISIONAL_FIXED_ANCHOR,False,False,0.0,True,6,6,True,True,0.6166666666666669,0.6166666666666669,0.6166666666666669,0.6333333333333336,1.35,1.35,20.142523653043746,18.730045770259014,0.0,0.0,4.412459786302374,680,2.2806733729543636,0.7569955817378498,21.260752650166683,81.75998709824921,4.110273510219661,0,4.55608449840563,0,0,CORRIDOR
576,9.616666666666724,True,True,PROVISIONAL_FIXED_ANCHOR,False,False,0.0,True,6,6,True,True,0.6166666666666669,0.6166666666666669,0.6166666666666669,0.6333333333333336,1.35,1.35,20.142523653043746,18.730045770259014,0.0,0.0,4.392367350110807,680,2.2645605078063724,0.748159057437408,21.230738200588547,81.75998709824921,4.134763639448398,0,4.464216440947698,0,0,CORRIDOR
582,9.716666666666729,True,True,PROVISIONAL_FIXED_ANCHOR,False,False,0.0,True,6,6,True,True,0.6166666666666669,0.6166666666666669,0.6166666666666669,0.6333333333333336,1.35,1.35,20.142523653043746,18.730045770259014,0.0,0.0,4.393971750918362,680,2.2495094623433562,0.7437407952871871,21.242335682810825,81.75998709824921,4.157518577977676,0,4.421381138371712,0,0,CORRIDOR
588,9.816666666666734,True,True,PROVISIONAL_FIXED_ANCHOR,False,False,0.0,True,6,6,True,True,0.6166666666666669,0.6166666666666669,0.6166666666666669,0.6333333333333336,1.35,1.35,20.142523653043746,18.730045770259014,0.0,0.0,4.421071300386435,680,2.234997082093375,0.7393225331369662,21.181298503152078,81.75998709824921,4.177944949380726,0,4.5711873104891225,0,0,CORRIDOR
594,9.916666666666739,True,True,PROVISIONAL_FIXED_ANCHOR,False,False,0.0,True,6,6,True,True,0.6166666666666669,0.6166666666666669,0.6166666666666669,0.6333333333333336,1.35,1.35,20.142523653043746,18.730045770259014,0.0,0.0,4.470613398616219,680,2.2213069932057854,0.7349042709867453,21.151770968926,81.75998709824921,4.201039650850205,0,4.698621792433955,0,0,CORRIDOR
