frame,timestamp,shadow_lidar_geometry_change,lidar_side_wall_loss,lidar_free_span_growth,lidar_range_profile_change,lidar_left_support_baseline,lidar_left_support_current,lidar_left_support_delta,lidar_left_support_changed,lidar_right_support_baseline,lidar_right_support_current,lidar_right_support_delta,lidar_right_support_changed,lidar_free_span_baseline,lidar_free_span_current,lidar_free_span_delta,lidar_free_span_changed,lidar_forward_baseline,lidar_forward_current,lidar_forward_delta,lidar_profile_change_score,lidar_profile_change_threshold,lidar_profile_changed,lidar_range_delta_diagnostic_threshold,wall_loss_sectors,free_space_increase_sectors,largest_range_increase_sector
0,0.016666666666666666,False,0.16312056737588654,0.0,0.0,0.8439716312056738,0.8439716312056738,0.0,False,0.8368794326241135,0.8368794326241135,0.0,False,33.0,33.0,0.0,False,150.0,150.0,0.0,0.08156028368794327,0.012338797689551723,False,1.8508196534327586,[],[],[]
6,0.11666666666666665,False,0.17021276595744683,0.0,1.600720888998902,0.851063829787234,0.8368794326241135,-0.014184397163120588,True,0.8439716312056738,0.8297872340425532,-0.014184397163120588,True,33.0,33.0,0.0,False,150.0,150.0,0.0,0.13122226111935806,0.012338797689551723,False,1.8508196534327586,"[(-74,-73),(71,72)]",[],"[(-74,-73)]"
12,0.21666666666666665,True,0.2056737588652482,0.0,6.117672669371158,0.8368794326241135,0.8014184397163121,-0.03546099290780136,True,0.8297872340425532,0.7943262411347518,-0.03546099290780136,True,33.0,33.0,0.0,False,150.0,150.0,0.0,0.18884025222354034,0.012338797689551723,True,1.8508196534327586,"[(-82,-75),(73,80)]","[(-18,-18)]","[(-82,-75)]"
18,0.31666666666666665,True,0.24113475177304966,0.002777777777777778,8.334540076681911,0.8368794326241135,0.7588652482269503,-0.07801418439716312,True,0.8297872340425532,0.7588652482269503,-0.07092198581560283,True,33.0,34.0,1.0,True,150.0,150.0,0.0,0.24415819114279025,0.012338797689551723,True,1.8508196534327586,"[(-91,-75),(73,90)]","[(-163,-163),(-93,-92),(91,93)]","[(73,93)]"
24,0.41666666666666663,True,0.23404255319148937,0.0,6.576833943819704,0.8368794326241135,0.7659574468085106,-0.07092198581560283,True,0.8297872340425532,0.7659574468085106,-0.06382978723404253,True,33.0,33.0,0.0,False,150.0,150.0,0.0,0.26102315197987214,0.012338797689551723,True,1.8508196534327586,"[(-95,-75),(73,93)]","[(-105,-96),(-24,-18),(94,104),(157,163)]","[(73,104)]"
30,0.5166666666666666,True,0.23404255319148937,0.0,5.892726496720442,0.8368794326241135,0.7659574468085106,-0.07092198581560283,True,0.8297872340425532,0.7659574468085106,-0.06382978723404253,True,33.0,33.0,0.0,False,150.0,150.0,0.0,0.2671752742414156,0.012338797689551723,True,1.8508196534327586,"[(-98,-75),(73,96)]","[(-115,-99),(-24,-18),(97,114),(157,163)]","[(73,114)]"
36,0.6166666666666669,True,0.23404255319148937,0.0,6.383220180383132,0.8368794326241135,0.7730496453900709,-0.06382978723404253,True,0.8297872340425532,0.7659574468085106,-0.06382978723404253,True,33.0,33.0,0.0,False,150.0,150.0,0.0,0.2718863143177296,0.012338797689551723,True,1.8508196534327586,"[(-101,-75),(73,100)]","[(-163,-159),(-122,-102),(101,124)]","[(73,124)]"
42,0.7166666666666672,True,0.23404255319148937,0.0,5.817657700372664,0.8368794326241135,0.7659574468085106,-0.07092198581560283,True,0.8297872340425532,0.7659574468085106,-0.06382978723404253,True,33.0,33.0,0.0,False,150.0,150.0,0.0,0.272356626089185,0.012338797689551723,True,1.8508196534327586,"[(-163,-163),(-104,-75),(73,104)]","[(-162,-152),(-129,-105),(105,131)]","[(73,131)]"
48,0.8166666666666675,True,0.23404255319148937,0.0,5.623909058327389,0.8368794326241135,0.7659574468085106,-0.07092198581560283,True,0.8297872340425532,0.7730496453900709,-0.05673758865248224,True,33.0,33.0,0.0,False,150.0,150.0,0.0,0.2719459531680951,0.012338797689551723,True,1.8508196534327586,"[(-107,-76),(75,107)]","[(-135,-108),(-75,-75),(73,74),(108,136)]","[(73,136)]"
54,0.9166666666666679,True,0.23404255319148937,0.0,4.8293827112653025,0.8368794326241135,0.7659574468085106,-0.07092198581560283,True,0.8297872340425532,0.7730496453900709,-0.05673758865248224,True,33.0,33.0,0.0,False,150.0,150.0,0.0,0.2690921955506766,0.012338797689551723,True,1.8508196534327586,"[(-110,-79),(77,109)]","[(-139,-111),(-78,-75),(-24,-18),(73,76),(110,140),(163,163)]","[(73,140)]"
60,1.016666666666668,True,0.23404255319148937,0.0,3.8875220538098763,0.8368794326241135,0.7659574468085106,-0.07092198581560283,True,0.8297872340425532,0.7659574468085106,-0.06382978723404253,True,33.0,33.0,0.0,False,150.0,150.0,0.0,0.2645257812171159,0.012338797689551723,True,1.8508196534327586,"[(-113,-81),(79,111)]","[(-142,-114),(-80,-75),(-24,-18),(73,78),(112,143)]","[(73,143)]"
66,1.1166666666666676,True,0.23404255319148937,0.0,3.86708985754192,0.8368794326241135,0.7659574468085106,-0.07092198581560283,True,0.8297872340425532,0.7659574468085106,-0.06382978723404253,True,33.0,33.0,0.0,False,150.0,150.0,0.0,0.26217446672944233,0.012338797689551723,True,1.8508196534327586,"[(-115,-83),(82,114)]","[(-145,-116),(-82,-75),(-24,-18),(73,81),(115,145)]","[(73,145)]"
72,1.2166666666666672,True,0.23404255319148937,0.0,3.8754566262133063,0.8368794326241135,0.7659574468085106,-0.07092198581560283,True,0.8297872340425532,0.7659574468085106,-0.06382978723404253,True,33.0,33.0,0.0,False,150.0,150.0,0.0,0.26102669871451023,0.012338797689551723,True,1.8508196534327586,"[(-117,-85),(84,116)]","[(-147,-118),(-84,-75),(-24,-18),(73,83),(117,148)]","[(73,148)]"
78,1.3166666666666669,True,0.24113475177304966,0.002777777777777778,3.7485015153156773,0.8368794326241135,0.7588652482269503,-0.07801418439716312,True,0.8297872340425532,0.7659574468085106,-0.06382978723404253,True,33.0,34.0,1.0,True,150.0,150.0,0.0,0.26496461918372105,0.012338797689551723,True,1.8508196534327586,"[(-119,-87),(86,119)]","[(-163,-157),(-149,-120),(-86,-78),(-23,-18),(77,85),(120,150)]","[(77,150)]"
84,1.4166666666666665,True,0.24113475177304966,0.002777777777777778,3.426614610293224,0.8368794326241135,0.7588652482269503,-0.07801418439716312,True,0.8297872340425532,0.7659574468085106,-0.06382978723404253,True,33.0,34.0,1.0,True,150.0,150.0,0.0,0.26586062306825164,0.012338797689551723,True,1.8508196534327586,"[(-121,-89),(88,121)]","[(-163,-122),(-88,-84),(83,87),(122,151)]","[(-163,-84)]"
90,1.5166666666666662,True,0.24113475177304966,0.002777777777777778,2.9017993113949,0.8368794326241135,0.7588652482269503,-0.07801418439716312,True,0.8297872340425532,0.7588652482269503,-0.07092198581560283,True,33.0,34.0,1.0,True,150.0,150.0,0.0,0.2645592406808559,0.012338797689551723,True,1.8508196534327586,"[(-163,-163),(-123,-90),(90,123)]","[(-162,-124),(124,153)]","[(-163,-90)]"
96,1.6166666666666658,True,0.21985815602836878,0.0,4.443288080507529,0.8368794326241135,0.7872340425531915,-0.049645390070921946,True,0.8297872340425532,0.7801418439716312,-0.049645390070921946,True,33.0,33.0,0.0,False,150.0,147.8266304987868,-2.1733695012131875,0.25701965862297077,0.012338797689551723,True,1.8508196534327586,"[(-163,-163),(-125,-95),(96,125)]","[(-162,-126),(126,154)]","[(-163,-95)]"
102,1.7166666666666655,True,0.1985815602836879,0.0,4.1195524181231145,0.8368794326241135,0.8085106382978723,-0.028368794326241176,True,0.8297872340425532,0.8014184397163121,-0.028368794326241065,True,33.0,33.0,0.0,False,150.0,143.96743672442796,-6.032563275572045,0.24153245084707303,0.012338797689551723,True,1.8508196534327586,"[(-163,-163),(-127,-100),(101,127)]","[(-162,-128),(128,155)]","[(-163,-100)]"
108,1.816666666666665,True,0.17730496453900713,0.0,4.130953772821392,0.8368794326241135,0.8297872340425532,-0.007092198581560294,True,0.8297872340425532,0.8226950354609929,-0.007092198581560294,True,33.0,33.0,0.0,False,150.0,139.98839653444097,-10.011603465559034,0.22318855360244472,0.012338797689551723,True,1.8508196534327586,"[(-163,-163),(-129,-105),(106,129)]","[(-162,-130),(130,156)]","[(-163,-105)]"
114,1.9166666666666647,True,0.15602836879432624,0.0,4.474572395362932,0.8368794326241135,0.8581560283687943,0.021276595744680882,False,0.8297872340425532,0.8439716312056738,0.014184397163120588,False,33.0,33.0,0.0,False,150.0,135.62913775070382,-14.37086224929618,0.20452370251626192,0.012338797689551723,True,1.8508196534327586,"[(-163,-163),(-131,-110),(112,131)]","[(-162,-132),(132,157)]","[(-163,-110)]"
120,2.0166666666666644,True,0.14184397163120566,0.0,4.490939022520497,0.8368794326241135,0.8794326241134752,0.042553191489361764,False,0.8297872340425532,0.8581560283687943,0.028368794326241176,False,33.0,33.0,0.0,False,150.0,130.85774968160464,-19.142250318395355,0.1881536338154688,0.012338797689551723,True,1.8508196534327586,"[(-163,-163),(-134,-115),(118,134)]","[(-162,-135),(135,158)]","[(-163,-115)]"
126,2.116666666666664,True,0.12056737588652477,0.0,4.13429080974739,0.8368794326241135,0.900709219858156,0.06382978723404253,False,0.8297872340425532,0.8794326241134752,0.04964539007092206,False,33.0,33.0,0.0,False,150.0,125.83295699741264,-24.167043002587363,0.1681414742168214,0.012338797689551723,True,1.8508196534327586,"[(-163,-163),(-136,-120),(123,136)]","[(-162,-137),(137,159)]","[(-163,-120)]"
132,2.2166666666666637,True,0.1063829787234043,0.0,3.995896389225252,0.8368794326241135,0.9148936170212766,0.07801418439716312,False,0.8297872340425532,0.8936170212765957,0.06382978723404253,False,33.0,33.0,0.0,False,150.0,120.80991336149552,-29.190086638504482,0.15058188110086368,0.012338797689551723,True,1.8508196534327586,"[(-163,-163),(-139,-125),(128,139)]","[(-162,-140),(140,159)]","[(-163,-125)]"
138,2.3166666666666633,True,0.099290780141844,0.0,3.251673666839779,0.8368794326241135,0.9219858156028369,0.08510638297872342,False,0.8297872340425532,0.900709219858156,0.07092198581560283,False,33.0,33.0,0.0,False,150.0,116.05609923403527,-33.94390076596473,0.1357752428441531,0.012338797689551723,True,1.8508196534327586,"[(-163,-163),(-142,-129),(132,142)]","[(-162,-143),(143,160)]","[(-163,-129)]"
144,2.416666666666663,True,0.099290780141844,0.0,0.8360300208813982,0.8368794326241135,0.9219858156028369,0.08510638297872342,False,0.8297872340425532,0.900709219858156,0.07092198581560283,False,33.0,33.0,0.0,False,150.0,114.68359827724517,-35.31640172275483,0.12031977822926987,0.012338797689551723,True,1.8508196534327586,"[(-163,-163),(-143,-130),(133,143)]","[(-162,-144),(144,160)]","[(-163,-130)]"
150,2.5166666666666626,True,0.099290780141844,0.0,0.0,0.8368794326241135,0.9219858156028369,0.08510638297872342,False,0.8297872340425532,0.900709219858156,0.07092198581560283,False,33.0,33.0,0.0,False,150.0,114.68359827724517,-35.31640172275483,0.10980527918555694,0.012338797689551723,True,1.8508196534327586,"[(-163,-163),(-143,-130),(133,143)]","[(-162,-144),(144,160)]","[(-163,-130)]"
156,2.6166666666666623,True,0.099290780141844,0.0,0.0,0.8368794326241135,0.9219858156028369,0.08510638297872342,False,0.8297872340425532,0.900709219858156,0.07092198581560283,False,33.0,33.0,0.0,False,150.0,114.68359827724517,-35.31640172275483,0.10454802966370047,0.012338797689551723,True,1.8508196534327586,"[(-163,-163),(-143,-130),(133,143)]","[(-162,-144),(144,160)]","[(-163,-130)]"
162,2.716666666666662,True,0.099290780141844,0.0,0.0,0.8368794326241135,0.9219858156028369,0.08510638297872342,False,0.8297872340425532,0.900709219858156,0.07092198581560283,False,33.0,33.0,0.0,False,150.0,114.68359827724517,-35.31640172275483,0.10191940490277224,0.012338797689551723,True,1.8508196534327586,"[(-163,-163),(-143,-130),(133,143)]","[(-162,-144),(144,160)]","[(-163,-130)]"
168,2.8166666666666615,True,0.099290780141844,0.0,0.0,0.8368794326241135,0.9219858156028369,0.08510638297872342,False,0.8297872340425532,0.900709219858156,0.07092198581560283,False,33.0,33.0,0.0,False,150.0,114.68359827724517,-35.31640172275483,0.10060509252230812,0.012338797689551723,True,1.8508196534327586,"[(-163,-163),(-143,-130),(133,143)]","[(-162,-144),(144,160)]","[(-163,-130)]"
174,2.916666666666661,True,0.099290780141844,0.0,0.0,0.8368794326241135,0.9219858156028369,0.08510638297872342,False,0.8297872340425532,0.900709219858156,0.07092198581560283,False,33.0,33.0,0.0,False,150.0,114.68359827724517,-35.31640172275483,0.09994793633207606,0.012338797689551723,True,1.8508196534327586,"[(-163,-163),(-143,-130),(133,143)]","[(-162,-144),(144,160)]","[(-163,-130)]"
180,3.016666666666661,True,0.099290780141844,0.0,0.0,0.8368794326241135,0.9219858156028369,0.08510638297872342,False,0.8297872340425532,0.900709219858156,0.07092198581560283,False,33.0,33.0,0.0,False,150.0,114.68359827724517,-35.31640172275483,0.09961935823696003,0.012338797689551723,True,1.8508196534327586,"[(-163,-163),(-143,-130),(133,143)]","[(-162,-144),(144,160)]","[(-163,-130)]"
186,3.1166666666666605,True,0.099290780141844,0.0,0.0,0.8368794326241135,0.9219858156028369,0.08510638297872342,False,0.8297872340425532,0.900709219858156,0.07092198581560283,False,33.0,33.0,0.0,False,150.0,114.68359827724517,-35.31640172275483,0.09945506918940202,0.012338797689551723,True,1.8508196534327586,"[(-163,-163),(-143,-130),(133,143)]","[(-162,-144),(144,160)]","[(-163,-130)]"
192,3.21666666666666,True,0.099290780141844,0.0,0.0,0.8368794326241135,0.9219858156028369,0.08510638297872342,False,0.8297872340425532,0.900709219858156,0.07092198581560283,False,33.0,33.0,0.0,False,150.0,114.68359827724517,-35.31640172275483,0.099372924665623,0.012338797689551723,True,1.8508196534327586,"[(-163,-163),(-143,-130),(133,143)]","[(-162,-144),(144,160)]","[(-163,-130)]"
198,3.3166666666666598,True,0.099290780141844,0.0,0.0,0.8368794326241135,0.9219858156028369,0.08510638297872342,False,0.8297872340425532,0.900709219858156,0.07092198581560283,False,33.0,33.0,0.0,False,150.0,114.68359827724517,-35.31640172275483,0.0993318524037335,0.012338797689551723,True,1.8508196534327586,"[(-163,-163),(-143,-130),(133,143)]","[(-162,-144),(144,160)]","[(-163,-130)]"
204,3.4166666666666594,True,0.099290780141844,0.0,0.0,0.8368794326241135,0.9219858156028369,0.08510638297872342,False,0.8297872340425532,0.900709219858156,0.07092198581560283,False,33.0,33.0,0.0,False,150.0,114.68359827724517,-35.31640172275483,0.09931131627278875,0.012338797689551723,True,1.8508196534327586,"[(-163,-163),(-143,-130),(133,143)]","[(-162,-144),(144,160)]","[(-163,-130)]"
210,3.516666666666659,True,0.099290780141844,0.0,0.0,0.8368794326241135,0.9219858156028369,0.08510638297872342,False,0.8297872340425532,0.900709219858156,0.07092198581560283,False,33.0,33.0,0.0,False,150.0,114.68359827724517,-35.31640172275483,0.09930104820731638,0.012338797689551723,True,1.8508196534327586,"[(-163,-163),(-143,-130),(133,143)]","[(-162,-144),(144,160)]","[(-163,-130)]"
216,3.6166666666666587,True,0.099290780141844,0.0,0.0,0.8368794326241135,0.9219858156028369,0.08510638297872342,False,0.8297872340425532,0.900709219858156,0.07092198581560283,False,33.0,33.0,0.0,False,150.0,114.68359827724517,-35.31640172275483,0.0992959141745802,0.012338797689551723,True,1.8508196534327586,"[(-163,-163),(-143,-130),(133,143)]","[(-162,-144),(144,160)]","[(-163,-130)]"
222,3.7166666666666583,True,0.099290780141844,0.0,0.0,0.8368794326241135,0.9219858156028369,0.08510638297872342,False,0.8297872340425532,0.900709219858156,0.07092198581560283,False,33.0,33.0,0.0,False,150.0,114.68359827724517,-35.31640172275483,0.0992933471582121,0.012338797689551723,True,1.8508196534327586,"[(-163,-163),(-143,-130),(133,143)]","[(-162,-144),(144,160)]","[(-163,-130)]"
228,3.816666666666658,True,0.099290780141844,0.0,0.0,0.8368794326241135,0.9219858156028369,0.08510638297872342,False,0.8297872340425532,0.900709219858156,0.07092198581560283,False,33.0,33.0,0.0,False,150.0,114.68359827724517,-35.31640172275483,0.09929206365002805,0.012338797689551723,True,1.8508196534327586,"[(-163,-163),(-143,-130),(133,143)]","[(-162,-144),(144,160)]","[(-163,-130)]"
234,3.9166666666666576,True,0.099290780141844,0.0,0.0,0.8368794326241135,0.9219858156028369,0.08510638297872342,False,0.8297872340425532,0.900709219858156,0.07092198581560283,False,33.0,33.0,0.0,False,150.0,114.68359827724517,-35.31640172275483,0.09929142189593602,0.012338797689551723,True,1.8508196534327586,"[(-163,-163),(-143,-130),(133,143)]","[(-162,-144),(144,160)]","[(-163,-130)]"
240,4.016666666666658,True,0.099290780141844,0.0,0.0,0.8368794326241135,0.9219858156028369,0.08510638297872342,False,0.8297872340425532,0.900709219858156,0.07092198581560283,False,33.0,33.0,0.0,False,150.0,114.68359827724517,-35.31640172275483,0.09929110101889002,0.012338797689551723,True,1.8508196534327586,"[(-163,-163),(-143,-130),(133,143)]","[(-162,-144),(144,160)]","[(-163,-130)]"
246,4.116666666666657,True,0.099290780141844,0.0,0.0,0.8368794326241135,0.9219858156028369,0.08510638297872342,False,0.8297872340425532,0.900709219858156,0.07092198581560283,False,33.0,33.0,0.0,False,150.0,114.68359827724517,-35.31640172275483,0.09929094058036701,0.012338797689551723,True,1.8508196534327586,"[(-163,-163),(-143,-130),(133,143)]","[(-162,-144),(144,160)]","[(-163,-130)]"
252,4.216666666666657,True,0.099290780141844,0.0,0.0,0.8368794326241135,0.9219858156028369,0.08510638297872342,False,0.8297872340425532,0.900709219858156,0.07092198581560283,False,33.0,33.0,0.0,False,150.0,114.68359827724517,-35.31640172275483,0.09929086036110552,0.012338797689551723,True,1.8508196534327586,"[(-163,-163),(-143,-130),(133,143)]","[(-162,-144),(144,160)]","[(-163,-130)]"
258,4.316666666666657,True,0.099290780141844,0.0,0.0,0.8368794326241135,0.9219858156028369,0.08510638297872342,False,0.8297872340425532,0.900709219858156,0.07092198581560283,False,33.0,33.0,0.0,False,150.0,114.68359827724517,-35.31640172275483,0.09929082025147476,0.012338797689551723,True,1.8508196534327586,"[(-163,-163),(-143,-130),(133,143)]","[(-162,-144),(144,160)]","[(-163,-130)]"
264,4.416666666666656,True,0.099290780141844,0.0,0.0,0.8368794326241135,0.9219858156028369,0.08510638297872342,False,0.8297872340425532,0.900709219858156,0.07092198581560283,False,33.0,33.0,0.0,False,150.0,114.68359827724517,-35.31640172275483,0.09929080019665938,0.012338797689551723,True,1.8508196534327586,"[(-163,-163),(-143,-130),(133,143)]","[(-162,-144),(144,160)]","[(-163,-130)]"
270,4.516666666666656,True,0.099290780141844,0.0,0.0,0.8368794326241135,0.9219858156028369,0.08510638297872342,False,0.8297872340425532,0.900709219858156,0.07092198581560283,False,33.0,33.0,0.0,False,150.0,114.68359827724517,-35.31640172275483,0.09929079016925169,0.012338797689551723,True,1.8508196534327586,"[(-163,-163),(-143,-130),(133,143)]","[(-162,-144),(144,160)]","[(-163,-130)]"
276,4.616666666666656,True,0.099290780141844,0.0,0.0,0.8368794326241135,0.9219858156028369,0.08510638297872342,False,0.8297872340425532,0.900709219858156,0.07092198581560283,False,33.0,33.0,0.0,False,150.0,114.68359827724517,-35.31640172275483,0.09929078515554784,0.012338797689551723,True,1.8508196534327586,"[(-163,-163),(-143,-130),(133,143)]","[(-162,-144),(144,160)]","[(-163,-130)]"
282,4.716666666666655,True,0.099290780141844,0.0,0.0,0.8368794326241135,0.9219858156028369,0.08510638297872342,False,0.8297872340425532,0.900709219858156,0.07092198581560283,False,33.0,33.0,0.0,False,150.0,114.68359827724517,-35.31640172275483,0.09929078264869592,0.012338797689551723,True,1.8508196534327586,"[(-163,-163),(-143,-130),(133,143)]","[(-162,-144),(144,160)]","[(-163,-130)]"
288,4.816666666666655,True,0.099290780141844,0.0,0.0,0.8368794326241135,0.9219858156028369,0.08510638297872342,False,0.8297872340425532,0.900709219858156,0.07092198581560283,False,33.0,33.0,0.0,False,150.0,114.68359827724517,-35.31640172275483,0.09929078139526996,0.012338797689551723,True,1.8508196534327586,"[(-163,-163),(-143,-130),(133,143)]","[(-162,-144),(144,160)]","[(-163,-130)]"
294,4.9166666666666545,True,0.099290780141844,0.0,0.0,0.8368794326241135,0.9219858156028369,0.08510638297872342,False,0.8297872340425532,0.900709219858156,0.07092198581560283,False,33.0,33.0,0.0,False,150.0,114.68359827724517,-35.31640172275483,0.09929078076855699,0.012338797689551723,True,1.8508196534327586,"[(-163,-163),(-143,-130),(133,143)]","[(-162,-144),(144,160)]","[(-163,-130)]"
300,5.016666666666654,True,0.099290780141844,0.0,0.0,0.8368794326241135,0.9219858156028369,0.08510638297872342,False,0.8297872340425532,0.900709219858156,0.07092198581560283,False,33.0,33.0,0.0,False,150.0,114.68359827724517,-35.31640172275483,0.0992907804552005,0.012338797689551723,True,1.8508196534327586,"[(-163,-163),(-143,-130),(133,143)]","[(-162,-144),(144,160)]","[(-163,-130)]"
306,5.116666666666654,True,0.099290780141844,0.0,0.0,0.8368794326241135,0.9219858156028369,0.08510638297872342,False,0.8297872340425532,0.900709219858156,0.07092198581560283,False,33.0,33.0,0.0,False,150.0,114.68359827724517,-35.31640172275483,0.09929078029852226,0.012338797689551723,True,1.8508196534327586,"[(-163,-163),(-143,-130),(133,143)]","[(-162,-144),(144,160)]","[(-163,-130)]"
312,5.2166666666666535,True,0.099290780141844,0.0,0.0,0.8368794326241135,0.9219858156028369,0.08510638297872342,False,0.8297872340425532,0.900709219858156,0.07092198581560283,False,33.0,33.0,0.0,False,150.0,114.68359827724517,-35.31640172275483,0.09929078022018313,0.012338797689551723,True,1.8508196534327586,"[(-163,-163),(-143,-130),(133,143)]","[(-162,-144),(144,160)]","[(-163,-130)]"
318,5.316666666666653,True,0.099290780141844,0.0,0.0,0.8368794326241135,0.9219858156028369,0.08510638297872342,False,0.8297872340425532,0.900709219858156,0.07092198581560283,False,33.0,33.0,0.0,False,150.0,114.68359827724517,-35.31640172275483,0.09929078018101356,0.012338797689551723,True,1.8508196534327586,"[(-163,-163),(-143,-130),(133,143)]","[(-162,-144),(144,160)]","[(-163,-130)]"
324,5.416666666666653,True,0.099290780141844,0.0,0.0,0.8368794326241135,0.9219858156028369,0.08510638297872342,False,0.8297872340425532,0.900709219858156,0.07092198581560283,False,33.0,33.0,0.0,False,150.0,114.68359827724517,-35.31640172275483,0.09929078016142878,0.012338797689551723,True,1.8508196534327586,"[(-163,-163),(-143,-130),(133,143)]","[(-162,-144),(144,160)]","[(-163,-130)]"
330,5.516666666666652,True,0.099290780141844,0.0,0.0,0.8368794326241135,0.9219858156028369,0.08510638297872342,False,0.8297872340425532,0.900709219858156,0.07092198581560283,False,33.0,33.0,0.0,False,150.0,114.68359827724517,-35.31640172275483,0.09929078015163639,0.012338797689551723,True,1.8508196534327586,"[(-163,-163),(-143,-130),(133,143)]","[(-162,-144),(144,160)]","[(-163,-130)]"
336,5.616666666666652,True,0.099290780141844,0.0,0.0,0.8368794326241135,0.9219858156028369,0.08510638297872342,False,0.8297872340425532,0.900709219858156,0.07092198581560283,False,33.0,33.0,0.0,False,150.0,114.68359827724517,-35.31640172275483,0.0992907801467402,0.012338797689551723,True,1.8508196534327586,"[(-163,-163),(-143,-130),(133,143)]","[(-162,-144),(144,160)]","[(-163,-130)]"
342,5.716666666666652,True,0.099290780141844,0.0,0.0,0.8368794326241135,0.9219858156028369,0.08510638297872342,False,0.8297872340425532,0.900709219858156,0.07092198581560283,False,33.0,33.0,0.0,False,150.0,114.68359827724517,-35.31640172275483,0.0992907801442921,0.012338797689551723,True,1.8508196534327586,"[(-163,-163),(-143,-130),(133,143)]","[(-162,-144),(144,160)]","[(-163,-130)]"
348,5.816666666666651,True,0.099290780141844,0.0,0.0,0.8368794326241135,0.9219858156028369,0.08510638297872342,False,0.8297872340425532,0.900709219858156,0.07092198581560283,False,33.0,33.0,0.0,False,150.0,114.68359827724517,-35.31640172275483,0.09929078014306805,0.012338797689551723,True,1.8508196534327586,"[(-163,-163),(-143,-130),(133,143)]","[(-162,-144),(144,160)]","[(-163,-130)]"
354,5.916666666666651,True,0.099290780141844,0.0,0.0,0.8368794326241135,0.9219858156028369,0.08510638297872342,False,0.8297872340425532,0.900709219858156,0.07092198581560283,False,33.0,33.0,0.0,False,150.0,114.68359827724517,-35.31640172275483,0.09929078014245603,0.012338797689551723,True,1.8508196534327586,"[(-163,-163),(-143,-130),(133,143)]","[(-162,-144),(144,160)]","[(-163,-130)]"
360,6.016666666666651,True,0.099290780141844,0.0,0.0,0.8368794326241135,0.9219858156028369,0.08510638297872342,False,0.8297872340425532,0.900709219858156,0.07092198581560283,False,33.0,33.0,0.0,False,150.0,114.68359827724517,-35.31640172275483,0.09929078014215001,0.012338797689551723,True,1.8508196534327586,"[(-163,-163),(-143,-130),(133,143)]","[(-162,-144),(144,160)]","[(-163,-130)]"
366,6.11666666666665,True,0.099290780141844,0.0,0.0,0.8368794326241135,0.9219858156028369,0.08510638297872342,False,0.8297872340425532,0.900709219858156,0.07092198581560283,False,33.0,33.0,0.0,False,150.0,114.68359827724517,-35.31640172275483,0.099290780141997,0.012338797689551723,True,1.8508196534327586,"[(-163,-163),(-143,-130),(133,143)]","[(-162,-144),(144,160)]","[(-163,-130)]"
372,6.21666666666665,True,0.099290780141844,0.0,0.0,0.8368794326241135,0.9219858156028369,0.08510638297872342,False,0.8297872340425532,0.900709219858156,0.07092198581560283,False,33.0,33.0,0.0,False,150.0,114.68359827724517,-35.31640172275483,0.0992907801419205,0.012338797689551723,True,1.8508196534327586,"[(-163,-163),(-143,-130),(133,143)]","[(-162,-144),(144,160)]","[(-163,-130)]"
378,6.3166666666666496,True,0.099290780141844,0.0,0.0,0.8368794326241135,0.9219858156028369,0.08510638297872342,False,0.8297872340425532,0.900709219858156,0.07092198581560283,False,33.0,33.0,0.0,False,150.0,114.68359827724517,-35.31640172275483,0.09929078014188225,0.012338797689551723,True,1.8508196534327586,"[(-163,-163),(-143,-130),(133,143)]","[(-162,-144),(144,160)]","[(-163,-130)]"
384,6.416666666666649,True,0.099290780141844,0.0,0.0,0.8368794326241135,0.9219858156028369,0.08510638297872342,False,0.8297872340425532,0.900709219858156,0.07092198581560283,False,33.0,33.0,0.0,False,150.0,114.68359827724517,-35.31640172275483,0.09929078014186313,0.012338797689551723,True,1.8508196534327586,"[(-163,-163),(-143,-130),(133,143)]","[(-162,-144),(144,160)]","[(-163,-130)]"
390,6.516666666666649,True,0.099290780141844,0.0,0.0,0.8368794326241135,0.9219858156028369,0.08510638297872342,False,0.8297872340425532,0.900709219858156,0.07092198581560283,False,33.0,33.0,0.0,False,150.0,114.68359827724517,-35.31640172275483,0.09929078014185357,0.012338797689551723,True,1.8508196534327586,"[(-163,-163),(-143,-130),(133,143)]","[(-162,-144),(144,160)]","[(-163,-130)]"
396,6.6166666666666485,True,0.099290780141844,0.0,0.0,0.8368794326241135,0.9219858156028369,0.08510638297872342,False,0.8297872340425532,0.900709219858156,0.07092198581560283,False,33.0,33.0,0.0,False,150.0,114.68359827724517,-35.31640172275483,0.09929078014184878,0.012338797689551723,True,1.8508196534327586,"[(-163,-163),(-143,-130),(133,143)]","[(-162,-144),(144,160)]","[(-163,-130)]"
402,6.716666666666648,True,0.099290780141844,0.0,0.0,0.8368794326241135,0.9219858156028369,0.08510638297872342,False,0.8297872340425532,0.900709219858156,0.07092198581560283,False,33.0,33.0,0.0,False,150.0,114.68359827724517,-35.31640172275483,0.09929078014184639,0.012338797689551723,True,1.8508196534327586,"[(-163,-163),(-143,-130),(133,143)]","[(-162,-144),(144,160)]","[(-163,-130)]"
408,6.816666666666648,True,0.099290780141844,0.0,0.0,0.8368794326241135,0.9219858156028369,0.08510638297872342,False,0.8297872340425532,0.900709219858156,0.07092198581560283,False,33.0,33.0,0.0,False,150.0,114.68359827724517,-35.31640172275483,0.0992907801418452,0.012338797689551723,True,1.8508196534327586,"[(-163,-163),(-143,-130),(133,143)]","[(-162,-144),(144,160)]","[(-163,-130)]"
414,6.916666666666647,True,0.099290780141844,0.0,0.0,0.8368794326241135,0.9219858156028369,0.08510638297872342,False,0.8297872340425532,0.900709219858156,0.07092198581560283,False,33.0,33.0,0.0,False,150.0,114.68359827724517,-35.31640172275483,0.0992907801418446,0.012338797689551723,True,1.8508196534327586,"[(-163,-163),(-143,-130),(133,143)]","[(-162,-144),(144,160)]","[(-163,-130)]"
420,7.016666666666647,True,0.099290780141844,0.0,0.0,0.8368794326241135,0.9219858156028369,0.08510638297872342,False,0.8297872340425532,0.900709219858156,0.07092198581560283,False,33.0,33.0,0.0,False,150.0,114.68359827724517,-35.31640172275483,0.09929078014184431,0.012338797689551723,True,1.8508196534327586,"[(-163,-163),(-143,-130),(133,143)]","[(-162,-144),(144,160)]","[(-163,-130)]"
426,7.116666666666647,True,0.099290780141844,0.0,0.0,0.8368794326241135,0.9219858156028369,0.08510638297872342,False,0.8297872340425532,0.900709219858156,0.07092198581560283,False,33.0,33.0,0.0,False,150.0,114.68359827724517,-35.31640172275483,0.09929078014184416,0.012338797689551723,True,1.8508196534327586,"[(-163,-163),(-143,-130),(133,143)]","[(-162,-144),(144,160)]","[(-163,-130)]"
432,7.216666666666646,True,0.099290780141844,0.0,0.0,0.8368794326241135,0.9219858156028369,0.08510638297872342,False,0.8297872340425532,0.900709219858156,0.07092198581560283,False,33.0,33.0,0.0,False,150.0,114.68359827724517,-35.31640172275483,0.09929078014184409,0.012338797689551723,True,1.8508196534327586,"[(-163,-163),(-143,-130),(133,143)]","[(-162,-144),(144,160)]","[(-163,-130)]"
438,7.316666666666646,True,0.099290780141844,0.0,0.0,0.8368794326241135,0.9219858156028369,0.08510638297872342,False,0.8297872340425532,0.900709219858156,0.07092198581560283,False,33.0,33.0,0.0,False,150.0,114.68359827724517,-35.31640172275483,0.09929078014184405,0.012338797689551723,True,1.8508196534327586,"[(-163,-163),(-143,-130),(133,143)]","[(-162,-144),(144,160)]","[(-163,-130)]"
444,7.416666666666646,True,0.099290780141844,0.0,0.0,0.8368794326241135,0.9219858156028369,0.08510638297872342,False,0.8297872340425532,0.900709219858156,0.07092198581560283,False,33.0,33.0,0.0,False,150.0,114.68359827724517,-35.31640172275483,0.09929078014184403,0.012338797689551723,True,1.8508196534327586,"[(-163,-163),(-143,-130),(133,143)]","[(-162,-144),(144,160)]","[(-163,-130)]"
450,7.516666666666645,True,0.099290780141844,0.0,0.0,0.8368794326241135,0.9219858156028369,0.08510638297872342,False,0.8297872340425532,0.900709219858156,0.07092198581560283,False,33.0,33.0,0.0,False,150.0,114.68359827724517,-35.31640172275483,0.09929078014184402,0.012338797689551723,True,1.8508196534327586,"[(-163,-163),(-143,-130),(133,143)]","[(-162,-144),(144,160)]","[(-163,-130)]"
456,7.616666666666645,True,0.099290780141844,0.0,0.0,0.8368794326241135,0.9219858156028369,0.08510638297872342,False,0.8297872340425532,0.900709219858156,0.07092198581560283,False,33.0,33.0,0.0,False,150.0,114.68359827724517,-35.31640172275483,0.099290780141844,0.012338797689551723,True,1.8508196534327586,"[(-163,-163),(-143,-130),(133,143)]","[(-162,-144),(144,160)]","[(-163,-130)]"
462,7.716666666666645,True,0.099290780141844,0.0,0.0,0.8368794326241135,0.9219858156028369,0.08510638297872342,False,0.8297872340425532,0.900709219858156,0.07092198581560283,False,33.0,33.0,0.0,False,150.0,114.68359827724517,-35.31640172275483,0.099290780141844,0.012338797689551723,True,1.8508196534327586,"[(-163,-163),(-143,-130),(133,143)]","[(-162,-144),(144,160)]","[(-163,-130)]"
468,7.816666666666644,True,0.099290780141844,0.0,0.0,0.8368794326241135,0.9219858156028369,0.08510638297872342,False,0.8297872340425532,0.900709219858156,0.07092198581560283,False,33.0,33.0,0.0,False,150.0,114.68359827724517,-35.31640172275483,0.099290780141844,0.012338797689551723,True,1.8508196534327586,"[(-163,-163),(-143,-130),(133,143)]","[(-162,-144),(144,160)]","[(-163,-130)]"
474,7.916666666666644,True,0.099290780141844,0.0,0.0,0.8368794326241135,0.9219858156028369,0.08510638297872342,False,0.8297872340425532,0.900709219858156,0.07092198581560283,False,33.0,33.0,0.0,False,150.0,114.68359827724517,-35.31640172275483,0.099290780141844,0.012338797689551723,True,1.8508196534327586,"[(-163,-163),(-143,-130),(133,143)]","[(-162,-144),(144,160)]","[(-163,-130)]"
480,8.016666666666644,True,0.099290780141844,0.0,0.0,0.8368794326241135,0.9219858156028369,0.08510638297872342,False,0.8297872340425532,0.900709219858156,0.07092198581560283,False,33.0,33.0,0.0,False,150.0,114.68359827724517,-35.31640172275483,0.099290780141844,0.012338797689551723,True,1.8508196534327586,"[(-163,-163),(-143,-130),(133,143)]","[(-162,-144),(144,160)]","[(-163,-130)]"
486,8.11666666666665,True,0.099290780141844,0.0,0.0,0.8368794326241135,0.9219858156028369,0.08510638297872342,False,0.8297872340425532,0.900709219858156,0.07092198581560283,False,33.0,33.0,0.0,False,150.0,114.68359827724517,-35.31640172275483,0.099290780141844,0.012338797689551723,True,1.8508196534327586,"[(-163,-163),(-143,-130),(133,143)]","[(-162,-144),(144,160)]","[(-163,-130)]"
492,8.216666666666654,True,0.099290780141844,0.0,0.0,0.8368794326241135,0.9219858156028369,0.08510638297872342,False,0.8297872340425532,0.900709219858156,0.07092198581560283,False,33.0,33.0,0.0,False,150.0,114.68359827724517,-35.31640172275483,0.099290780141844,0.012338797689551723,True,1.8508196534327586,"[(-163,-163),(-143,-130),(133,143)]","[(-162,-144),(144,160)]","[(-163,-130)]"
498,8.31666666666666,True,0.099290780141844,0.0,0.0,0.8368794326241135,0.9219858156028369,0.08510638297872342,False,0.8297872340425532,0.900709219858156,0.07092198581560283,False,33.0,33.0,0.0,False,150.0,114.68359827724517,-35.31640172275483,0.099290780141844,0.012338797689551723,True,1.8508196534327586,"[(-163,-163),(-143,-130),(133,143)]","[(-162,-144),(144,160)]","[(-163,-130)]"
504,8.416666666666664,True,0.099290780141844,0.0,0.0,0.8368794326241135,0.9219858156028369,0.08510638297872342,False,0.8297872340425532,0.900709219858156,0.07092198581560283,False,33.0,33.0,0.0,False,150.0,114.68359827724517,-35.31640172275483,0.099290780141844,0.012338797689551723,True,1.8508196534327586,"[(-163,-163),(-143,-130),(133,143)]","[(-162,-144),(144,160)]","[(-163,-130)]"
510,8.51666666666667,True,0.099290780141844,0.0,0.0,0.8368794326241135,0.9219858156028369,0.08510638297872342,False,0.8297872340425532,0.900709219858156,0.07092198581560283,False,33.0,33.0,0.0,False,150.0,114.68359827724517,-35.31640172275483,0.099290780141844,0.012338797689551723,True,1.8508196534327586,"[(-163,-163),(-143,-130),(133,143)]","[(-162,-144),(144,160)]","[(-163,-130)]"
516,8.616666666666674,True,0.099290780141844,0.0,0.0,0.8368794326241135,0.9219858156028369,0.08510638297872342,False,0.8297872340425532,0.900709219858156,0.07092198581560283,False,33.0,33.0,0.0,False,150.0,114.68359827724517,-35.31640172275483,0.099290780141844,0.012338797689551723,True,1.8508196534327586,"[(-163,-163),(-143,-130),(133,143)]","[(-162,-144),(144,160)]","[(-163,-130)]"
522,8.71666666666668,True,0.099290780141844,0.0,0.0,0.8368794326241135,0.9219858156028369,0.08510638297872342,False,0.8297872340425532,0.900709219858156,0.07092198581560283,False,33.0,33.0,0.0,False,150.0,114.68359827724517,-35.31640172275483,0.099290780141844,0.012338797689551723,True,1.8508196534327586,"[(-163,-163),(-143,-130),(133,143)]","[(-162,-144),(144,160)]","[(-163,-130)]"
528,8.816666666666684,True,0.099290780141844,0.0,0.0,0.8368794326241135,0.9219858156028369,0.08510638297872342,False,0.8297872340425532,0.900709219858156,0.07092198581560283,False,33.0,33.0,0.0,False,150.0,114.68359827724517,-35.31640172275483,0.099290780141844,0.012338797689551723,True,1.8508196534327586,"[(-163,-163),(-143,-130),(133,143)]","[(-162,-144),(144,160)]","[(-163,-130)]"
534,8.91666666666669,True,0.099290780141844,0.0,0.0,0.8368794326241135,0.9219858156028369,0.08510638297872342,False,0.8297872340425532,0.900709219858156,0.07092198581560283,False,33.0,33.0,0.0,False,150.0,114.68359827724517,-35.31640172275483,0.099290780141844,0.012338797689551723,True,1.8508196534327586,"[(-163,-163),(-143,-130),(133,143)]","[(-162,-144),(144,160)]","[(-163,-130)]"
540,9.016666666666694,True,0.099290780141844,0.0,0.0,0.8368794326241135,0.9219858156028369,0.08510638297872342,False,0.8297872340425532,0.900709219858156,0.07092198581560283,False,33.0,33.0,0.0,False,150.0,114.68359827724517,-35.31640172275483,0.099290780141844,0.012338797689551723,True,1.8508196534327586,"[(-163,-163),(-143,-130),(133,143)]","[(-162,-144),(144,160)]","[(-163,-130)]"
546,9.1166666666667,True,0.099290780141844,0.0,0.0,0.8368794326241135,0.9219858156028369,0.08510638297872342,False,0.8297872340425532,0.900709219858156,0.07092198581560283,False,33.0,33.0,0.0,False,150.0,114.68359827724517,-35.31640172275483,0.099290780141844,0.012338797689551723,True,1.8508196534327586,"[(-163,-163),(-143,-130),(133,143)]","[(-162,-144),(144,160)]","[(-163,-130)]"
552,9.216666666666704,True,0.099290780141844,0.0,0.0,0.8368794326241135,0.9219858156028369,0.08510638297872342,False,0.8297872340425532,0.900709219858156,0.07092198581560283,False,33.0,33.0,0.0,False,150.0,114.68359827724517,-35.31640172275483,0.099290780141844,0.012338797689551723,True,1.8508196534327586,"[(-163,-163),(-143,-130),(133,143)]","[(-162,-144),(144,160)]","[(-163,-130)]"
558,9.316666666666709,True,0.099290780141844,0.0,0.0,0.8368794326241135,0.9219858156028369,0.08510638297872342,False,0.8297872340425532,0.900709219858156,0.07092198581560283,False,33.0,33.0,0.0,False,150.0,114.68359827724517,-35.31640172275483,0.099290780141844,0.012338797689551723,True,1.8508196534327586,"[(-163,-163),(-143,-130),(133,143)]","[(-162,-144),(144,160)]","[(-163,-130)]"
564,9.416666666666714,True,0.099290780141844,0.0,0.0,0.8368794326241135,0.9219858156028369,0.08510638297872342,False,0.8297872340425532,0.900709219858156,0.07092198581560283,False,33.0,33.0,0.0,False,150.0,114.68359827724517,-35.31640172275483,0.099290780141844,0.012338797689551723,True,1.8508196534327586,"[(-163,-163),(-143,-130),(133,143)]","[(-162,-144),(144,160)]","[(-163,-130)]"
570,9.516666666666719,True,0.099290780141844,0.0,0.0,0.8368794326241135,0.9219858156028369,0.08510638297872342,False,0.8297872340425532,0.900709219858156,0.07092198581560283,False,33.0,33.0,0.0,False,150.0,114.68359827724517,-35.31640172275483,0.099290780141844,0.012338797689551723,True,1.8508196534327586,"[(-163,-163),(-143,-130),(133,143)]","[(-162,-144),(144,160)]","[(-163,-130)]"
576,9.616666666666724,True,0.099290780141844,0.0,0.0,0.8368794326241135,0.9219858156028369,0.08510638297872342,False,0.8297872340425532,0.900709219858156,0.07092198581560283,False,33.0,33.0,0.0,False,150.0,114.68359827724517,-35.31640172275483,0.099290780141844,0.012338797689551723,True,1.8508196534327586,"[(-163,-163),(-143,-130),(133,143)]","[(-162,-144),(144,160)]","[(-163,-130)]"
582,9.716666666666729,True,0.099290780141844,0.0,0.0,0.8368794326241135,0.9219858156028369,0.08510638297872342,False,0.8297872340425532,0.900709219858156,0.07092198581560283,False,33.0,33.0,0.0,False,150.0,114.68359827724517,-35.31640172275483,0.099290780141844,0.012338797689551723,True,1.8508196534327586,"[(-163,-163),(-143,-130),(133,143)]","[(-162,-144),(144,160)]","[(-163,-130)]"
588,9.816666666666734,True,0.099290780141844,0.0,0.0,0.8368794326241135,0.9219858156028369,0.08510638297872342,False,0.8297872340425532,0.900709219858156,0.07092198581560283,False,33.0,33.0,0.0,False,150.0,114.68359827724517,-35.31640172275483,0.099290780141844,0.012338797689551723,True,1.8508196534327586,"[(-163,-163),(-143,-130),(133,143)]","[(-162,-144),(144,160)]","[(-163,-130)]"
594,9.916666666666739,True,0.099290780141844,0.0,0.0,0.8368794326241135,0.9219858156028369,0.08510638297872342,False,0.8297872340425532,0.900709219858156,0.07092198581560283,False,33.0,33.0,0.0,False,150.0,114.68359827724517,-35.31640172275483,0.099290780141844,0.012338797689551723,True,1.8508196534327586,"[(-163,-163),(-143,-130),(133,143)]","[(-162,-144),(144,160)]","[(-163,-130)]"
