timestamp,front_cohort_size,front_cohort_lateral_variance,front_cohort_baseline,front_cohort_expansion_ratio,front_cohort_variance_rate,front_cohort_expansion_dwell,front_cohort_sustained_marker,boundary_count,boundary_fraction,component_count,largest_component_size,largest_component_fraction,second_component_size,second_component_fraction,min_component_angular_separation,boundary_membership_retention,first_component_split,map_case,phase
0.1,16,257.87881245169854,257.87881245169854,1.0,0.0,0.0,False,24,0.5,1,24,1.0,0,0.0,nan,1.0,0,M5_UNEQUAL_WIDTH,CORRIDOR
0.2,16,258.72305397919297,257.87881245169854,1.003273791745309,8.442415274944324,0.0,False,24,0.5,1,24,1.0,0,0.0,nan,1.0,0,M5_UNEQUAL_WIDTH,CORRIDOR
0.30000000000000004,16,259.8319033039768,257.87881245169854,1.0075736770838593,11.088493247838187,0.0,False,24,0.5,1,24,1.0,0,0.0,nan,1.0,0,M5_UNEQUAL_WIDTH,CORRIDOR
0.4,16,261.15381519526386,257.87881245169854,1.0126997744112023,13.219118912870726,0.0,False,24,0.5,1,24,1.0,0,0.0,nan,1.0,0,M5_UNEQUAL_WIDTH,CORRIDOR
0.5,16,262.6464116157038,257.87881245169854,1.018487750578184,14.92596420439952,0.0,False,24,0.5,1,24,1.0,0,0.0,nan,1.0,0,M5_UNEQUAL_WIDTH,CORRIDOR
0.6000000000000001,16,264.2747553411332,257.87881245169854,1.0248021263500762,16.283437254293744,0.0,False,24,0.5,1,24,1.0,0,0.0,nan,1.0,0,M5_UNEQUAL_WIDTH,CORRIDOR
0.7000000000000001,16,266.0099845709877,257.87881245169854,1.031530981711854,17.352292298544967,0.0,False,24,0.5,1,24,1.0,0,0.0,nan,1.0,0,M5_UNEQUAL_WIDTH,CORRIDOR
0.8,16,267.8282245948095,257.87881245169854,1.0385817355389542,18.182400238218293,0.0,False,24,0.5,1,24,1.0,0,0.0,nan,1.0,0,M5_UNEQUAL_WIDTH,CORRIDOR
0.9,16,269.7097137983607,257.87881245169854,1.0458777564321153,18.814892035512116,0.0,False,24,0.5,1,24,1.0,0,0.0,nan,1.0,0,M5_UNEQUAL_WIDTH,CORRIDOR
1.0,16,271.63809681620734,257.87881245169854,1.0533556217112097,19.283830178466133,0.0,False,24,0.5,1,24,1.0,0,0.0,nan,1.0,0,M5_UNEQUAL_WIDTH,CORRIDOR
1.1,16,273.59984906182314,257.87881245169854,1.0609628858635651,19.617522456157985,0.0,False,24,0.5,1,24,1.0,0,0.0,nan,1.0,0,M5_UNEQUAL_WIDTH,CORRIDOR
1.2000000000000002,16,275.58380532447956,257.87881245169854,1.0686562525414809,19.839562626564202,0.0,False,24,0.5,1,24,1.0,0,0.0,nan,1.0,0,M5_UNEQUAL_WIDTH,CORRIDOR
1.3,16,277.581259937916,257.87881245169854,1.0764019629953423,19.97454613436446,0.0,False,24,0.5,1,24,1.0,0,0.0,nan,1.0,0,M5_UNEQUAL_WIDTH,CORRIDOR
1.4000000000000001,16,279.5857016486634,257.87881245169854,1.0841747679485325,20.044417107474146,0.0,False,24,0.5,1,24,1.0,0,0.0,nan,1.0,0,M5_UNEQUAL_WIDTH,CORRIDOR
1.5,16,281.59182875112947,257.87881245169854,1.091954108497659,20.061271024660527,0.0,False,24,0.5,1,24,1.0,0,0.0,nan,1.0,0,M5_UNEQUAL_WIDTH,CORRIDOR
1.6,16,283.59571112794714,257.87881245169854,1.0997247444710698,20.038823768176712,0.0,False,24,0.5,1,24,1.0,0,0.0,nan,1.0,0,M5_UNEQUAL_WIDTH,CORRIDOR
1.7000000000000002,16,285.59452962286804,257.87881245169854,1.1074757437715468,19.98818494920897,0.0,False,24,0.5,1,24,1.0,0,0.0,nan,1.0,0,M5_UNEQUAL_WIDTH,CORRIDOR
1.8,16,287.58598694540575,257.87881245169854,1.1151981979879462,19.914573225377126,0.0,False,24,0.5,1,24,1.0,0,0.0,nan,1.0,0,M5_UNEQUAL_WIDTH,CORRIDOR
1.9000000000000001,16,289.5682183799013,257.87881245169854,1.1228848761436663,19.822314344955316,0.0,False,24,0.5,1,24,1.0,0,0.0,nan,1.0,0,M5_UNEQUAL_WIDTH,CORRIDOR
2.0,16,291.5397187266328,257.87881245169854,1.1305299413895784,19.715003467315455,0.0,False,24,0.5,1,24,1.0,0,0.0,nan,1.0,0,M5_UNEQUAL_WIDTH,CORRIDOR
2.1,16,293.4992815494321,257.87881245169854,1.1381287154190125,19.595628227992847,0.0,False,24,0.5,1,24,1.0,0,0.0,nan,1.0,0,M5_UNEQUAL_WIDTH,CORRIDOR
2.2,16,295.44594859522925,257.87881245169854,1.1456774823273514,19.466670457971418,0.0,False,24,0.5,1,24,1.0,0,0.0,nan,1.0,0,M5_UNEQUAL_WIDTH,CORRIDOR
2.3000000000000003,16,297.37896763779224,257.87881245169854,1.1531733251388856,19.330190425629894,0.0,False,24,0.5,1,24,1.0,0,0.0,nan,1.0,0,M5_UNEQUAL_WIDTH,CORRIDOR
2.4000000000000004,16,299.29775731125244,257.87881245169854,1.1606139894385925,19.187896734601964,0.0,False,24,0.5,1,24,1.0,0,0.0,nan,1.0,0,M5_UNEQUAL_WIDTH,CORRIDOR
2.5,16,301.2018777534927,257.87881245169854,1.1679977695333488,19.041204422402416,0.0,False,24,0.5,1,24,1.0,0,0.0,nan,1.0,0,M5_UNEQUAL_WIDTH,CORRIDOR
2.6,16,303.09100608666085,257.87881245169854,1.1753234133704982,18.891283331681734,0.0,False,24,0.5,1,24,1.0,0,0.0,nan,1.0,0,M5_UNEQUAL_WIDTH,CORRIDOR
2.7,16,304.96491593117594,257.87881245169854,1.1825900430974599,18.73909844515083,0.0,False,24,0.5,1,24,1.0,0,0.0,nan,1.0,0,M5_UNEQUAL_WIDTH,CORRIDOR
2.8000000000000003,16,306.82346028790244,257.87881245169854,1.1897970886823879,18.585443567264974,0.0,False,24,0.5,1,24,1.0,0,0.0,nan,1.0,0,M5_UNEQUAL_WIDTH,CORRIDOR
2.9000000000000004,16,308.6665572365592,257.87881245169854,1.1969442324555972,18.430969486567506,0.0,False,24,0.5,1,24,1.0,0,0.0,nan,1.0,0,M5_UNEQUAL_WIDTH,CORRIDOR
3.0,16,310.49417799158164,257.87881245169854,1.2040313627926997,18.276207550224512,0.0,False,24,0.5,1,24,1.0,0,0.0,nan,1.0,0,M5_UNEQUAL_WIDTH,CORRIDOR
3.1,16,312.30633693335153,257.87881245169854,1.2110585354578032,18.121589417698942,0.0,False,24,0.5,1,24,1.0,0,0.0,nan,1.0,0,M5_UNEQUAL_WIDTH,CORRIDOR
3.2,16,314.1030832959945,257.87881245169854,1.21802594137053,17.967463626429776,0.0,False,24,0.5,1,24,1.0,0,0.0,nan,1.0,0,M5_UNEQUAL_WIDTH,CORRIDOR
3.3000000000000003,16,315.88449424527863,257.87881245169854,1.2249338797635603,17.814109492841226,0.0,False,24,0.5,1,24,1.0,0,0.0,nan,1.0,0,M5_UNEQUAL_WIDTH,CORRIDOR
3.4000000000000004,16,317.6506691235153,257.87881245169854,1.2317827358655615,17.661748782366544,0.0,False,24,0.5,1,24,1.0,0,0.0,nan,1.0,0,M5_UNEQUAL_WIDTH,CORRIDOR
3.5,16,319.4017246727026,257.87881245169854,1.238572962377541,17.510555491872992,0.0,False,24,0.5,1,24,1.0,0,0.0,nan,1.0,0,M5_UNEQUAL_WIDTH,CORRIDOR
3.6,16,321.13779103723397,257.87881245169854,1.2453050639721865,17.36066364531382,0.0,False,24,0.5,1,24,1.0,0,0.0,nan,1.0,0,M5_UNEQUAL_WIDTH,CORRIDOR
3.7,16,322.85900940062885,257.87881245169854,1.2519795881296036,17.212183633948825,0.0,False,24,0.5,1,24,1.0,0,0.0,nan,1.0,0,M5_UNEQUAL_WIDTH,CORRIDOR
3.8000000000000003,16,324.565531303973,257.87881245169854,1.2585971224943695,17.065219033441394,0.0,False,24,0.5,1,24,1.0,0,0.0,nan,1.0,0,M5_UNEQUAL_WIDTH,CORRIDOR
3.9000000000000004,16,326.25751722484404,257.87881245169854,1.2651582893649047,16.919859208710477,0.0,False,24,0.5,1,24,1.0,0,0.0,nan,1.0,0,M5_UNEQUAL_WIDTH,CORRIDOR
4.0,16,327.9351319970674,257.87881245169854,1.2716637279322458,16.776147722233645,0.0,False,24,0.5,1,24,1.0,0,0.0,nan,1.0,0,M5_UNEQUAL_WIDTH,CORRIDOR
4.1000000000000005,16,329.5985464827089,257.87881245169854,1.278114100763682,16.634144856415105,0.0,False,24,0.5,1,24,1.0,0,0.0,nan,1.0,0,M5_UNEQUAL_WIDTH,CORRIDOR
4.2,16,331.24793838987796,257.87881245169854,1.284510096974026,16.49391907169047,0.1,True,24,0.5,1,24,1.0,0,0.0,nan,1.0,0,M5_UNEQUAL_WIDTH,CORRIDOR
4.3,16,332.8834842042533,257.87881245169854,1.2908524009377598,16.35545814375348,0.2,True,24,0.5,1,24,1.0,0,0.0,nan,1.0,0,M5_UNEQUAL_WIDTH,CORRIDOR
4.4,16,334.5054260886568,257.87881245169854,1.2971419517115648,16.219418844034976,0.30000000000000004,True,24,0.5,1,24,1.0,0,0.0,nan,1.0,0,M5_UNEQUAL_WIDTH,CORRIDOR
4.5,16,336.1141594783906,257.87881245169854,1.3033802827106853,16.087333897338,0.4,True,24,0.5,1,24,1.0,0,0.0,nan,1.0,0,M5_UNEQUAL_WIDTH,CORRIDOR
4.6000000000000005,16,337.71006144550563,257.87881245169854,1.3095688561415246,15.959019671150259,0.5,True,24,0.5,1,24,1.0,0,0.0,nan,1.0,0,M5_UNEQUAL_WIDTH,CORRIDOR
4.7,16,339.29349200599324,257.87881245169854,1.3157090680706618,15.834305604876135,0.6,True,24,0.5,1,24,1.0,0,0.0,nan,1.0,0,M5_UNEQUAL_WIDTH,CORRIDOR
4.800000000000001,16,340.8648961174417,257.87881245169854,1.3218026439503892,15.714041114484303,0.7,True,24,0.5,1,24,1.0,0,0.0,nan,1.0,0,M5_UNEQUAL_WIDTH,CORRIDOR
4.9,16,342.423228381434,257.87881245169854,1.327845529944694,15.583322639923267,0.7999999999999999,True,24,0.5,1,24,1.0,0,0.0,nan,1.0,0,M5_UNEQUAL_WIDTH,CORRIDOR
5.0,16,343.9564552057794,257.87881245169854,1.3337910623045213,15.332268243453768,0.8999999999999999,True,24,0.5,1,24,1.0,0,0.0,nan,1.0,0,M5_UNEQUAL_WIDTH,CORRIDOR
5.1000000000000005,16,345.4521499584737,257.87881245169854,1.3395910531547754,14.956947526943054,0.9999999999999999,True,24,0.5,1,24,1.0,0,0.0,nan,1.0,0,M5_UNEQUAL_WIDTH,CORRIDOR
5.2,16,346.9011802663987,257.87881245169854,1.345210089066058,14.490303079249998,1.0999999999999999,True,24,0.5,1,24,1.0,0,0.0,nan,1.0,0,M5_UNEQUAL_WIDTH,CORRIDOR
5.300000000000001,16,348.2974482502651,257.87881245169854,1.3506245237402055,13.962679838664371,1.2,True,24,0.5,1,24,1.0,0,0.0,nan,1.0,0,M5_UNEQUAL_WIDTH,CORRIDOR
5.4,16,349.6375719778043,257.87881245169854,1.3558212427525138,13.401237275392077,1.3,True,24,0.5,1,24,1.0,0,0.0,nan,1.0,0,M5_UNEQUAL_WIDTH,CORRIDOR
5.5,16,350.9203410523031,257.87881245169854,1.3607955524381496,12.827690744987876,1.4000000000000001,True,24,0.5,1,24,1.0,0,0.0,nan,1.0,0,M5_UNEQUAL_WIDTH,CORRIDOR
5.6000000000000005,16,352.1463329839458,257.87881245169854,1.3655496922605996,12.259919316426817,1.5000000000000002,True,24,0.5,1,24,1.0,0,0.0,nan,1.0,0,M5_UNEQUAL_WIDTH,CORRIDOR
5.7,16,353.3175581916365,257.87881245169854,1.3700914582031198,11.712252076907248,1.6000000000000003,True,24,0.5,1,24,1.0,0,0.0,nan,1.0,0,M5_UNEQUAL_WIDTH,CORRIDOR
5.800000000000001,16,354.4371260759218,257.87881245169854,1.3744329078695015,11.195678842852885,1.7000000000000004,True,24,0.5,1,24,1.0,0,0.0,nan,1.0,0,M5_UNEQUAL_WIDTH,CORRIDOR
5.9,16,355.5089392516536,257.87881245169854,1.3785891747824046,10.718131757317906,1.8000000000000005,True,24,0.5,1,24,1.0,0,0.0,nan,1.0,0,M5_UNEQUAL_WIDTH,CORRIDOR
6.0,16,356.53742084995145,257.87881245169854,1.3825774109175097,10.284815982978444,1.9000000000000006,True,24,0.5,1,24,1.0,0,0.0,nan,1.0,0,M5_UNEQUAL_WIDTH,CORRIDOR
6.1000000000000005,16,357.52727775426087,257.87881245169854,1.3864158685825605,9.898569043094199,2.0000000000000004,True,24,0.5,1,24,1.0,0,0.0,nan,1.0,0,M5_UNEQUAL_WIDTH,CORRIDOR
6.2,16,358.4833008180187,257.87881245169854,1.3901231257033326,9.560230637578115,2.1000000000000005,True,24,0.5,1,24,1.0,0,0.0,nan,1.0,0,M5_UNEQUAL_WIDTH,CORRIDOR
6.300000000000001,16,359.41020157913334,257.87881245169854,1.393717452636602,9.269007611146662,2.2000000000000006,True,24,0.5,1,24,1.0,0,0.0,nan,1.0,0,M5_UNEQUAL_WIDTH,CORRIDOR
6.4,16,360.31248376476657,257.87881245169854,1.3972163138926126,9.022821856332257,2.3000000000000007,True,24,0.5,1,24,1.0,0,0.0,nan,1.0,0,M5_UNEQUAL_WIDTH,CORRIDOR
6.5,16,361.1943469682707,257.87881245169854,1.4006359946144216,8.818632035041105,2.400000000000001,True,24,0.5,1,24,1.0,0,0.0,nan,1.0,0,M5_UNEQUAL_WIDTH,CORRIDOR
6.6000000000000005,16,362.05961925870855,257.87881245169854,1.4039913392517402,8.65272290437872,2.500000000000001,True,24,0.5,1,24,1.0,0,0.0,nan,1.0,0,M5_UNEQUAL_WIDTH,CORRIDOR
6.7,16,362.91088755086304,257.87881245169854,1.4072923793180463,8.512682921544865,2.600000000000001,True,24,0.5,1,24,1.0,0,0.0,nan,1.0,0,M5_UNEQUAL_WIDTH,CORRIDOR
6.800000000000001,16,363.7423904016402,257.87881245169854,1.4105167731442467,8.315028507771558,2.700000000000001,True,24,0.5,1,24,1.0,0,0.0,nan,1.0,0,M5_UNEQUAL_WIDTH,CORRIDOR
6.9,16,364.54587642498853,257.87881245169854,1.4136325235841896,8.034860233483414,2.800000000000001,True,24,0.5,1,24,1.0,0,0.0,nan,1.0,0,M5_UNEQUAL_WIDTH,CORRIDOR
7.0,16,365.3152748271916,257.87881245169854,1.4166160893718875,7.693984022030804,2.9000000000000012,True,24,0.5,1,24,1.0,0,0.0,nan,1.0,0,M5_UNEQUAL_WIDTH,CORRIDOR
7.1000000000000005,16,366.04647621239747,257.87881245169854,1.4194515351312897,7.312013852058499,3.0000000000000013,True,24,0.5,1,24,1.0,0,0.0,nan,1.0,0,M5_UNEQUAL_WIDTH,CORRIDOR
7.2,16,366.737096378602,257.87881245169854,1.4221296154265988,6.906201662045532,3.1000000000000014,True,24,0.5,1,24,1.0,0,0.0,nan,1.0,0,M5_UNEQUAL_WIDTH,CORRIDOR
7.300000000000001,16,367.38623145680185,257.87881245169854,1.4246468252432114,6.491350781998335,3.2000000000000015,True,24,0.5,1,24,1.0,0,0.0,nan,1.0,0,M5_UNEQUAL_WIDTH,CORRIDOR
7.4,16,367.9942123398609,257.87881245169854,1.4270044477143204,6.079808830590423,3.3000000000000016,True,24,0.5,1,24,1.0,0,0.0,nan,1.0,0,M5_UNEQUAL_WIDTH,CORRIDOR
7.5,16,368.5623655675148,257.87881245169854,1.429207626883064,5.681532276539087,3.4000000000000017,True,24,0.5,1,24,1.0,0,0.0,nan,1.0,0,M5_UNEQUAL_WIDTH,CORRIDOR
7.6000000000000005,16,369.0927867761773,257.87881245169854,1.431264489188345,5.304212086625171,3.5000000000000018,True,24,0.5,1,24,1.0,0,0.0,nan,1.0,0,M5_UNEQUAL_WIDTH,CORRIDOR
7.7,16,369.5881315946955,257.87881245169854,1.4331853326023845,4.953448185181628,3.600000000000002,True,24,0.5,1,24,1.0,0,0.0,nan,1.0,0,M5_UNEQUAL_WIDTH,CORRIDOR
7.800000000000001,16,370.0514275741857,257.87881245169854,1.4349818973340334,4.632959794902263,3.700000000000002,True,24,0.5,1,24,1.0,0,0.0,nan,1.0,0,M5_UNEQUAL_WIDTH,CORRIDOR
7.9,16,370.48590945766466,257.87881245169854,1.4366667270389177,4.344818834789521,3.800000000000002,True,24,0.5,1,24,1.0,0,0.0,nan,1.0,0,M5_UNEQUAL_WIDTH,CORRIDOR
8.0,16,370.8948872120591,257.87881245169854,1.4382526570752252,4.0897775439441375,3.900000000000002,True,24,0.5,1,24,1.0,0,0.0,nan,1.0,0,M5_UNEQUAL_WIDTH,CORRIDOR
8.1,16,371.28172555173904,257.87881245169854,1.4397527351002564,3.868383396799686,4.000000000000002,True,24,0.5,1,24,1.0,0,0.0,nan,1.0,0,M5_UNEQUAL_WIDTH,CORRIDOR
8.200000000000001,16,371.6497676001611,257.87881245169854,1.4411799250462742,3.68042048422069,4.100000000000001,True,24,0.5,1,24,1.0,0,0.0,nan,1.0,0,M5_UNEQUAL_WIDTH,CORRIDOR
8.3,16,372.00212193921175,257.87881245169854,1.442546281342477,3.5235433905063474,4.200000000000001,True,24,0.5,1,24,1.0,0,0.0,nan,1.0,0,M5_UNEQUAL_WIDTH,CORRIDOR
8.4,16,372.3415950163561,257.87881245169854,1.4438626868040847,3.3947307714436192,4.300000000000001,True,24,0.5,1,24,1.0,0,0.0,nan,1.0,0,M5_UNEQUAL_WIDTH,CORRIDOR
8.5,16,372.67066778126303,257.87881245169854,1.4451387620340672,3.290727649069254,4.4,True,24,0.5,1,24,1.0,0,0.0,nan,1.0,0,M5_UNEQUAL_WIDTH,CORRIDOR
8.6,16,372.9914863524782,257.87881245169854,1.4463828292304572,3.2081857121517032,4.5,True,24,0.5,1,24,1.0,0,0.0,nan,1.0,0,M5_UNEQUAL_WIDTH,CORRIDOR
8.700000000000001,16,373.30586448236147,257.87881245169854,1.4476019217448612,3.143781298832664,4.6,True,24,0.5,1,24,1.0,0,0.0,nan,1.0,0,M5_UNEQUAL_WIDTH,CORRIDOR
8.8,16,373.6152955894682,257.87881245169854,1.4488018307415134,3.0943110710671817,4.699999999999999,True,24,0.5,1,24,1.0,0,0.0,nan,1.0,0,M5_UNEQUAL_WIDTH,CORRIDOR
8.9,16,373.9209722169966,257.87881245169854,1.449987180653056,3.0567662752838487,4.799999999999999,True,24,0.5,1,24,1.0,0,0.0,nan,1.0,0,M5_UNEQUAL_WIDTH,CORRIDOR
9.0,16,374.2238109295035,257.87881245169854,1.4511615257247887,3.0283871250691163,4.899999999999999,True,24,0.5,1,24,1.0,0,0.0,nan,1.0,0,M5_UNEQUAL_WIDTH,CORRIDOR
9.1,16,374.52448085655834,257.87881245169854,1.452327460700975,3.006699270548552,4.999999999999998,True,24,0.5,1,24,1.0,0,0.0,nan,1.0,0,M5_UNEQUAL_WIDTH,CORRIDOR
9.200000000000001,16,374.8234343135171,257.87881245169854,1.4534867395657898,2.989534569587704,5.099999999999998,True,24,0.5,1,24,1.0,0,0.0,nan,1.0,0,M5_UNEQUAL_WIDTH,CORRIDOR
9.3,16,375.1209381617034,257.87881245169854,1.454640397151529,2.9750384818629527,5.1999999999999975,True,24,0.5,1,24,1.0,0,0.0,nan,1.0,0,M5_UNEQUAL_WIDTH,CORRIDOR
9.4,16,375.5594291165655,257.87881245169854,1.4563407731951958,4.384909548621181,5.299999999999997,True,24,0.5,1,24,1.0,0,0.0,nan,1.0,0,M5_UNEQUAL_WIDTH,CORRIDOR
9.5,16,376.3447707046244,257.87881245169854,1.459386163316984,7.853415880588841,5.399999999999997,True,24,0.5,1,24,1.0,0,0.0,nan,1.0,0,M5_UNEQUAL_WIDTH,CORRIDOR
9.600000000000001,16,377.5701999285395,257.87881245169854,1.4641381210767734,12.254292239151141,5.4999999999999964,True,24,0.5,1,24,1.0,0,0.0,nan,1.0,0,M5_UNEQUAL_WIDTH,CORRIDOR
9.700000000000001,16,379.4237576507801,257.87881245169854,1.4713258295380405,18.535577222405664,5.599999999999996,True,24,0.5,1,24,1.0,0,0.0,nan,1.0,0,M5_UNEQUAL_WIDTH,CORRIDOR
9.8,16,381.7841844867329,257.87881245169854,1.480479070215364,23.604268359528078,5.699999999999996,True,24,0.5,1,24,1.0,0,0.0,nan,1.0,0,M5_UNEQUAL_WIDTH,CORRIDOR
9.9,16,384.5463356048236,257.87881245169854,1.491190113483442,27.62151118090685,5.799999999999995,True,24,0.5,1,24,1.0,0,0.0,nan,1.0,0,M5_UNEQUAL_WIDTH,CORRIDOR
10.0,16,387.61925190999557,257.87881245169854,1.5031062390307766,30.729163051719866,5.899999999999995,True,24,0.5,1,24,1.0,0,0.0,nan,1.0,0,M5_UNEQUAL_WIDTH,CORRIDOR
10.100000000000001,16,390.9247129719835,257.87881245169854,1.515924124418732,33.054610619879554,5.999999999999995,True,24,0.5,1,24,1.0,0,0.0,nan,1.0,0,M5_UNEQUAL_WIDTH,CORRIDOR
10.200000000000001,16,394.3961631236387,257.87881245169854,1.5293856807158606,34.71450151655176,6.099999999999994,True,24,0.5,1,24,1.0,0,0.0,nan,1.0,0,M5_UNEQUAL_WIDTH,CORRIDOR
10.3,16,397.9778370103742,257.87881245169854,1.5432746615618784,35.81673886735473,6.199999999999994,True,24,0.5,1,24,1.0,0,0.0,nan,1.0,0,M5_UNEQUAL_WIDTH,CORRIDOR
10.4,16,401.62362191602983,257.87881245169854,1.5574122515057538,36.4578490565566,6.299999999999994,True,24,0.5,1,24,1.0,0,0.0,nan,1.0,0,M5_UNEQUAL_WIDTH,CORRIDOR
10.5,16,405.3455453091642,257.87881245169854,1.5718450905503787,37.21923393134375,6.399999999999993,True,24,0.5,1,24,1.0,0,0.0,nan,1.0,0,M5_UNEQUAL_WIDTH,CORRIDOR
10.600000000000001,16,409.4324339688885,257.87881245169854,1.5876931884257703,40.86888659724309,6.499999999999993,True,24,0.5,1,24,1.0,0,0.0,nan,1.0,0,M5_UNEQUAL_WIDTH,CORRIDOR
10.700000000000001,16,414.23876870738565,257.87881245169854,1.6063311474453676,48.06334738497128,6.5999999999999925,True,24,0.5,1,24,1.0,0,0.0,nan,1.0,0,M5_UNEQUAL_WIDTH,CORRIDOR
10.8,16,420.0073224924002,257.87881245169854,1.6287003903086021,57.685537850145465,6.699999999999992,True,24,0.5,1,24,1.0,0,0.0,nan,1.0,0,M5_UNEQUAL_WIDTH,CORRIDOR
10.9,16,426.561069111602,257.87881245169854,1.65411444645728,65.53746619201831,6.799999999999992,True,24,0.5,1,24,1.0,0,0.0,nan,1.0,0,M5_UNEQUAL_WIDTH,CORRIDOR
11.0,16,433.75055788485037,257.87881245169854,1.6819937774689928,71.89488773248343,6.8999999999999915,True,24,0.5,1,24,1.0,0,0.0,nan,1.0,0,M5_UNEQUAL_WIDTH,CORRIDOR
11.100000000000001,16,441.4498880978956,257.87881245169854,1.7118501667545118,76.99330213045243,6.999999999999991,True,24,0.5,1,24,1.0,0,0.0,nan,1.0,0,M5_UNEQUAL_WIDTH,CORRIDOR
11.200000000000001,16,449.55331487667496,257.87881245169854,1.7432735578494942,81.03426778779351,7.099999999999991,True,24,0.5,1,24,1.0,0,0.0,nan,1.0,0,M5_UNEQUAL_WIDTH,CORRIDOR
11.3,16,457.97236861630205,257.87881245169854,1.7759208841636869,84.19053739627088,7.19999999999999,True,24,0.5,1,24,1.0,0,0.0,nan,1.0,0,M5_UNEQUAL_WIDTH,CORRIDOR
11.4,16,466.6336926934723,257.87881245169854,1.8095076840827091,86.61324077170264,7.29999999999999,True,24,0.5,1,24,1.0,0,0.0,nan,1.0,0,M5_UNEQUAL_WIDTH,CORRIDOR
11.5,16,475.47725698199383,257.87881245169854,1.843801173355613,88.4356428852152,7.39999999999999,True,24,0.5,1,24,1.0,0,0.0,nan,1.0,0,M5_UNEQUAL_WIDTH,CORRIDOR
11.600000000000001,16,484.4557073605419,257.87881245169854,1.8786177226222565,89.78450378548075,7.499999999999989,True,24,0.5,1,24,1.0,0,0.0,nan,1.0,0,M5_UNEQUAL_WIDTH,CORRIDOR
11.700000000000001,16,493.53270814225624,257.87881245169854,1.9138164297026006,90.77000781714332,7.599999999999989,True,24,0.5,1,24,1.0,0,0.0,nan,1.0,0,M5_UNEQUAL_WIDTH,CORRIDOR
11.8,16,502.793025306687,257.87881245169854,1.9497259993038847,92.60317164430774,7.699999999999989,True,24,0.5,1,24,1.0,0,0.0,nan,1.0,0,M5_UNEQUAL_WIDTH,CORRIDOR
11.9,16,512.5240322312,257.87881245169854,1.9874608051686962,97.3100692451294,7.799999999999988,True,24,0.5,1,24,1.0,0,0.0,nan,1.0,0,M5_UNEQUAL_WIDTH,CORRIDOR
12.0,16,522.658085970796,257.87881245169854,2.0267585421299064,101.34053739596084,7.899999999999988,True,24,0.5,1,24,1.0,0,0.0,nan,1.0,0,M5_UNEQUAL_WIDTH,CORRIDOR
12.100000000000001,16,533.1403994827016,257.87881245169854,2.0674067575154527,104.82313511905545,7.999999999999988,True,24,0.5,1,24,1.0,0,0.0,nan,1.0,0,M5_UNEQUAL_WIDTH,CORRIDOR
12.200000000000001,16,543.9262038373074,257.87881245169854,2.1092318467969773,107.8580435460583,8.099999999999987,True,24,0.5,1,24,1.0,0,0.0,nan,1.0,0,M5_UNEQUAL_WIDTH,CORRIDOR
12.3,16,554.9798485567039,257.87881245169854,2.1520955648911766,110.53644719396516,8.199999999999987,True,24,0.5,1,24,1.0,0,0.0,nan,1.0,0,M5_UNEQUAL_WIDTH,CORRIDOR
12.4,16,566.2732187440697,257.87881245169854,2.1958888881192378,112.93370187365781,8.299999999999986,True,24,0.5,1,24,1.0,0,0.0,nan,1.0,0,M5_UNEQUAL_WIDTH,CORRIDOR
12.5,16,577.7832130024658,257.87881245169854,2.240522234104387,115.09994258396091,8.399999999999986,True,24,0.5,1,24,1.0,0,0.0,nan,1.0,0,M5_UNEQUAL_WIDTH,CORRIDOR
12.600000000000001,16,589.4907059866648,257.87881245169854,2.2859214387652655,117.07492984199007,8.499999999999986,True,24,0.5,1,24,1.0,0,0.0,nan,1.0,0,M5_UNEQUAL_WIDTH,CORRIDOR
12.700000000000001,16,601.380545545831,257.87881245169854,2.3320277452358416,118.89839559166148,8.599999999999985,True,26,0.5416666666666666,1,26,1.0,0,0.0,nan,1.0,0,M5_UNEQUAL_WIDTH,CORRIDOR
12.8,16,613.4428831394071,257.87881245169854,2.3788029629394494,120.62337593576103,8.699999999999985,True,26,0.5416666666666666,1,26,1.0,0,0.0,nan,1.0,0,M5_UNEQUAL_WIDTH,CORRIDOR
12.9,16,625.6699759651206,257.87881245169854,2.426217066911266,122.27092825713498,8.799999999999985,True,26,0.5416666666666666,1,26,1.0,0,0.0,nan,1.0,0,M5_UNEQUAL_WIDTH,CORRIDOR
13.0,16,638.0552514914018,257.87881245169854,2.4742445702510416,123.85275526281248,8.899999999999984,True,26,0.5416666666666666,1,26,1.0,0,0.0,nan,1.0,0,M5_UNEQUAL_WIDTH,CORRIDOR
13.100000000000001,16,650.5931715757164,257.87881245169854,2.522863997202463,125.37920084314578,8.999999999999984,True,26,0.5416666666666666,1,26,1.0,0,0.0,nan,1.0,0,M5_UNEQUAL_WIDTH,CORRIDOR
13.200000000000001,16,663.2790958398375,257.87881245169854,2.572057353351089,126.85924264121127,9.099999999999984,True,26,0.5416666666666666,1,26,1.0,0,0.0,nan,1.0,0,M5_UNEQUAL_WIDTH,CORRIDOR
13.3,16,676.1091532338284,257.87881245169854,2.621809627576386,128.30057393990842,9.199999999999983,True,26,0.5416666666666666,1,26,1.0,0,0.0,nan,1.0,0,M5_UNEQUAL_WIDTH,CORRIDOR
13.4,16,689.0801121092411,257.87881245169854,2.6721082882228173,129.70958875412748,9.299999999999983,True,26,0.5416666666666666,1,26,1.0,0,0.0,nan,1.0,0,M5_UNEQUAL_WIDTH,CORRIDOR
13.5,16,702.1892156931921,257.87881245169854,2.722942645102781,131.0910358395097,9.399999999999983,True,26,0.5416666666666666,1,26,1.0,0,0.0,nan,1.0,0,M5_UNEQUAL_WIDTH,CORRIDOR
13.600000000000001,16,715.0686990745255,257.87881245169854,2.772886582950509,128.79483381333444,9.499999999999982,True,26,0.5416666666666666,1,26,1.0,0,0.0,nan,1.0,0,M5_UNEQUAL_WIDTH,CORRIDOR
13.700000000000001,16,727.6651047070806,257.87881245169854,2.8217328046032257,125.96405632555047,9.599999999999982,True,28,0.5833333333333334,1,28,1.0,0,0.0,nan,1.0,0,M5_UNEQUAL_WIDTH,CORRIDOR
13.8,16,740.0486687989738,257.87881245169854,2.8697536713590504,123.83564091893277,9.699999999999982,True,28,0.5833333333333334,1,28,1.0,0,0.0,nan,1.0,0,M5_UNEQUAL_WIDTH,CORRIDOR
13.9,16,752.2775876190261,257.87881245169854,2.9171748561543027,122.28918820052286,9.799999999999981,True,28,0.5833333333333334,1,28,1.0,0,0.0,nan,1.0,0,M5_UNEQUAL_WIDTH,CORRIDOR
14.0,16,764.399890489128,257.87881245169854,2.964182606635442,121.22302870101862,9.89999999999998,True,28,0.5833333333333334,1,28,1.0,0,0.0,nan,1.0,0,M5_UNEQUAL_WIDTH,CORRIDOR
14.100000000000001,16,776.4548653057825,257.87881245169854,3.0109292730329087,120.54974816654521,9.99999999999998,True,28,0.5833333333333334,1,28,1.0,0,0.0,nan,1.0,0,M5_UNEQUAL_WIDTH,CORRIDOR
14.200000000000001,16,788.4746747823006,257.87881245169854,3.0575395756097032,120.19809476518049,10.09999999999998,True,28,0.5833333333333334,1,28,1.0,0,0.0,nan,1.0,0,M5_UNEQUAL_WIDTH,CORRIDOR
14.3,16,800.4856167994192,257.87881245169854,3.1041154920369913,120.10942017118623,10.19999999999998,True,28,0.5833333333333334,1,28,1.0,0,0.0,nan,1.0,0,M5_UNEQUAL_WIDTH,CORRIDOR
14.4,16,812.5091464334218,257.87881245169854,3.150740220605007,120.23529634002671,10.29999999999998,True,28,0.5833333333333334,1,28,1.0,0,0.0,nan,1.0,0,M5_UNEQUAL_WIDTH,CORRIDOR
14.5,16,824.5627560144812,257.87881245169854,3.197481592904901,120.5360958105939,10.399999999999979,True,28,0.5833333333333334,1,28,1.0,0,0.0,nan,1.0,0,M5_UNEQUAL_WIDTH,CORRIDOR
14.600000000000001,16,836.6608178768531,257.87881245169854,3.244395341837407,120.98061862371878,10.499999999999979,True,28,0.5833333333333334,1,28,1.0,0,0.0,nan,1.0,0,M5_UNEQUAL_WIDTH,CORRIDOR
14.700000000000001,16,848.4489970213244,257.87881245169854,3.2901074305212314,117.88179144471314,10.599999999999978,True,30,0.625,1,30,1.0,0,0.0,nan,1.0,0,M5_UNEQUAL_WIDTH,CORRIDOR
14.8,16,859.885370875006,257.87881245169854,3.3344552920029638,114.36373853681516,10.699999999999978,True,30,0.625,1,30,1.0,0,0.0,nan,1.0,0,M5_UNEQUAL_WIDTH,CORRIDOR
14.9,16,871.0496656189819,257.87881245169854,3.377748087707407,111.64294743975915,10.799999999999978,True,30,0.625,1,30,1.0,0,0.0,nan,1.0,0,M5_UNEQUAL_WIDTH,CORRIDOR
15.0,16,882.0081134481213,257.87881245169854,3.4202426522082887,109.58447829139459,10.899999999999977,True,30,0.625,1,30,1.0,0,0.0,nan,1.0,0,M5_UNEQUAL_WIDTH,OPENING_APPROACH
15.100000000000001,16,892.8155426919178,257.87881245169854,3.4621515982789193,108.07429243796491,10.999999999999977,True,30,0.625,1,30,1.0,0,0.0,nan,1.0,0,M5_UNEQUAL_WIDTH,OPENING_APPROACH
15.200000000000001,16,903.516913774207,257.87881245169854,3.5036492730221425,107.01371082289143,11.099999999999977,True,30,0.625,1,30,1.0,0,0.0,nan,1.0,0,M5_UNEQUAL_WIDTH,OPENING_APPROACH
15.3,16,914.1488159540654,257.87881245169854,3.544877561917919,106.31902179858457,11.199999999999976,True,30,0.625,1,30,1.0,0,0.0,nan,1.0,0,M5_UNEQUAL_WIDTH,OPENING_APPROACH
15.4,16,924.7408785017435,257.87881245169854,3.5859513610679055,105.92062547678097,11.299999999999976,True,30,0.625,1,30,1.0,0,0.0,nan,1.0,0,M5_UNEQUAL_WIDTH,OPENING_APPROACH
15.5,16,935.3163017652877,257.87881245169854,3.6269606365605362,105.75423263544167,11.399999999999975,True,30,0.625,1,30,1.0,0,0.0,nan,1.0,0,M5_UNEQUAL_WIDTH,OPENING_APPROACH
15.600000000000001,16,945.8927056705329,257.87881245169854,3.667973714776205,105.76403905245229,11.499999999999975,True,30,0.625,1,30,1.0,0,0.0,nan,1.0,0,M5_UNEQUAL_WIDTH,OPENING_APPROACH
15.700000000000001,16,956.4839556955294,257.87881245169854,3.709044363133484,105.91250024996498,11.599999999999975,True,30,0.625,1,30,1.0,0,0.0,nan,1.0,0,M5_UNEQUAL_WIDTH,OPENING_APPROACH
15.8,16,967.1016655184078,257.87881245169854,3.7502176170426904,106.17709822878396,11.699999999999974,True,32,0.6666666666666666,1,32,1.0,0,0.0,nan,1.0,0,M5_UNEQUAL_WIDTH,OPENING_APPROACH
15.9,16,977.7582635472415,257.87881245169854,3.791541671266144,106.56598028833741,11.799999999999974,True,32,0.6666666666666666,1,32,1.0,0,0.0,nan,1.0,0,M5_UNEQUAL_WIDTH,OPENING_APPROACH
16.0,16,988.4641823001749,257.87881245169854,3.833056980923228,107.05918752933371,11.899999999999974,True,32,0.6666666666666666,1,32,1.0,0,0.0,nan,1.0,0,M5_UNEQUAL_WIDTH,OPENING_APPROACH
16.1,16,999.2274331123187,257.87881245169854,3.874794612292846,107.63250812143838,11.999999999999973,True,34,0.7083333333333334,1,34,1.0,0,0.0,nan,1.0,0,M5_UNEQUAL_WIDTH,OPENING_APPROACH
16.2,16,1010.0541479085128,257.87881245169854,3.916778343694672,108.26714796194096,12.099999999999973,True,34,0.7083333333333334,1,34,1.0,0,0.0,nan,1.0,0,M5_UNEQUAL_WIDTH,BOUNDARY_CROSSING
16.3,16,1020.9490771090213,257.87881245169854,3.9590265962631115,108.949292005085,12.199999999999973,True,34,0.7083333333333334,1,34,1.0,0,0.0,nan,1.0,0,M5_UNEQUAL_WIDTH,BOUNDARY_CROSSING
16.400000000000002,16,1031.9158926834448,257.87881245169854,4.0015536091268675,109.66815574423435,12.299999999999972,True,34,0.7083333333333334,1,34,1.0,0,0.0,nan,1.0,0,M5_UNEQUAL_WIDTH,BOUNDARY_CROSSING
16.5,16,1042.9574982270374,257.87881245169854,4.04437064181993,110.41605543592595,12.399999999999972,True,34,0.7083333333333334,1,34,1.0,0,0.0,nan,1.0,0,M5_UNEQUAL_WIDTH,BOUNDARY_CROSSING
16.6,16,1054.0767250386773,257.87881245169854,4.087488673526093,111.19226811639919,12.499999999999972,True,34,0.7083333333333334,1,34,1.0,0,0.0,nan,1.0,0,M5_UNEQUAL_WIDTH,BOUNDARY_CROSSING
16.7,16,1065.2759654456383,257.87881245169854,4.130916981189246,111.99240406961053,12.599999999999971,True,34,0.7083333333333334,1,34,1.0,0,0.0,nan,1.0,0,M5_UNEQUAL_WIDTH,BOUNDARY_CROSSING
16.8,16,1076.557019740943,257.87881245169854,4.1746625459685065,112.81054295304557,12.69999999999997,True,34,0.7083333333333334,1,34,1.0,0,0.0,nan,1.0,0,M5_UNEQUAL_WIDTH,BOUNDARY_CROSSING
16.900000000000002,16,1087.921221750677,257.87881245169854,4.218730540161952,113.64202009734072,12.79999999999997,True,34,0.7083333333333334,1,34,1.0,0,0.0,nan,1.0,0,M5_UNEQUAL_WIDTH,BOUNDARY_CROSSING
17.0,16,1099.3695382697324,257.87881245169854,4.2631247127975955,114.48316519055425,12.89999999999997,True,34,0.7083333333333334,2,17,0.5,17,0.5,63.269020774806386,1.0,1,M5_UNEQUAL_WIDTH,BOUNDARY_CROSSING
17.1,16,1110.9026448250463,257.87881245169854,4.307847683427353,115.33106555313907,12.99999999999997,True,34,0.7083333333333334,2,17,0.5,17,0.5,62.34053717572436,1.0,0,M5_UNEQUAL_WIDTH,BOUNDARY_CROSSING
17.2,16,1122.5209844885203,257.87881245169854,4.352901170191219,116.18339663473989,13.09999999999997,True,34,0.7083333333333334,2,17,0.5,17,0.5,61.45279077975438,1.0,0,M5_UNEQUAL_WIDTH,BOUNDARY_CROSSING
17.3,16,1134.2248151653093,257.87881245169854,4.398286173191344,117.03830676789039,13.199999999999969,True,36,0.75,2,18,0.5,18,0.5,61.76854073837105,1.0,0,M5_UNEQUAL_WIDTH,BOUNDARY_CROSSING
17.400000000000002,16,1146.014247871497,257.87881245169854,4.444003122924839,117.89432706187654,13.299999999999969,True,36,0.75,2,18,0.5,18,0.5,60.91956278951434,1.0,0,M5_UNEQUAL_WIDTH,BOUNDARY_CROSSING
17.5,16,1157.8892778237055,257.87881245169854,4.490052000842766,118.75029952208479,13.399999999999968,True,36,0.75,2,18,0.5,18,0.5,60.105562404318455,1.0,0,M5_UNEQUAL_WIDTH,BOUNDARY_CROSSING
17.6,16,1169.4854290198696,257.87881245169854,4.535019445379669,115.96151196164101,13.499999999999968,True,36,0.75,2,18,0.5,18,0.5,59.31961338528587,1.0,0,M5_UNEQUAL_WIDTH,BOUNDARY_CROSSING
17.7,16,1180.7535339725757,257.87881245169854,4.578714795321676,112.68104952706153,13.599999999999968,True,36,0.75,2,18,0.5,18,0.5,58.556410702744806,1.0,0,M5_UNEQUAL_WIDTH,BOUNDARY_CROSSING
17.8,16,1191.7671429501333,257.87881245169854,4.621423263197921,110.13608977557624,13.699999999999967,True,34,0.7083333333333334,2,17,0.5,17,0.5,56.80254857407054,0.9444444444444444,0,M5_UNEQUAL_WIDTH,BOUNDARY_CROSSING
17.900000000000002,16,1202.3473610335077,257.87881245169854,4.6624511319971695,105.80218083374348,13.799999999999967,True,34,0.7083333333333334,2,17,0.5,17,0.5,56.10608545064973,1.0,0,M5_UNEQUAL_WIDTH,BOUNDARY_CROSSING
18.0,16,1212.5091404056277,257.87881245169854,4.701856383151812,101.61779372120009,13.899999999999967,True,34,0.7083333333333334,2,17,0.5,17,0.5,55.426683697299985,1.0,0,M5_UNEQUAL_WIDTH,BOUNDARY_CROSSING
18.1,16,1222.34202498017,257.87881245169854,4.739986249196484,98.32884574542277,13.999999999999966,True,34,0.7083333333333334,2,17,0.5,17,0.5,54.765594692565884,1.0,0,M5_UNEQUAL_WIDTH,BOUNDARY_CROSSING
18.2,16,1231.9185852367796,257.87881245169854,4.777122143245179,95.76560256609582,14.099999999999966,True,34,0.7083333333333334,2,17,0.5,17,0.5,54.12587247097662,1.0,0,M5_UNEQUAL_WIDTH,BOUNDARY_CROSSING
18.3,16,1241.298093346029,257.87881245169854,4.8134939103557715,93.795081092494,14.199999999999966,True,34,0.7083333333333334,2,17,0.5,17,0.5,53.50999147917105,1.0,0,M5_UNEQUAL_WIDTH,BOUNDARY_CROSSING
18.400000000000002,16,1250.5288290152946,257.87881245169854,4.8492887691171696,92.30735669265641,14.299999999999965,True,34,0.7083333333333334,2,17,0.5,17,0.5,52.91628413614923,1.0,0,M5_UNEQUAL_WIDTH,BOUNDARY_CROSSING
18.5,16,1259.649808712933,257.87881245169854,4.884658017218336,91.20979697638404,14.399999999999965,True,34,0.7083333333333334,2,17,0.5,17,0.5,52.3433086669401,1.0,0,M5_UNEQUAL_WIDTH,BOUNDARY_CROSSING
18.6,16,1268.6925540347472,257.87881245169854,4.9197238888029124,90.42745321814209,14.499999999999964,True,34,0.7083333333333334,2,17,0.5,17,0.5,51.789807050992536,1.0,0,M5_UNEQUAL_WIDTH,BOUNDARY_CROSSING
18.7,16,1277.6824687882745,257.87881245169854,4.954584894513535,89.89914753527273,14.599999999999964,True,34,0.7083333333333334,2,17,0.5,17,0.5,51.254662886108676,1.0,0,M5_UNEQUAL_WIDTH,BOUNDARY_CROSSING
18.8,16,1286.6399940193448,257.87881245169854,4.989320300442815,89.57525231070349,14.699999999999964,True,34,0.7083333333333334,2,17,0.5,17,0.5,50.73687514072584,1.0,0,M5_UNEQUAL_WIDTH,BOUNDARY_CROSSING
18.900000000000002,16,1295.5816077490963,257.87881245169854,5.023994004903999,89.41613729751452,14.799999999999963,True,32,0.6666666666666666,2,16,0.5,16,0.5,50.10957224311474,0.9411764705882353,0,M5_UNEQUAL_WIDTH,BOUNDARY_CROSSING
19.0,16,1304.3952681612832,257.87881245169854,5.058171533210392,88.13660412186891,14.899999999999963,True,32,0.6666666666666666,2,16,0.5,16,0.5,49.61681464358418,1.0,0,M5_UNEQUAL_WIDTH,BOUNDARY_CROSSING
19.1,16,1312.4696869339207,257.87881245169854,5.089482437335755,80.744187726375,14.999999999999963,True,32,0.6666666666666666,2,16,0.5,16,0.5,49.13417317842432,1.0,0,M5_UNEQUAL_WIDTH,BOUNDARY_CROSSING
19.200000000000003,16,1319.9186933638262,257.87881245169854,5.1183681234419005,74.49006429905467,15.099999999999962,True,32,0.6666666666666666,2,16,0.5,16,0.5,48.66159430644748,1.0,0,M5_UNEQUAL_WIDTH,BOUNDARY_CROSSING
19.3,16,1326.863579135412,257.87881245169854,5.145298935266105,69.4488577158586,15.199999999999962,True,32,0.6666666666666666,2,16,0.5,16,0.5,48.2008523702694,1.0,0,M5_UNEQUAL_WIDTH,BOUNDARY_CROSSING
19.400000000000002,16,1333.404985043604,257.87881245169854,5.1706651367233,65.41405908192019,15.299999999999962,True,32,0.6666666666666666,2,16,0.5,16,0.5,47.75222098849885,1.0,0,M5_UNEQUAL_WIDTH,BOUNDARY_CROSSING
19.5,16,1339.6212922461568,257.87881245169854,5.194770673519647,62.16307202552798,15.399999999999961,True,32,0.6666666666666666,2,16,0.5,16,0.5,47.31763877224313,1.0,0,M5_UNEQUAL_WIDTH,BOUNDARY_CROSSING
19.6,16,1345.5800528186626,257.87881245169854,5.217877498449756,59.58760572505753,15.499999999999961,True,32,0.6666666666666666,2,16,0.5,16,0.5,46.899127862127315,1.0,0,M5_UNEQUAL_WIDTH,BOUNDARY_CROSSING
19.700000000000003,16,1351.3364600528835,257.87881245169854,5.240199639534143,57.564072342208874,15.59999999999996,True,32,0.6666666666666666,2,16,0.5,16,0.5,46.495155201302865,1.0,0,M5_UNEQUAL_WIDTH,BOUNDARY_CROSSING
19.8,16,1356.9337447997716,257.87881245169854,5.261904736954414,55.972847468881355,15.69999999999996,True,32,0.6666666666666666,2,16,0.5,16,0.5,46.10443480138454,1.0,0,M5_UNEQUAL_WIDTH,BOUNDARY_CROSSING
19.900000000000002,16,1362.406385750036,257.87881245169854,5.283126491848642,54.72640950264349,15.79999999999996,True,32,0.6666666666666666,2,16,0.5,16,0.5,45.72587368788676,1.0,0,M5_UNEQUAL_WIDTH,BOUNDARY_CROSSING
20.0,16,1367.78183972823,257.87881245169854,5.3039713760292715,53.75453978193946,15.89999999999996,True,32,0.6666666666666666,2,16,0.5,16,0.5,45.35853729582361,1.0,0,M5_UNEQUAL_WIDTH,BOUNDARY_CROSSING
20.1,16,1373.0820572152688,257.87881245169854,5.324524508861895,53.002174870389354,15.99999999999996,True,32,0.6666666666666666,2,16,0.5,16,0.5,45.00162435008741,1.0,0,M5_UNEQUAL_WIDTH,BOUNDARY_CROSSING
20.200000000000003,16,1378.233588084634,257.87881245169854,5.344501066146259,51.515308693651605,16.09999999999996,True,32,0.6666666666666666,2,16,0.5,16,0.5,44.65303033704359,1.0,0,M5_UNEQUAL_WIDTH,BOUNDARY_CROSSING
20.3,16,1383.3202816392015,257.87881245169854,5.364226197909537,50.86693554567546,16.19999999999996,True,32,0.6666666666666666,2,16,0.5,16,0.5,44.312034049713816,1.0,0,M5_UNEQUAL_WIDTH,BOUNDARY_CROSSING
20.400000000000002,16,1388.387848150132,257.87881245169854,5.38387715900538,50.67566510930419,16.29999999999996,True,32,0.6666666666666666,2,16,0.5,16,0.5,43.97845495759667,1.0,0,M5_UNEQUAL_WIDTH,JUNCTION_REGION
20.5,16,1393.4455987827328,257.87881245169854,5.403490056181832,50.577506326008006,16.399999999999963,True,32,0.6666666666666666,2,16,0.5,16,0.5,43.652098333614916,1.0,0,M5_UNEQUAL_WIDTH,JUNCTION_REGION
20.6,16,1398.5001051327527,257.87881245169854,5.423090372710227,50.54506350019892,16.499999999999964,True,32,0.6666666666666666,2,16,0.5,16,0.5,43.33275941822471,1.0,0,M5_UNEQUAL_WIDTH,JUNCTION_REGION
20.700000000000003,16,1403.5456759947087,257.87881245169854,5.44265603928821,50.45570861956094,16.599999999999966,True,32,0.6666666666666666,2,16,0.5,16,0.5,43.019305494949776,1.0,0,M5_UNEQUAL_WIDTH,JUNCTION_REGION
20.8,16,1408.313316076053,257.87881245169854,5.461143948535262,47.67640081344325,16.699999999999967,True,32,0.6666666666666666,2,16,0.5,16,0.5,42.70916823801291,1.0,0,M5_UNEQUAL_WIDTH,JUNCTION_REGION
20.900000000000002,16,1412.7814313929487,257.87881245169854,5.47847036350676,44.681153168955916,16.79999999999997,True,32,0.6666666666666666,2,16,0.5,16,0.5,42.40285767503528,1.0,0,M5_UNEQUAL_WIDTH,JUNCTION_REGION
21.0,16,1417.0083086335712,257.87881245169854,5.4948613077663415,42.26877240622571,16.89999999999997,True,32,0.6666666666666666,2,16,0.5,16,0.5,42.100749936615415,1.0,0,M5_UNEQUAL_WIDTH,JUNCTION_REGION
21.1,16,1421.0411665195543,257.87881245169854,5.510499885622513,40.328578859830486,16.99999999999997,True,32,0.6666666666666666,2,16,0.5,16,0.5,41.80311003672945,1.0,0,M5_UNEQUAL_WIDTH,JUNCTION_REGION
21.200000000000003,16,1424.9181428991608,257.87881245169854,5.525533987659619,38.769763796065035,17.099999999999973,True,32,0.6666666666666666,2,16,0.5,16,0.5,41.51011239860752,1.0,0,M5_UNEQUAL_WIDTH,JUNCTION_REGION
21.3,16,1428.6341422805544,257.87881245169854,5.539943854628002,37.15999381393658,17.199999999999974,True,32,0.6666666666666666,2,16,0.5,16,0.5,41.221418239166184,1.0,0,M5_UNEQUAL_WIDTH,JUNCTION_REGION
21.400000000000002,16,1432.152141268487,257.87881245169854,5.553585917558594,35.17998987932515,17.299999999999976,True,32,0.6666666666666666,2,16,0.5,16,0.5,40.93595494998348,1.0,0,M5_UNEQUAL_WIDTH,JUNCTION_REGION
21.5,16,1435.6102020117532,257.87881245169854,5.566995552535543,34.58060743266287,17.399999999999977,True,32,0.6666666666666666,2,16,0.5,16,0.5,40.65407023807933,1.0,0,M5_UNEQUAL_WIDTH,JUNCTION_REGION
21.6,16,1439.0216666793244,257.87881245169854,5.580224497694465,34.11464667571181,17.49999999999998,True,32,0.6666666666666666,2,16,0.5,16,0.5,40.37600479745103,1.0,0,M5_UNEQUAL_WIDTH,JUNCTION_REGION
21.700000000000003,16,1442.396496771793,257.87881245169854,5.59331138164737,33.74830092468528,17.59999999999998,True,32,0.6666666666666666,2,16,0.5,16,0.5,40.101918079346476,1.0,0,M5_UNEQUAL_WIDTH,JUNCTION_REGION
21.8,16,1445.7426576610342,257.87881245169854,5.606287092437367,33.46160889241219,17.69999999999998,True,32,0.6666666666666666,2,16,0.5,16,0.5,39.831900806827875,1.0,0,M5_UNEQUAL_WIDTH,JUNCTION_REGION
21.900000000000002,16,1449.0562028060103,257.87881245169854,5.619136326205251,33.135451449761604,17.799999999999983,True,32,0.6666666666666666,2,16,0.5,16,0.5,39.565991072302324,1.0,0,M5_UNEQUAL_WIDTH,JUNCTION_REGION
22.0,16,1452.1555828410833,257.87881245169854,5.631155072552059,30.993800350729543,17.899999999999984,True,32,0.6666666666666666,2,16,0.5,16,0.5,39.303005776039754,1.0,0,M5_UNEQUAL_WIDTH,JUNCTION_REGION
22.1,16,1454.9200534758015,257.87881245169854,5.6418751104195985,27.644706347182364,17.999999999999986,True,32,0.6666666666666666,2,16,0.5,16,0.5,39.04281418610155,1.0,0,M5_UNEQUAL_WIDTH,JUNCTION_REGION
22.200000000000003,16,1457.4116238812758,257.87881245169854,5.651536898380332,24.91570405474249,18.099999999999987,True,32,0.6666666666666666,2,16,0.5,16,0.5,38.785661345707425,1.0,0,M5_UNEQUAL_WIDTH,JUNCTION_REGION
22.3,16,1459.680296744073,257.87881245169854,5.6603343363754455,22.686728627973025,18.19999999999999,True,32,0.6666666666666666,2,16,0.5,16,0.5,38.53171952787926,1.0,0,M5_UNEQUAL_WIDTH,JUNCTION_REGION
22.400000000000002,16,1461.7663483686863,257.87881245169854,5.668423607474458,20.860516246132192,18.29999999999999,True,32,0.6666666666666666,2,16,0.5,16,0.5,38.2811040892838,1.0,0,M5_UNEQUAL_WIDTH,JUNCTION_REGION
22.5,16,1463.7021848493714,257.87881245169854,5.675930375720678,19.358364806851114,18.39999999999999,True,32,0.6666666666666666,2,16,0.5,16,0.5,38.033890795061694,1.0,0,M5_UNEQUAL_WIDTH,JUNCTION_REGION
22.6,16,1465.3739374487895,257.87881245169854,5.6824130820102114,16.717525994181415,18.499999999999993,True,32,0.6666666666666666,2,16,0.5,16,0.5,37.78898600890483,1.0,0,M5_UNEQUAL_WIDTH,JUNCTION_REGION
22.700000000000003,16,1466.9639184129876,257.87881245169854,5.6885786950323975,15.899809641980482,18.599999999999994,True,32,0.6666666666666666,2,16,0.5,16,0.5,37.54629676319328,1.0,0,M5_UNEQUAL_WIDTH,JUNCTION_REGION
22.8,16,1468.4864675236008,257.87881245169854,5.694482821455728,15.225491106132267,18.699999999999996,True,32,0.6666666666666666,2,16,0.5,16,0.5,37.30608052400416,1.0,0,M5_UNEQUAL_WIDTH,JUNCTION_REGION
22.900000000000002,16,1469.9526516118972,257.87881245169854,5.70016837613297,14.661840882963588,18.799999999999997,True,32,0.6666666666666666,2,16,0.5,16,0.5,37.067755066433534,1.0,0,M5_UNEQUAL_WIDTH,JUNCTION_REGION
23.0,16,1471.3710691650638,257.87881245169854,5.705668702195749,14.184175531665915,18.9,True,32,0.6666666666666666,2,16,0.5,16,0.5,36.829490161657844,1.0,0,M5_UNEQUAL_WIDTH,JUNCTION_REGION
23.1,16,1472.8366893584184,257.87881245169854,5.711352070206563,14.656201933546527,19.0,True,32,0.6666666666666666,2,16,0.5,16,0.5,36.591574699404006,1.0,0,M5_UNEQUAL_WIDTH,JUNCTION_REGION
23.200000000000003,16,1474.3257206921576,257.87881245169854,5.71712622171433,14.89031333739149,19.1,True,32,0.6666666666666666,2,16,0.5,16,0.5,36.35356656626506,1.0,0,M5_UNEQUAL_WIDTH,JUNCTION_REGION
23.3,16,1475.7516833935315,257.87881245169854,5.7226558062808826,14.259627013739191,19.200000000000003,True,32,0.6666666666666666,2,16,0.5,16,0.5,36.11614781822203,1.0,0,M5_UNEQUAL_WIDTH,JUNCTION_REGION
23.400000000000002,16,1477.1250760817602,257.87881245169854,5.727981535351727,13.73392688228705,19.300000000000004,True,32,0.6666666666666666,2,16,0.5,16,0.5,35.879851119154395,1.0,0,M5_UNEQUAL_WIDTH,JUNCTION_REGION
23.5,16,1478.4543870387797,257.87881245169854,5.733136324705615,13.293109570195156,19.400000000000006,True,32,0.6666666666666666,2,16,0.5,16,0.5,35.64508633785364,1.0,0,M5_UNEQUAL_WIDTH,JUNCTION_REGION
23.6,16,1479.7463680185801,257.87881245169854,5.738146356229793,12.91980979800428,19.500000000000007,True,32,0.6666666666666666,2,16,0.5,16,0.5,35.4121705856339,1.0,0,M5_UNEQUAL_WIDTH,JUNCTION_REGION
23.700000000000003,16,1481.0065937219072,257.87881245169854,5.743033247445655,12.602257033270234,19.60000000000001,True,32,0.6666666666666666,2,16,0.5,16,0.5,35.181352295168836,1.0,0,M5_UNEQUAL_WIDTH,JUNCTION_REGION
23.8,16,1482.239860005434,257.87881245169854,5.747815595680478,12.332662835267456,19.70000000000001,True,32,0.6666666666666666,2,16,0.5,16,0.5,34.9528189133826,1.0,0,M5_UNEQUAL_WIDTH,JUNCTION_REGION
23.900000000000002,16,1483.343627436579,257.87881245169854,5.752095774500333,11.037674311451156,19.80000000000001,True,32,0.6666666666666666,2,16,0.5,16,0.5,34.72531825729567,1.0,0,M5_UNEQUAL_WIDTH,JUNCTION_REGION
24.0,16,1484.4086565793896,257.87881245169854,5.756225734355062,10.650291428105447,19.900000000000013,True,32,0.6666666666666666,2,16,0.5,16,0.5,34.497930667001086,1.0,0,M5_UNEQUAL_WIDTH,JUNCTION_REGION
24.1,16,1485.4752742421992,257.87881245169854,5.7603618541574955,10.666176628096764,20.000000000000014,True,32,0.6666666666666666,2,16,0.5,16,0.5,34.27122748153043,1.0,0,M5_UNEQUAL_WIDTH,JUNCTION_REGION
24.200000000000003,16,1486.5434165897668,257.87881245169854,5.764503886367946,10.681423475675729,20.100000000000016,True,32,0.6666666666666666,2,16,0.5,16,0.5,34.04566312716733,1.0,0,M5_UNEQUAL_WIDTH,JUNCTION_REGION
24.3,16,1487.7385653761758,257.87881245169854,5.769138422935904,11.951487864089358,20.200000000000017,True,32,0.6666666666666666,2,16,0.5,16,0.5,33.820605118958355,1.0,0,M5_UNEQUAL_WIDTH,JUNCTION_REGION
24.400000000000002,16,1488.947475877333,257.87881245169854,5.773826324550092,12.089105011573338,20.30000000000002,True,32,0.6666666666666666,2,16,0.5,16,0.5,33.59623409062391,1.0,0,M5_UNEQUAL_WIDTH,JUNCTION_REGION
24.5,16,1490.1280675521652,257.87881245169854,5.778404411689582,11.805916748321579,20.40000000000002,True,32,0.6666666666666666,2,16,0.5,16,0.5,33.372993274997356,1.0,0,M5_UNEQUAL_WIDTH,JUNCTION_REGION
24.6,16,1491.2852473596247,257.87881245169854,5.7828917125130115,11.571798074594426,20.50000000000002,True,32,0.6666666666666666,2,16,0.5,16,0.5,33.15122821661262,1.0,0,M5_UNEQUAL_WIDTH,JUNCTION_REGION
24.700000000000003,16,1492.4228462877704,257.87881245169854,5.787303082789346,11.37598928145735,20.600000000000023,True,32,0.6666666666666666,2,16,0.5,16,0.5,32.93120420678049,1.0,0,M5_UNEQUAL_WIDTH,JUNCTION_REGION
24.8,16,1493.543934253471,257.87881245169854,5.791650427012945,11.210879657005535,20.700000000000024,True,32,0.6666666666666666,2,16,0.5,16,0.5,32.71311584131608,1.0,0,M5_UNEQUAL_WIDTH,JUNCTION_REGION
24.900000000000002,16,1494.6508237289383,257.87881245169854,5.795942712466504,11.068894754673693,20.800000000000026,True,32,0.6666666666666666,2,16,0.5,16,0.5,32.497113349324025,1.0,0,M5_UNEQUAL_WIDTH,JUNCTION_REGION
25.0,16,1495.7451886482668,257.87881245169854,5.800186430315691,10.943649193284273,20.900000000000027,True,32,0.6666666666666666,2,16,0.5,16,0.5,32.2833088305005,1.0,0,M5_UNEQUAL_WIDTH,JUNCTION_REGION
25.1,16,1496.8283147475258,257.87881245169854,5.804386566375577,10.831260992590614,21.00000000000003,True,32,0.6666666666666666,2,16,0.5,16,0.5,32.071783879684716,1.0,0,M5_UNEQUAL_WIDTH,JUNCTION_REGION
25.200000000000003,16,1497.901202238635,257.87881245169854,5.808546999258407,10.728874911092134,21.10000000000003,True,33,0.6875,2,17,0.5151515151515151,16,0.48484848484848486,31.82952095538188,1.0,0,M5_UNEQUAL_WIDTH,JUNCTION_REGION
25.3,16,1498.9646365799733,257.87881245169854,5.812670774807193,10.634343413382794,21.20000000000003,True,33,0.6875,2,17,0.5151515151515151,16,0.48484848484848486,31.62305464068966,1.0,0,M5_UNEQUAL_WIDTH,JUNCTION_REGION
25.400000000000002,16,1500.0192396451787,257.87881245169854,5.816760304517599,10.54603065205356,21.300000000000033,True,33,0.6875,2,17,0.5151515151515151,16,0.48484848484848486,31.41898140437152,1.0,0,M5_UNEQUAL_WIDTH,JUNCTION_REGION
25.5,16,1501.1004598747472,257.87881245169854,5.820953050014172,10.812202295685438,21.400000000000034,True,33,0.6875,2,17,0.5151515151515151,16,0.48484848484848486,31.2170173611876,1.0,0,M5_UNEQUAL_WIDTH,JUNCTION_REGION
25.6,16,1502.258087087304,257.87881245169854,5.825442085780821,11.576272125566902,21.500000000000036,True,33,0.6875,2,17,0.5151515151515151,16,0.48484848484848486,31.01640948353355,1.0,0,M5_UNEQUAL_WIDTH,JUNCTION_REGION
25.700000000000003,16,1503.3775295860173,257.87881245169854,5.829783049228228,11.19442498713397,21.600000000000037,True,33,0.6875,2,17,0.5151515151515151,16,0.48484848484848486,30.817372153841433,1.0,0,M5_UNEQUAL_WIDTH,JUNCTION_REGION
25.8,16,1504.4675797798875,257.87881245169854,5.834010035476174,10.900501938701836,21.70000000000004,True,33,0.6875,2,17,0.5151515151515151,16,0.48484848484848486,30.620070058272603,1.0,0,M5_UNEQUAL_WIDTH,JUNCTION_REGION
25.900000000000002,16,1505.5343899350419,257.87881245169854,5.838146901723587,10.668101551543714,21.80000000000004,True,33,0.6875,2,17,0.5151515151515151,16,0.48484848484848486,30.424626876315045,1.0,0,M5_UNEQUAL_WIDTH,JUNCTION_REGION
26.0,16,1506.582284819718,257.87881245169854,5.842210418515501,10.47894884676225,21.90000000000004,True,33,0.6875,2,17,0.5151515151515151,16,0.48484848484848486,30.23113276115862,1.0,0,M5_UNEQUAL_WIDTH,JUNCTION_REGION
26.1,16,1507.614349265946,257.87881245169854,5.846212548184146,10.320644462278779,22.000000000000043,True,33,0.6875,2,17,0.5151515151515151,16,0.48484848484848486,30.03965543892558,1.0,0,M5_UNEQUAL_WIDTH,JUNCTION_REGION
26.200000000000003,16,1508.6328106030671,257.87881245169854,5.850161927846005,10.184613371211526,22.100000000000044,True,33,0.6875,2,17,0.5151515151515151,16,0.48484848484848486,29.85024476614197,1.0,0,M5_UNEQUAL_WIDTH,JUNCTION_REGION
26.3,16,1509.6392949412375,257.87881245169854,5.8540648632155365,10.064843381703668,22.200000000000045,True,33,0.6875,2,17,0.5151515151515151,16,0.48484848484848486,29.66293362364499,1.0,0,M5_UNEQUAL_WIDTH,JUNCTION_REGION
26.400000000000002,16,1510.6350027578746,257.87881245169854,5.857926009492622,9.957078166371502,22.300000000000047,True,33,0.6875,2,17,0.5151515151515151,16,0.48484848484848486,29.477741264160727,1.0,0,M5_UNEQUAL_WIDTH,JUNCTION_REGION
26.5,16,1511.6208301097763,257.87881245169854,5.861748841397769,9.85827351901662,22.40000000000005,True,33,0.6875,2,17,0.5151515151515151,16,0.48484848484848486,29.294676357785917,1.0,0,M5_UNEQUAL_WIDTH,JUNCTION_REGION
26.6,16,1512.5974530348271,257.87881245169854,5.865535980464239,9.766229250508331,22.50000000000005,True,33,0.6875,2,17,0.5151515151515151,16,0.48484848484848486,29.113739056058634,1.0,0,M5_UNEQUAL_WIDTH,JUNCTION_REGION
26.700000000000003,16,1513.5653871299162,257.87881245169854,5.869289426068733,9.679340950890492,22.60000000000005,True,33,0.6875,2,17,0.5151515151515151,16,0.48484848484848486,28.93492305246852,1.0,0,M5_UNEQUAL_WIDTH,JUNCTION_REGION
26.8,16,1514.525030236148,257.87881245169854,5.873010720955693,9.596431062318516,22.700000000000053,True,33,0.6875,2,17,0.5151515151515151,16,0.48484848484848486,28.758216761461185,1.0,0,M5_UNEQUAL_WIDTH,JUNCTION_REGION
26.900000000000002,16,1515.5482348524995,257.87881245169854,5.876978494060523,10.232046163514497,22.800000000000054,True,33,0.6875,2,17,0.5151515151515151,16,0.48484848484848486,28.582047718405747,1.0,0,M5_UNEQUAL_WIDTH,JUNCTION_REGION
27.0,16,1516.5408499921916,257.87881245169854,5.880827647584441,9.926151396921341,22.900000000000055,True,33,0.6875,2,17,0.5151515151515151,16,0.48484848484848486,28.406237629504815,1.0,0,M5_UNEQUAL_WIDTH,JUNCTION_REGION
27.1,16,1517.5106394989293,257.87881245169854,5.884588288086535,9.697895067376976,23.000000000000057,True,33,0.6875,2,17,0.5151515151515151,16,0.48484848484848486,28.231121248047657,1.0,0,M5_UNEQUAL_WIDTH,JUNCTION_REGION
27.200000000000003,16,1518.4627794134626,257.87881245169854,5.888280487168271,9.521399145332907,23.10000000000006,True,33,0.6875,2,17,0.5151515151515151,16,0.48484848484848486,28.056960765231253,1.0,0,M5_UNEQUAL_WIDTH,JUNCTION_REGION
27.3,16,1519.4007160036135,257.87881245169854,5.891917608734148,9.379365901509118,23.20000000000006,True,33,0.6875,2,17,0.5151515151515151,16,0.48484848484848486,27.883960085492973,1.0,0,M5_UNEQUAL_WIDTH,JUNCTION_REGION
27.400000000000002,16,1520.3267571706824,257.87881245169854,5.895508602341823,9.260411670688882,23.30000000000006,True,33,0.6875,2,17,0.5151515151515151,16,0.48484848484848486,27.71227654801686,1.0,0,M5_UNEQUAL_WIDTH,JUNCTION_REGION
27.5,16,1521.2424608560084,257.87881245169854,5.899059509361366,9.157036853259797,23.400000000000063,True,33,0.6875,2,17,0.5151515151515151,16,0.48484848484848486,27.542027806468724,1.0,0,M5_UNEQUAL_WIDTH,JUNCTION_REGION
27.6,16,1522.148886349134,257.87881245169854,5.902574437495663,9.064254931256528,23.500000000000064,True,33,0.6875,2,17,0.5151515151515151,16,0.48484848484848486,27.373300138916647,1.0,0,M5_UNEQUAL_WIDTH,JUNCTION_REGION
27.700000000000003,16,1523.0467604986898,257.87881245169854,5.906056205311404,8.978741495557188,23.600000000000065,True,33,0.6875,2,17,0.5151515151515151,16,0.48484848484848486,27.206160359460668,1.0,0,M5_UNEQUAL_WIDTH,JUNCTION_REGION
27.8,16,1523.9365878085819,257.87881245169854,5.909506769169025,8.898273098920981,23.700000000000067,True,33,0.6875,2,17,0.5151515151515151,16,0.48484848484848486,27.040658391828146,1.0,0,M5_UNEQUAL_WIDTH,JUNCTION_REGION
27.900000000000002,16,1524.8187235004075,257.87881245169854,5.912927506543449,8.821356918256242,23.800000000000068,True,33,0.6875,2,17,0.5151515151515151,16,0.48484848484848486,26.876828575577477,1.0,0,M5_UNEQUAL_WIDTH,JUNCTION_REGION
28.0,16,1525.6934221090623,257.87881245169854,5.916319404467667,8.746986086548532,23.90000000000007,True,33,0.6875,2,17,0.5151515151515151,16,0.48484848484848486,26.7146929394615,1.0,0,M5_UNEQUAL_WIDTH,JUNCTION_REGION
28.1,16,1526.5608698929182,257.87881245169854,5.919683185212618,8.674477838558232,24.00000000000007,True,33,0.6875,2,17,0.5151515151515151,16,0.48484848484848486,26.554264278097648,1.0,0,M5_UNEQUAL_WIDTH,JUNCTION_REGION
28.200000000000003,16,1527.4212065199863,257.87881245169854,5.923019390381584,8.603366270681363,24.100000000000072,True,33,0.6875,2,17,0.5151515151515151,16,0.48484848484848486,26.39554760307479,1.0,0,M5_UNEQUAL_WIDTH,JUNCTION_REGION
28.3,16,1528.2745396353826,257.87881245169854,5.926328437399769,8.533331153962536,24.200000000000074,True,33,0.6875,2,17,0.5151515151515151,16,0.48484848484848486,26.238541539737795,1.0,0,M5_UNEQUAL_WIDTH,JUNCTION_REGION
28.400000000000002,16,1529.1209546926405,257.87881245169854,5.929610657638069,8.464150572579001,24.300000000000075,True,33,0.6875,2,17,0.5151515151515151,16,0.48484848484848486,26.083239681527772,1.0,0,M5_UNEQUAL_WIDTH,JUNCTION_REGION
28.5,16,1529.9605216253553,257.87881245169854,5.932866322284315,8.39566932714888,24.400000000000077,True,33,0.6875,2,17,0.5151515151515151,16,0.48484848484848486,25.929631677508112,1.0,0,M5_UNEQUAL_WIDTH,JUNCTION_REGION
28.6,16,1530.793299403951,257.87881245169854,5.936095660013454,8.32777778595755,24.500000000000078,True,33,0.6875,2,17,0.5151515151515151,16,0.48484848484848486,25.777704105166578,1.0,0,M5_UNEQUAL_WIDTH,JUNCTION_REGION
28.700000000000003,16,1531.6193391713696,257.87881245169854,5.939298869147097,8.260397674184787,24.60000000000008,True,33,0.6875,2,17,0.5151515151515151,16,0.48484848484848486,25.62744117045966,1.0,0,M5_UNEQUAL_WIDTH,JUNCTION_REGION
28.8,16,1532.4386864194842,257.87881245169854,5.942476126093199,8.193472481145818,24.70000000000008,True,33,0.6875,2,17,0.5151515151515151,16,0.48484848484848486,25.47882525393578,1.0,0,M5_UNEQUAL_WIDTH,JUNCTION_REGION
28.900000000000002,16,1533.2513825108376,257.87881245169854,5.945627591247033,8.126960913534731,24.800000000000082,True,33,0.6875,2,17,0.5151515151515151,16,0.48484848484848486,25.33183735914598,1.0,0,M5_UNEQUAL_WIDTH,JUNCTION_REGION
29.0,16,1534.0574657058523,257.87881245169854,5.948753412974499,8.060831950147076,24.900000000000084,True,33,0.6875,2,17,0.5151515151515151,16,0.48484848484848486,25.186457439006915,1.0,0,M5_UNEQUAL_WIDTH,JUNCTION_REGION
29.1,16,1534.8569718568594,257.87881245169854,5.951853730303426,7.995061510071082,25.000000000000085,True,33,0.6875,2,17,0.5151515151515151,16,0.48484848484848486,25.042664694978683,1.0,0,M5_UNEQUAL_WIDTH,JUNCTION_REGION
29.200000000000003,16,1535.6499349233222,257.87881245169854,5.954928674921496,7.929630664627894,25.100000000000087,True,33,0.6875,2,17,0.5151515151515151,16,0.48484848484848486,24.900437831542845,1.0,0,M5_UNEQUAL_WIDTH,JUNCTION_REGION
29.3,16,1536.4363873665604,257.87881245169854,5.957978372706907,7.864524432382041,25.200000000000088,True,33,0.6875,2,17,0.5151515151515151,16,0.48484848484848486,24.759755243834704,1.0,0,M5_UNEQUAL_WIDTH,JUNCTION_REGION
29.400000000000002,16,1537.2163604592429,257.87881245169854,5.961002944928514,7.799730926824395,25.30000000000009,True,33,0.6875,2,17,0.5151515151515151,16,0.48484848484848486,24.620595167023623,1.0,0,M5_UNEQUAL_WIDTH,JUNCTION_REGION
29.5,16,1537.9898845338464,257.87881245169854,5.964002509209307,7.735240746035288,25.40000000000009,True,33,0.6875,2,17,0.5151515151515151,16,0.48484848484848486,24.482935794246387,1.0,0,M5_UNEQUAL_WIDTH,JUNCTION_REGION
29.6,16,1538.7569891864289,257.87881245169854,5.966977180316598,7.6710465258247496,25.500000000000092,True,33,0.6875,2,17,0.5151515151515151,16,0.48484848484848486,24.34675536915411,1.0,0,M5_UNEQUAL_WIDTH,JUNCTION_REGION
29.700000000000003,16,1539.5177034466933,257.87881245169854,5.969927070821491,7.607142602644217,25.600000000000094,True,33,0.6875,2,17,0.5151515151515151,16,0.48484848484848486,24.212032258154153,1.0,0,M5_UNEQUAL_WIDTH,JUNCTION_REGION
29.8,16,1540.2720559217673,257.87881245169854,5.972852291656434,7.543524750740289,25.700000000000095,True,33,0.6875,2,17,0.5151515151515151,16,0.48484848484848486,24.078745006425734,1.0,0,M5_UNEQUAL_WIDTH,JUNCTION_REGION
29.900000000000002,16,1541.02007491884,257.87881245169854,5.975752952590774,7.480189970726769,25.800000000000097,True,33,0.6875,2,17,0.5151515151515151,16,0.48484848484848486,23.94687238097879,1.0,0,M5_UNEQUAL_WIDTH,JUNCTION_REGION
