timestamp,front_cohort_size,front_cohort_center_x,front_cohort_center_y,runtime_forward_x,runtime_forward_y,front_cohort_lateral_variance,front_cohort_baseline,front_cohort_expansion_ratio,front_cohort_variance_rate,front_cohort_expansion_dwell,front_cohort_sustained_marker,boundary_count,boundary_fraction,component_count,largest_component_size,largest_component_fraction,second_component_size,second_component_fraction,min_component_angular_separation,boundary_membership_retention,first_component_split,component_match_collision_count,map_case,phase,evaluation_frontmost_progress,evaluation_front_center_progress,evaluation_entrance_progress,outside_free_space_robot_count,wall_penetration_event_count
0.1,16,0.0,-123.19173986995087,-1.70698497021088e-18,1.0,257.87881245169854,257.87881245169854,1.0,0.0,0.0,False,24,0.5,1,24,1.0,0,0.0,nan,1.0,0,0,M2_T_JUNCTION,CORRIDOR,-119.66531984617669,-123.19173986995087,-42.0,0,0
0.2,16,2.220446049250313e-16,-122.77783358432495,-2.2592509434550975e-18,1.0,258.72305397919297,257.87881245169854,1.003273791745309,8.442415274944324,0.0,False,24,0.5,1,24,1.0,0,0.0,nan,1.0,0,0,M2_T_JUNCTION,CORRIDOR,-119.21609742674282,-122.77783358432495,-42.0,0,0
0.30000000000000004,16,4.440892098500626e-16,-122.23395837579375,0.0,1.0,259.8319033039768,257.87881245169854,1.0075736770838593,11.088493247838187,0.0,False,24,0.5,1,24,1.0,0,0.0,nan,1.0,0,0,M2_T_JUNCTION,CORRIDOR,-118.62612067244531,-122.23395837579375,-42.0,0,0
0.4,16,-2.220446049250313e-16,-121.58495931154154,2.2654671856653805e-18,1.0,261.15381519526386,257.87881245169854,1.0126997744112023,13.219118912870726,0.0,False,24,0.5,1,24,1.0,0,0.0,nan,1.0,0,0,M2_T_JUNCTION,CORRIDOR,-117.92260245053826,-121.58495931154154,-42.0,0,0
0.5,16,-4.440892098500626e-16,-120.85098900915631,3.370737906263428e-19,1.0,262.6464116157038,257.87881245169854,1.018487750578184,14.92596420439952,0.0,False,24,0.5,1,24,1.0,0,0.0,nan,1.0,0,0,M2_T_JUNCTION,CORRIDOR,-117.12767727284032,-120.85098900915631,-42.0,0,0
0.6000000000000001,16,2.220446049250313e-16,-120.04839308191288,-6.202528893677766e-19,1.0,264.2747553411332,257.87881245169854,1.0248021263500762,16.283437254293744,0.0,False,24,0.5,1,24,1.0,0,0.0,nan,1.0,0,0,M2_T_JUNCTION,CORRIDOR,-116.2593483385283,-120.04839308191288,-42.0,0,0
0.7000000000000001,16,-2.220446049250313e-16,-119.19042845520676,0.0,1.0,266.0099845709877,257.87881245169854,1.031530981711854,17.352292298544967,0.0,False,24,0.5,1,24,1.0,0,0.0,nan,1.0,0,0,M2_T_JUNCTION,CORRIDOR,-115.33225720400968,-119.19042845520676,-42.0,0,0
0.8,16,0.0,-118.28784612549379,-1.1103631306846884e-18,1.0,267.8282245948095,257.87881245169854,1.0385817355389542,18.182400238218293,0.0,False,24,0.5,1,24,1.0,0,0.0,nan,1.0,0,0,M2_T_JUNCTION,CORRIDOR,-114.35830927004497,-118.28784612549379,-42.0,0,0
0.9,16,0.0,-117.34936396244869,-5.348421738500826e-19,1.0,269.70971379836067,257.87881245169854,1.0458777564321151,18.814892035511548,0.0,False,24,0.5,1,24,1.0,0,0.0,nan,1.0,0,0,M2_T_JUNCTION,CORRIDOR,-113.34718213104085,-117.34936396244869,-42.0,0,0
1.0,16,4.440892098500626e-16,-116.38205031485714,-3.635997679012064e-18,1.0,271.6380968162073,257.87881245169854,1.0533556217112094,19.283830178466133,0.0,False,24,0.5,1,24,1.0,0,0.0,nan,1.0,0,0,M2_T_JUNCTION,CORRIDOR,-112.30673879883814,-116.38205031485714,-42.0,0,0
1.1,16,-2.220446049250313e-16,-115.39163525675919,-1.5227381178948246e-18,1.0,273.59984906182314,257.87881245169854,1.0609628858635651,19.617522456158554,0.0,False,24,0.5,1,24,1.0,0,0.0,nan,1.0,0,0,M2_T_JUNCTION,CORRIDOR,-111.24336369901009,-115.39163525675919,-42.0,0,0
1.2000000000000002,16,0.0,-114.3827628857577,-2.4918543575245477e-18,1.0,275.5838053244795,257.87881245169854,1.0686562525414807,19.839562626563634,0.0,False,24,0.5,1,24,1.0,0,0.0,nan,1.0,0,0,M2_T_JUNCTION,CORRIDOR,-110.16223464946353,-114.3827628857577,-42.0,0,0
1.3,16,-8.881784197001252e-16,-113.35913997110342,-4.911533659874782e-19,1.0,277.58125993791595,257.87881245169854,1.076401962995342,19.97454613436446,0.0,False,24,0.5,1,24,1.0,0,0.0,nan,1.0,0,0,M2_T_JUNCTION,CORRIDOR,-109.06738603254293,-113.35913997110342,-42.0,0,0
1.4000000000000001,16,4.440892098500626e-16,-112.32371385190217,4.854586543174185e-19,1.0,279.5857016486634,257.87881245169854,1.0841747679485325,20.044417107474715,0.0,False,24,0.5,1,24,1.0,0,0.0,nan,1.0,0,0,M2_T_JUNCTION,CORRIDOR,-107.96193812520416,-112.32371385190217,-42.0,0,0
1.5,16,2.220446049250313e-16,-111.27887282881485,-9.618836808768552e-19,1.0,281.59182875112947,257.87881245169854,1.091954108497659,20.061271024660527,0.0,False,24,0.5,1,24,1.0,0,0.0,nan,1.0,0,0,M2_T_JUNCTION,CORRIDOR,-106.84841600496956,-111.27887282881485,-42.0,0,0
1.6,16,-2.220446049250313e-16,-110.22653876053242,9.546887476090205e-19,1.0,283.5957111279471,257.87881245169854,1.0997247444710696,20.038823768176144,0.0,False,24,0.5,1,24,1.0,0,0.0,nan,1.0,0,0,M2_T_JUNCTION,CORRIDOR,-105.72886036347775,-110.22653876053242,-42.0,0,0
1.7000000000000002,16,-2.220446049250313e-16,-109.1682588102174,4.744696398362306e-19,1.0,285.594529622868,257.87881245169854,1.1074757437715466,19.98818494920897,0.0,False,24,0.5,1,24,1.0,0,0.0,nan,1.0,0,0,M2_T_JUNCTION,CORRIDOR,-104.60491763668928,-109.1682588102174,-42.0,0,0
1.8,16,4.440892098500626e-16,-108.10528891610258,-9.443327283613958e-19,1.0,287.5859869454057,257.87881245169854,1.115198197987946,19.914573225377126,0.0,False,24,0.5,1,24,1.0,0,0.0,nan,1.0,0,0,M2_T_JUNCTION,CORRIDOR,-103.47791334835956,-108.10528891610258,-42.0,0,0
1.9000000000000001,16,0.0,-107.03864906232378,4.703170392634994e-19,1.0,289.56821837990117,257.87881245169854,1.1228848761436658,19.822314344954748,0.0,False,24,0.5,1,24,1.0,0,0.0,nan,1.0,0,0,M2_T_JUNCTION,CORRIDOR,-102.34891181729112,-107.03864906232378,-42.0,0,0
2.0,16,-2.220446049250313e-16,-105.96916803265681,4.688296717753324e-19,1.0,291.53971872663277,257.87881245169854,1.1305299413895782,19.715003467316023,0.0,False,24,0.5,1,24,1.0,0,0.0,nan,1.0,0,0,M2_T_JUNCTION,CORRIDOR,-101.21876478889064,-105.96916803265681,-42.0,0,0
2.1,16,4.440892098500626e-16,-104.89751964600579,4.676317826833711e-19,1.0,293.49928154943194,257.87881245169854,1.1381287154190118,19.59562822799171,0.0,False,24,0.5,1,24,1.0,0,0.0,nan,1.0,0,0,M2_T_JUNCTION,CORRIDOR,-100.08815106670802,-104.89751964600579,-42.0,0,0
2.2,16,2.220446049250313e-16,-103.82425209309493,4.666659705162808e-19,1.0,295.4459485952292,257.87881245169854,1.1456774823273512,19.466670457972555,0.0,False,24,0.5,1,24,1.0,0,0.0,nan,1.0,0,0,M2_T_JUNCTION,CORRIDOR,-98.95760882657011,-103.82425209309493,-42.0,0,0
2.3000000000000003,16,0.0,-102.74981168638512,1.6306030378105181e-18,1.0,297.37896763779213,257.87881245169854,1.1531733251388852,19.330190425629326,0.0,False,24,0.5,1,24,1.0,0,0.0,nan,1.0,0,0,M2_T_JUNCTION,CORRIDOR,-97.8275619777317,-102.74981168638512,-42.0,0,0
2.4000000000000004,16,-2.220446049250313e-16,-101.67456208613163,1.3957715505730298e-18,1.0,299.29775731125244,257.87881245169854,1.1606139894385925,19.1878967346031,0.0,False,24,0.5,1,24,1.0,0,0.0,nan,1.0,0,0,M2_T_JUNCTION,CORRIDOR,-96.69834167786689,-101.67456208613163,-42.0,0,0
2.5,16,-4.440892098500626e-16,-100.59879986364832,9.294972316633342e-19,1.0,301.20187775349257,257.87881245169854,1.1679977695333483,19.04120442240128,0.0,False,24,0.5,1,24,1.0,0,0.0,nan,1.0,0,0,M2_T_JUNCTION,CORRIDOR,-95.57020390015155,-100.59879986364832,-42.0,0,0
2.6,16,0.0,-99.522767099294,6.965062354487946e-19,1.0,303.0910060866608,257.87881245169854,1.175323413370498,18.891283331682303,0.0,False,24,0.5,1,24,1.0,0,0.0,nan,1.0,0,0,M2_T_JUNCTION,CORRIDOR,-94.44334378178468,-99.522767099294,-42.0,0,0
2.7,16,0.0,-98.44666158017341,1.160012528603295e-18,1.0,304.9649159311759,257.87881245169854,1.1825900430974596,18.73909844515083,0.0,False,24,0.5,1,24,1.0,0,0.0,nan,1.0,0,0,M2_T_JUNCTION,CORRIDOR,-93.3179073464878,-98.44666158017341,-42.0,0,0
2.8000000000000003,16,2.220446049250313e-16,-97.37064505517293,4.637360523902305e-19,1.0,306.8234602879023,257.87881245169854,1.1897970886823874,18.585443567264406,0.0,False,24,0.5,1,24,1.0,0,0.0,nan,1.0,0,0,M2_T_JUNCTION,CORRIDOR,-92.1940010826807,-97.37064505517293,-42.0,0,0
2.9000000000000004,16,4.440892098500626e-16,-96.29484991794916,6.952776360276579e-19,1.0,308.66655723655913,257.87881245169854,1.196944232455597,18.430969486568074,0.0,False,24,0.5,1,24,1.0,0,0.0,nan,1.0,0,0,M2_T_JUNCTION,CORRIDOR,-91.0716997692012,-96.29484991794916,-42.0,0,0
3.0,16,-2.220446049250313e-16,-95.21938461800086,-2.3167114735776965e-19,1.0,310.4941779915816,257.87881245169854,1.2040313627926995,18.276207550224512,0.0,False,24,0.5,1,24,1.0,0,0.0,nan,1.0,0,0,M2_T_JUNCTION,CORRIDOR,-89.95105286760668,-95.21938461800086,-42.0,0,0
3.1,16,-2.220446049250313e-16,-94.14433804284263,0.0,1.0,312.30633693335153,257.87881245169854,1.2110585354578032,18.12158941769951,0.0,False,24,0.5,1,24,1.0,0,0.0,nan,1.0,0,0,M2_T_JUNCTION,CORRIDOR,-88.83208974102219,-94.14433804284263,-42.0,0,0
3.2,16,-2.220446049250313e-16,-93.06978306802878,2.0838794102317618e-18,1.0,314.1030832959945,257.87881245169854,1.21802594137053,17.967463626429776,0.0,False,24,0.5,1,24,1.0,0,0.0,nan,1.0,0,0,M2_T_JUNCTION,CORRIDOR,-87.71482391156196,-93.06978306802878,-42.0,0,0
3.3000000000000003,16,2.220446049250313e-16,-91.99577943428864,-9.25981739285125e-19,1.0,315.88449424527846,257.87881245169854,1.2249338797635596,17.81410949283952,0.0,False,24,0.5,1,24,1.0,0,0.0,nan,1.0,0,0,M2_T_JUNCTION,CORRIDOR,-86.59925652942533,-91.99577943428864,-42.0,0,0
3.4000000000000004,16,0.0,-90.92237608066657,9.258304157019994e-19,1.0,317.65066912351523,257.87881245169854,1.2317827358655613,17.66174878236768,0.0,False,24,0.5,1,24,1.0,0,0.0,nan,1.0,0,0,M2_T_JUNCTION,CORRIDOR,-85.4853791951407,-90.92237608066657,-42.0,0,0
3.5,16,0.0,-89.84961270027736,2.3142696996260296e-19,1.0,319.4017246727026,257.87881245169854,1.238572962377541,17.51055549187356,0.0,False,24,0.5,1,24,1.0,0,0.0,nan,1.0,0,0,M2_T_JUNCTION,CORRIDOR,-84.37317625071327,-89.84961270027736,-42.0,0,0
3.6,16,0.0,-88.7775087531938,6.942064871888668e-19,1.0,321.13779103723397,257.87881245169854,1.2453050639721865,17.36066364531382,0.0,False,24,0.5,1,24,1.0,0,0.0,nan,1.0,0,0,M2_T_JUNCTION,OPENING_APPROACH,-83.26262660615487,-88.7775087531938,-42.0,0,0
3.7,16,2.220446049250313e-16,-87.70606333129344,1.6196745051614343e-18,1.0,322.85900940062885,257.87881245169854,1.2519795881296036,17.212183633948825,0.0,False,24,0.5,1,24,1.0,0,0.0,nan,1.0,0,0,M2_T_JUNCTION,OPENING_APPROACH,-82.15370495249387,-87.70606333129344,-42.0,0,0
3.8000000000000003,16,0.0,-86.6352745456282,4.627316032726954e-19,1.0,324.5655313039728,257.87881245169854,1.2585971224943688,17.06521903343969,0.0,False,24,0.5,1,24,1.0,0,0.0,nan,1.0,0,0,M2_T_JUNCTION,OPENING_APPROACH,-81.04638252535892,-86.6352745456282,-42.0,0,0
3.9000000000000004,16,2.220446049250313e-16,-85.56513986907716,-2.3135262418470166e-19,1.0,326.25751722484404,257.87881245169854,1.2651582893649047,16.919859208712182,0.0,False,24,0.5,1,24,1.0,0,0.0,nan,1.0,0,0,M2_T_JUNCTION,OPENING_APPROACH,-79.94062777669797,-85.56513986907716,-42.0,0,0
4.0,16,4.440892098500626e-16,-84.49564908800143,6.940258546474757e-19,1.0,327.9351319970673,257.87881245169854,1.2716637279322454,16.77614772223251,0.0,False,24,0.5,1,24,1.0,0,0.0,nan,1.0,0,0,M2_T_JUNCTION,OPENING_APPROACH,-78.83640699054479,-84.49564908800143,-42.0,0,0
4.1000000000000005,16,-2.220446049250313e-16,-83.4267900775201,2.3133330743616774e-19,1.0,329.59854648270885,257.87881245169854,1.2781141007636818,16.634144856415674,0.0,False,24,0.5,1,24,1.0,0,0.0,nan,1.0,0,0,M2_T_JUNCTION,OPENING_APPROACH,-77.73368483912165,-83.4267900775201,-42.0,0,0
4.2,16,0.0,-82.35855237202149,-2.313263061781636e-19,1.0,331.24793838987785,257.87881245169854,1.2845100969740255,16.493919071689902,0.1,True,24,0.5,1,24,1.0,0,0.0,nan,1.0,0,0,M2_T_JUNCTION,OPENING_APPROACH,-76.63242487848247,-82.35855237202149,-42.0,0,0
4.3,16,0.0,-81.29092075379923,2.3132063546982714e-19,1.0,332.8834842042532,257.87881245169854,1.2908524009377593,16.35545814375348,0.2,True,24,0.5,1,24,1.0,0,0.0,nan,1.0,0,0,M2_T_JUNCTION,OPENING_APPROACH,-75.53258998487863,-81.29092075379923,-42.0,0,0
4.4,16,2.220446049250313e-16,-80.22387788262252,-6.9394812719962445e-19,1.0,334.5054260886567,257.87881245169854,1.2971419517115643,16.219418844034976,0.30000000000000004,True,24,0.5,1,24,1.0,0,0.0,nan,1.0,0,0,M2_T_JUNCTION,OPENING_APPROACH,-74.43414273429957,-80.22387788262252,-42.0,0,0
4.5,16,0.0,-79.1574092202624,4.626246442938371e-19,1.0,336.1141594783905,257.87881245169854,1.3033802827106848,16.087333897338,0.4,True,24,0.5,1,24,1.0,0,0.0,nan,1.0,0,0,M2_T_JUNCTION,OPENING_APPROACH,-73.33704572794542,-79.1574092202624,-42.0,0,0
4.6000000000000005,16,-1.1102230246251565e-15,-78.09150232368269,9.25237235318975e-19,1.0,337.71006144550546,257.87881245169854,1.309568856141524,15.95901967114969,0.5,True,24,0.5,1,24,1.0,0,0.0,nan,1.0,0,0,M2_T_JUNCTION,OPENING_APPROACH,-72.24126186621037,-78.09150232368269,-42.0,0,0
4.7,16,2.220446049250313e-16,-77.0261460392201,-6.939206043011482e-19,1.0,339.29349200599313,257.87881245169854,1.3157090680706613,15.834305604876704,0.6,True,24,0.5,1,24,1.0,0,0.0,nan,1.0,0,0,M2_T_JUNCTION,OPENING_APPROACH,-71.14675457572868,-77.0261460392201,-42.0,0,0
4.800000000000001,16,6.661338147750939e-16,-75.96132987441591,1.1565244557367908e-18,1.0,340.8648961174415,257.87881245169854,1.3218026439503885,15.714041114483734,0.7,True,24,0.5,1,24,1.0,0,0.0,nan,1.0,0,0,M2_T_JUNCTION,OPENING_APPROACH,-70.05348799328483,-75.96132987441591,-42.0,0,0
4.9,16,-6.661338147750939e-16,-74.89704359478729,1.6191230288812619e-18,1.0,342.4232283814339,257.87881245169854,1.3278455299446936,15.583322639923836,0.7999999999999999,True,24,0.5,1,24,1.0,0,0.0,nan,1.0,0,0,M2_T_JUNCTION,OPENING_APPROACH,-68.96142708433193,-74.89704359478729,-42.0,0,0
5.0,16,6.661338147750939e-16,-73.83327695104938,2.544321920773808e-18,1.0,343.95645520577926,257.87881245169854,1.3337910623045208,15.332268243453768,0.8999999999999999,True,24,0.5,1,24,1.0,0,0.0,nan,1.0,0,0,M2_T_JUNCTION,OPENING_APPROACH,-67.87053768930022,-73.83327695104938,-42.0,0,0
5.1000000000000005,16,2.220446049250313e-16,-72.77001939497497,5.319921670687576e-18,1.0,345.45214995847357,257.87881245169854,1.339591053154775,14.956947526943054,0.9999999999999999,True,24,0.5,1,24,1.0,0,0.0,nan,1.0,0,0,M2_T_JUNCTION,OPENING_APPROACH,-66.78078655979296,-72.77001939497497,-42.0,0,0
5.2,16,0.0,-71.70725990115588,6.939002736894493e-18,1.0,346.90118026639857,257.87881245169854,1.3452100890660577,14.490303079249998,1.0999999999999999,True,24,0.5,1,24,1.0,0,0.0,nan,1.0,0,0,M2_T_JUNCTION,OPENING_APPROACH,-65.69214139540153,-71.70725990115588,-42.0,0,0
5.300000000000001,16,0.0,-70.64498692921585,9.020676675873467e-18,1.0,348.297448250265,257.87881245169854,1.350624523740205,13.962679838664371,1.2,True,24,0.5,1,24,1.0,0,0.0,nan,1.0,0,0,M2_T_JUNCTION,OPENING_APPROACH,-64.60457011591687,-70.64498692921585,-42.0,0,0
5.4,16,-2.220446049250313e-16,-69.58318848201749,1.2258838712292865e-17,1.0,349.6375719778042,257.87881245169854,1.3558212427525134,13.401237275392077,1.3,True,24,0.5,1,24,1.0,0,0.0,nan,1.0,0,0,M2_T_JUNCTION,OPENING_APPROACH,-63.518040389536175,-69.58318848201749,-42.0,0,0
5.5,16,-6.661338147750939e-16,-68.52185222420219,1.4109201874980634e-17,1.0,350.920341052303,257.87881245169854,1.3607955524381492,12.827690744987876,1.4000000000000001,True,24,0.5,1,24,1.0,0,0.0,nan,1.0,0,0,M2_T_JUNCTION,OPENING_APPROACH,-62.43252110164862,-68.52185222420219,-42.0,0,0
5.6000000000000005,16,-2.220446049250313e-16,-67.46096563444254,1.572826570571454e-17,1.0,352.1463329839456,257.87881245169854,1.365549692260599,12.259919316426249,1.5000000000000002,True,24,0.5,1,24,1.0,0,0.0,nan,1.0,0,0,M2_T_JUNCTION,OPENING_APPROACH,-61.34798246251302,-67.46096563444254,-42.0,0,0
5.7,16,0.0,-66.40051617187122,1.7809925084838556e-17,1.0,353.3175581916365,257.87881245169854,1.3700914582031198,11.712252076908953,1.6000000000000003,True,24,0.5,1,24,1.0,0,0.0,nan,1.0,0,0,M2_T_JUNCTION,OPENING_APPROACH,-60.26439596886614,-66.40051617187122,-42.0,0,0
5.800000000000001,16,2.220446049250313e-16,-65.34049144262192,1.8735096531270872e-17,1.0,354.4371260759218,257.87881245169854,1.3744329078695015,11.195678842852885,1.7000000000000004,True,24,0.5,1,24,1.0,0,0.0,nan,1.0,0,0,M2_T_JUNCTION,OPENING_APPROACH,-59.181734365173895,-65.34049144262192,-42.0,0,0
5.9,16,0.0,-64.28087935660592,2.012286452319777e-17,1.0,355.5089392516536,257.87881245169854,1.3785891747824046,10.718131757317906,1.8000000000000005,True,24,0.5,1,24,1.0,0,0.0,nan,1.0,0,0,M2_T_JUNCTION,OPENING_APPROACH,-58.09997160385796,-64.28087935660592,-42.0,0,0
6.0,16,2.220446049250313e-16,-63.22166826783873,1.9428959397741022e-17,1.0,356.5374208499514,257.87881245169854,1.3825774109175095,10.284815982977875,1.9000000000000006,True,24,0.5,1,24,1.0,0,0.0,nan,1.0,0,0,M2_T_JUNCTION,OPENING_APPROACH,-57.01908280421241,-63.22166826783873,-42.0,0,0
6.1000000000000005,16,0.0,-62.16284709406476,1.8041166621236212e-17,1.0,357.52727775426087,257.87881245169854,1.3864158685825605,9.898569043094767,2.0000000000000004,True,24,0.5,1,24,1.0,0,0.0,nan,1.0,0,0,M2_T_JUNCTION,OPENING_APPROACH,-55.939044209993405,-62.16284709406476,-42.0,0,0
6.2,16,6.661338147750939e-16,-61.10440541329891,1.6653377124661037e-17,1.0,358.4833008180186,257.87881245169854,1.3901231257033324,9.560230637577547,2.1000000000000005,True,24,0.5,1,24,1.0,0,0.0,nan,1.0,0,0,M2_T_JUNCTION,OPENING_APPROACH,-54.85983314584484,-61.10440541329891,-42.0,0,0
6.300000000000001,16,2.220446049250313e-16,-60.04633353635496,1.5496886987595885e-17,1.0,359.4102015791333,257.87881245169854,1.3937174526366019,9.269007611146662,2.2000000000000006,True,24,0.5,1,24,1.0,0,0.0,nan,1.0,0,0,M2_T_JUNCTION,OPENING_APPROACH,-53.78142797283683,-60.04633353635496,-42.0,0,0
6.4,16,-2.220446049250313e-16,-58.98862255556503,1.4109101922837833e-17,1.0,360.3124837647665,257.87881245169854,1.3972163138926124,9.022821856332257,2.3000000000000007,True,24,0.5,1,24,1.0,0,0.0,nan,1.0,0,0,M2_T_JUNCTION,OPENING_APPROACH,-52.703808043457904,-58.98862255556503,-42.0,0,0
6.5,16,-2.220446049250313e-16,-57.93126437078057,1.3646505173331901e-17,1.0,361.1943469682707,257.87881245169854,1.4006359946144216,8.818632035041674,2.400000000000001,True,24,0.5,1,24,1.0,0,0.0,nan,1.0,0,0,M2_T_JUNCTION,OPENING_APPROACH,-51.626953656428554,-57.93126437078057,-42.0,0,0
6.6000000000000005,16,4.440892098500626e-16,-56.87425169442764,1.2952612585866233e-17,1.0,362.0596192587086,257.87881245169854,1.4039913392517405,8.652722904379289,2.500000000000001,True,24,0.5,1,24,1.0,0,0.0,nan,1.0,0,0,M2_T_JUNCTION,OPENING_APPROACH,-50.55084601170412,-56.87425169442764,-42.0,0,0
6.7,16,-8.881784197001252e-16,-55.817578037895636,1.318390718304921e-17,1.0,362.91088755086304,257.87881245169854,1.4072923793180463,8.512682921544297,2.600000000000001,True,24,0.5,1,24,1.0,0,0.0,nan,1.0,0,0,M2_T_JUNCTION,OPENING_APPROACH,-49.47546716601587,-55.817578037895636,-42.0,0,0
6.800000000000001,16,-6.661338147750939e-16,-54.7612376818839,1.0177049873219239e-17,1.0,363.74239040164025,257.87881245169854,1.410516773144247,8.315028507772126,2.700000000000001,True,24,0.5,1,24,1.0,0,0.0,nan,1.0,0,0,M2_T_JUNCTION,OPENING_APPROACH,-48.40079998926794,-54.7612376818839,-42.0,0,0
6.9,16,-2.220446049250313e-16,-53.705225633452365,6.938896930815419e-18,1.0,364.54587642498853,257.87881245169854,1.4136325235841896,8.034860233482846,2.800000000000001,True,24,0.5,1,24,1.0,0,0.0,nan,1.0,0,0,M2_T_JUNCTION,OPENING_APPROACH,-47.32682812206771,-53.705225633452365,-42.0,0,0
7.0,16,0.0,-52.649537572358554,2.3129654519008856e-18,1.0,365.31527482719156,257.87881245169854,1.4166160893718873,7.693984022030236,2.9000000000000012,True,24,0.5,1,24,1.0,0,0.0,nan,1.0,0,0,M2_T_JUNCTION,OPENING_APPROACH,-46.25353593462223,-52.649537572358554,-42.0,0,0
7.1000000000000005,16,-2.220446049250313e-16,-51.59416978921677,9.251861186481855e-19,1.0,366.04647621239747,257.87881245169854,1.4194515351312897,7.312013852059067,3.0000000000000013,True,24,0.5,1,24,1.0,0,0.0,nan,1.0,0,0,M2_T_JUNCTION,OPENING_APPROACH,-45.180908487182684,-51.59416978921677,-42.0,0,0
7.2,16,0.0,-50.539119118068754,-1.8503721366746704e-18,1.0,366.737096378602,257.87881245169854,1.4221296154265988,6.906201662045532,3.1000000000000014,True,24,0.5,1,24,1.0,0,0.0,nan,1.0,0,0,M2_T_JUNCTION,OPENING_APPROACH,-44.108931492166825,-50.539119118068754,-42.0,0,0
7.300000000000001,16,-2.220446049250313e-16,-49.48438286588929,-3.2381510965494256e-18,1.0,367.3862314568019,257.87881245169854,1.4246468252432116,6.491350781998904,3.2000000000000015,True,24,0.5,1,24,1.0,0,0.0,nan,1.0,0,0,M2_T_JUNCTION,OPENING_APPROACH,-43.037591278040225,-49.48438286588929,-42.0,0,0
7.4,16,-8.881784197001252e-16,-48.42995874137306,-4.741578222205111e-18,1.0,367.994212339861,257.87881245169854,1.427004447714321,6.079808830590991,3.3000000000000016,True,24,0.5,1,24,1.0,0,0.0,nan,1.0,0,0,M2_T_JUNCTION,BOUNDARY_CROSSING,-41.96687475499474,-48.42995874137306,-42.0,0,0
7.5,16,8.881784197001252e-16,-47.37584478509161,-5.435467561056266e-18,1.0,368.5623655675149,257.87881245169854,1.4292076268830645,5.681532276539087,3.4000000000000017,True,24,0.5,1,24,1.0,0,0.0,nan,1.0,0,0,M2_T_JUNCTION,BOUNDARY_CROSSING,-40.89676938242771,-47.37584478509161,-42.0,0,0
7.6000000000000005,16,6.661338147750939e-16,-46.322039302797485,-6.938894596366498e-18,1.0,369.0927867761774,257.87881245169854,1.4312644891883453,5.304212086624602,3.5000000000000018,True,24,0.5,1,24,1.0,0,0.0,nan,1.0,0,0,M2_T_JUNCTION,BOUNDARY_CROSSING,-39.827263138198234,-46.322039302797485,-42.0,0,0
7.7,16,8.881784197001252e-16,-45.26854080330563,-7.748432152359139e-18,1.0,369.58884655193117,257.87881245169854,1.4331881050567357,4.960597757537926,3.600000000000002,True,24,0.5,1,24,1.0,0,0.0,nan,1.0,0,0,M2_T_JUNCTION,BOUNDARY_CROSSING,-38.75834448961836,-45.26854080330563,-42.0,0,0
7.800000000000001,16,0.0,-44.21534794201549,-8.673617947787178e-18,1.0,370.0648621829977,257.87881245169854,1.4350339939319827,4.760156310665025,3.700000000000002,True,24,0.5,1,24,1.0,0,0.0,nan,1.0,0,0,M2_T_JUNCTION,BOUNDARY_CROSSING,-37.69000236615482,-44.21534794201549,-42.0,0,0
7.9,16,0.0,-43.16245947095924,-8.962738434548423e-18,1.0,370.5527808565556,257.87881245169854,1.4369260403119053,4.879186735579424,3.800000000000002,True,24,0.5,1,24,1.0,0,0.0,nan,1.0,0,0,M2_T_JUNCTION,BOUNDARY_CROSSING,-36.6222261338814,-43.16245947095924,-42.0,0,0
8.0,16,0.0,-42.10987419643936,-9.830100119483318e-18,1.0,371.09183362154783,257.87881245169854,1.4390163739840178,5.3905276499222055,3.900000000000002,True,24,0.5,1,24,1.0,0,0.0,nan,1.0,0,0,M2_T_JUNCTION,BOUNDARY_CROSSING,-35.55500555139808,-42.10987419643936,-42.0,0,0
8.1,16,4.440892098500626e-16,-41.05759094560483,-9.714451803493962e-18,1.0,371.6838450900899,257.87881245169854,1.4413120704117846,5.920114685420685,4.000000000000002,True,24,0.5,1,24,1.0,0,0.0,nan,1.0,0,0,M2_T_JUNCTION,JUNCTION_REGION,-34.48833054671051,-41.05759094560483,-42.0,0,0
8.200000000000001,16,-1.5543122344752192e-15,-40.00560854272649,-9.945748209252035e-18,1.0,372.3185752481817,257.87881245169854,1.443773420966556,6.347301580917701,4.100000000000001,True,24,0.5,1,24,1.0,0,0.0,nan,1.0,0,0,M2_T_JUNCTION,JUNCTION_REGION,-33.42219134655707,-40.00560854272649,-42.0,0,0
8.3,16,-8.881784197001252e-16,-38.95392579405042,-1.0292692859107533e-17,1.0,372.98762613794497,257.87881245169854,1.4463678601273482,6.690508897632981,4.200000000000001,True,24,0.5,1,24,1.0,0,0.0,nan,1.0,0,0,M2_T_JUNCTION,JUNCTION_REGION,-32.3565786407115,-38.95392579405042,-42.0,0,0
8.4,16,-2.220446049250313e-16,-37.902541479151864,-9.945748112850554e-18,1.0,373.68408835379,257.87881245169854,1.4490685946670478,6.964622158450311,4.300000000000001,True,24,0.5,1,24,1.0,0,0.0,nan,1.0,0,0,M2_T_JUNCTION,JUNCTION_REGION,-31.2914835986194,-37.902541479151864,-42.0,0,0
8.5,16,0.0,-36.85145434717764,-1.1102230412546626e-17,1.0,374.4022788028919,257.87881245169854,1.451853586742488,7.181904491018827,4.4,True,24,0.5,1,24,1.0,0,0.0,nan,1.0,0,0,M2_T_JUNCTION,JUNCTION_REGION,-30.226897868223453,-36.85145434717764,-42.0,0,0
8.6,16,4.440892098500626e-16,-35.80066311677664,-1.0870933914680761e-17,1.0,375.1375281448511,257.87881245169854,1.4547047296299904,7.352493419592179,4.5,True,24,0.5,1,24,1.0,0,0.0,nan,1.0,0,0,M2_T_JUNCTION,JUNCTION_REGION,-29.162813562376456,-35.80066311677664,-42.0,0,0
8.700000000000001,16,2.220446049250313e-16,-34.75016647875359,-8.789265697991552e-18,1.0,375.88610565883846,257.87881245169854,1.4576075563758968,7.485775139873567,4.6,True,24,0.5,1,24,1.0,0,0.0,nan,1.0,0,0,M2_T_JUNCTION,JUNCTION_REGION,-28.0992232372113,-34.75016647875359,-42.0,0,0
8.8,16,-4.440892098500626e-16,-33.699963108919995,-7.170190424446976e-18,1.0,376.6510196866923,257.87881245169854,1.4605737326995025,7.649140278538198,4.699999999999999,True,24,0.5,1,24,1.0,0,0.0,nan,1.0,0,0,M2_T_JUNCTION,JUNCTION_REGION,-27.036119865692882,-33.699963108919995,-42.0,0,0
8.9,16,0.0,-32.650051808163866,-5.319818693963147e-18,1.0,377.4524408874461,257.87881245169854,1.4636814761900767,8.014212007537935,4.799999999999999,True,24,0.5,1,24,1.0,0,0.0,nan,1.0,0,0,M2_T_JUNCTION,JUNCTION_REGION,-25.973496808695284,-32.650051808163866,-42.0,0,0
9.0,16,-8.881784197001252e-16,-31.60043191495662,-1.8503717173725105e-18,1.0,378.32533745932955,257.87881245169854,1.467066386193286,8.72896571883473,4.899999999999999,True,24,0.5,1,24,1.0,0,0.0,nan,1.0,0,0,M2_T_JUNCTION,JUNCTION_REGION,-24.911347785272515,-31.60043191495662,-42.0,0,0
9.1,16,6.661338147750939e-16,-30.551103880008835,2.3129646444204587e-19,1.0,379.28712516861657,257.87881245169854,1.4707959974015243,9.61787709287023,4.999999999999998,True,24,0.5,1,24,1.0,0,0.0,nan,1.0,0,0,M2_T_JUNCTION,JUNCTION_REGION,-23.849666843277934,-30.551103880008835,-42.0,0,0
9.200000000000001,16,-6.661338147750939e-16,-29.502069388629394,3.00685403532977e-18,1.0,380.3223513444968,257.87881245169854,1.4748103875952674,10.352261758802115,5.099999999999998,True,24,0.5,1,24,1.0,0,0.0,nan,1.0,0,0,M2_T_JUNCTION,JUNCTION_REGION,-22.788448331099552,-29.502069388629394,-42.0,0,0
9.3,16,-4.440892098500626e-16,-28.45333090477456,4.394632818005439e-18,1.0,381.4168061682265,257.87881245169854,1.4790544540748845,10.94454823729734,5.1999999999999975,True,24,0.5,1,24,1.0,0,0.0,nan,1.0,0,0,M2_T_JUNCTION,JUNCTION_REGION,-21.727686870988023,-28.45333090477456,-42.0,0,0
9.4,16,0.0,-27.404891269364896,6.013708063572926e-18,1.0,382.55898088946833,257.87881245169854,1.4834835683180554,11.421747212418154,5.299999999999997,True,24,0.5,1,24,1.0,0,0.0,nan,1.0,0,0,M2_T_JUNCTION,JUNCTION_REGION,-20.667377334241674,-27.404891269364896,-42.0,0,0
9.5,16,-2.220446049250313e-16,-26.356753417790923,6.707597452658451e-18,1.0,383.73954408526663,257.87881245169854,1.4880615450218198,11.805631957982996,5.399999999999997,True,24,0.5,1,24,1.0,0,0.0,nan,1.0,0,0,M2_T_JUNCTION,JUNCTION_REGION,-19.607514818363246,-26.356753417790923,-42.0,0,0
9.600000000000001,16,-2.220446049250313e-16,-25.308920185841114,8.095376233166114e-18,1.0,384.9509223057817,257.87881245169854,1.4927590159346036,12.11378220515087,5.4999999999999964,True,24,0.5,1,24,1.0,0,0.0,nan,1.0,0,0,M2_T_JUNCTION,JUNCTION_REGION,-18.548094626200836,-25.308920185841114,-42.0,0,0
9.700000000000001,16,-6.661338147750939e-16,-24.261394193876768,8.789265622117091e-18,1.0,386.18696286756665,257.87881245169854,1.4975521222392034,12.360405617849324,5.599999999999996,True,24,0.5,1,24,1.0,0,0.0,nan,1.0,0,0,M2_T_JUNCTION,JUNCTION_REGION,-17.489112247018475,-24.261394193876768,-42.0,0,0
9.8,16,4.440892098500626e-16,-23.21417791073681,9.483155011184101e-18,1.0,387.442656563687,257.87881245169854,1.5024214392807327,12.556936961203746,5.699999999999996,True,24,0.5,1,24,1.0,0,0.0,nan,1.0,0,0,M2_T_JUNCTION,JUNCTION_REGION,-16.430563339399804,-23.21417791073681,-42.0,0,0
9.9,16,-6.661338147750939e-16,-22.167273974488634,8.789265618505706e-18,1.0,388.713902404114,257.87881245169854,1.5073510642791612,12.712458404269569,5.799999999999995,True,24,0.5,1,24,1.0,0,0.0,nan,1.0,0,0,M2_T_JUNCTION,JUNCTION_REGION,-15.372443715864653,-22.167273974488634,-42.0,0,0
10.0,16,-2.220446049250313e-16,-21.120685649544306,1.0408340862469693e-17,1.0,389.99730811481095,257.87881245169854,1.512327842706576,12.83405710696968,5.899999999999995,True,24,0.5,1,24,1.0,0,0.0,nan,1.0,0,0,M2_T_JUNCTION,JUNCTION_REGION,-14.314749329067391,-21.120685649544306,-42.0,0,0
10.100000000000001,16,-4.440892098500626e-16,-20.07441705802483,9.714451470466413e-18,1.0,391.29003450886364,257.87881245169854,1.517340764791033,12.927263940526927,5.999999999999995,True,24,0.5,1,24,1.0,0,0.0,nan,1.0,0,0,M2_T_JUNCTION,JUNCTION_REGION,-13.257476259444891,-20.07441705802483,-42.0,0,0
10.200000000000001,16,-4.440892098500626e-16,-19.028472705257663,9.483155005957178e-18,1.0,392.58970043113766,257.87881245169854,1.5223805969118571,12.996659222740163,6.099999999999994,True,24,0.5,1,24,1.0,0,0.0,nan,1.0,0,0,M2_T_JUNCTION,JUNCTION_REGION,-12.200620704187756,-19.028472705257663,-42.0,0,0
10.3,16,-2.220446049250313e-16,-17.9828569856234,1.110223024999792e-17,1.0,393.8943124008191,257.87881245169854,1.527439608768156,13.046119696814458,6.199999999999994,True,24,0.5,1,24,1.0,0,0.0,nan,1.0,0,0,M2_T_JUNCTION,JUNCTION_REGION,-11.144178967417862,-17.9828569856234,-42.0,0,0
10.4,16,-6.661338147750939e-16,-16.937573868754235,1.1102230249286117e-17,1.0,395.20220488472467,257.87881245169854,1.532511341771233,13.078924839055617,6.299999999999994,True,24,0.5,1,24,1.0,0,0.0,nan,1.0,0,0,M2_T_JUNCTION,JUNCTION_REGION,-10.088147451464621,-16.937573868754235,-42.0,0,0
10.5,16,-2.220446049250313e-16,-15.89262671398388,1.0408340858165205e-17,1.0,396.5119895817593,257.87881245169854,1.537590412380339,13.097846970346154,6.399999999999993,True,24,0.5,1,24,1.0,0,0.0,nan,1.0,0,0,M2_T_JUNCTION,JUNCTION_REGION,-9.03252264914047,-15.89262671398388,-42.0,0,0
10.600000000000001,16,2.220446049250313e-16,-14.848018175074086,9.94574793071727e-18,1.0,397.82251236754996,257.87881245169854,1.5426723451429858,13.105227857906812,6.499999999999993,True,24,0.5,1,24,1.0,0,0.0,nan,1.0,0,0,M2_T_JUNCTION,JUNCTION_REGION,-7.977301136923307,-14.848018175074086,-42.0,0,0
10.700000000000001,16,0.0,-13.803750167601672,9.483155003384045e-18,1.0,399.1328167607437,257.87881245169854,1.5477534310249024,13.103043931937464,6.5999999999999925,True,24,0.5,1,24,1.0,0,0.0,nan,1.0,0,0,M2_T_JUNCTION,JUNCTION_REGION,-6.922479568960207,-13.803750167601672,-42.0,0,0
10.8,16,0.0,-12.759823879309593,1.0177044393594681e-17,1.0,400.4421129504219,257.87881245169854,1.5528306073048397,13.092961896782072,6.699999999999992,True,24,0.5,1,24,1.0,0,0.0,nan,1.0,0,0,M2_T_JUNCTION,JUNCTION_REGION,-5.868054671814782,-12.759823879309593,-42.0,0,0
10.9,16,8.881784197001252e-16,-11.716239809642683,8.326672685482234e-18,1.0,401.7497515727245,257.87881245169854,1.5579013558858132,13.076386223025906,6.799999999999992,True,24,0.5,1,24,1.0,0,0.0,nan,1.0,0,0,M2_T_JUNCTION,JUNCTION_REGION,-4.814023239896207,-11.716239809642683,-42.0,0,0
11.0,16,4.440892098500626e-16,-10.672997828663114,7.63278329488717e-18,1.0,403.0552015431877,257.87881245169854,1.5629636173335533,13.054499704632008,6.8999999999999915,True,24,0.5,1,24,1.0,0,0.0,nan,1.0,0,0,M2_T_JUNCTION,JUNCTION_REGION,-3.7603821315360095,-10.672997828663114,-42.0,0,0
11.100000000000001,16,-4.440892098500626e-16,-9.630097247308306,5.782411586950923e-18,1.0,404.35803133439714,257.87881245169854,1.5680157182751668,13.028297912094331,6.999999999999991,True,24,0.5,1,24,1.0,0,0.0,nan,1.0,0,0,M2_T_JUNCTION,JUNCTION_REGION,-2.7071282657158813,-9.630097247308306,-42.0,0,0
11.200000000000001,16,4.440892098500626e-16,-8.587536891820193,4.62592926950578e-18,1.0,405.65789573715756,257.87881245169854,1.5730563200617285,12.9986440276042,7.099999999999991,True,24,0.5,1,24,1.0,0,0.0,nan,1.0,0,0,M2_T_JUNCTION,JUNCTION_REGION,-1.6542586194755926,-8.587536891820193,-42.0,0,0
11.3,16,-1.3322676295501878e-15,-7.545315175717749,3.0068540251498215e-18,1.0,406.9545415236714,257.87881245169854,1.5780844407288994,12.966457865138636,7.19999999999999,True,24,0.5,1,24,1.0,0,0.0,nan,1.0,0,0,M2_T_JUNCTION,JUNCTION_REGION,-0.6017702311355442,-7.545315175717749,-42.0,0,0
11.4,16,4.440892098500626e-16,-6.503430161738403,3.469446952068905e-18,1.0,408.2477800894007,257.87881245169854,1.5830993489078002,12.932385657292684,7.29999999999999,True,24,0.5,1,24,1.0,0,0.0,nan,1.0,0,0,M2_T_JUNCTION,JUNCTION_REGION,0.45033977564523386,-6.503430161738403,-42.0,0,0
11.5,16,-8.881784197001252e-16,-5.461879617178922,2.081668171228199e-18,1.0,409.5374678912332,257.87881245169854,1.5881004879683194,12.896878018324855,7.39999999999999,True,24,0.5,1,24,1.0,0,0.0,nan,1.0,0,0,M2_T_JUNCTION,JUNCTION_REGION,1.5020741652377925,-5.461879617178922,-42.0,0,0
11.600000000000001,16,1.7763568394002505e-15,-4.420661065421283,4.625929269372342e-19,1.0,410.8234990820318,257.87881245169854,1.593087447457438,12.860311907986102,7.499999999999989,True,24,0.5,1,24,1.0,0,0.0,nan,1.0,0,0,M2_T_JUNCTION,JUNCTION_REGION,2.553435573288231,-4.420661065421283,-42.0,0,0
11.700000000000001,16,4.440892098500626e-16,-3.3797718327910595,-1.1564823173382945e-18,1.0,412.1057992381461,257.87881245169854,1.5980599387758339,12.823001561143315,7.599999999999989,True,24,0.5,1,24,1.0,0,0.0,nan,1.0,0,0,M2_T_JUNCTION,JUNCTION_REGION,3.6044264975554126,-3.3797718327910595,-42.0,0,0
11.8,16,0.0,-2.339209090292466,-4.625929269337654e-19,1.0,413.3843200175109,257.87881245169854,1.6030177744631076,12.785207793647828,7.699999999999989,True,24,0.5,1,24,1.0,0,0.0,nan,1.0,0,0,M2_T_JUNCTION,JUNCTION_REGION,4.655049294141149,-2.339209090292466,-42.0,0,0
11.9,16,8.881784197001252e-16,-1.298969890162424,-1.156482317331271e-18,1.0,414.65903461117244,257.87881245169854,1.607960850559754,12.747145936615425,7.799999999999988,True,24,0.5,1,24,1.0,0,0.0,nan,1.0,0,0,M2_T_JUNCTION,JUNCTION_REGION,5.705306177491089,-1.298969890162424,-42.0,0,0
12.0,16,0.0,-0.25905119744748684,-9.2518585386298e-19,1.0,415.9299338720549,257.87881245169854,1.6128891315953295,12.708992608824587,7.899999999999988,True,24,0.5,1,24,1.0,0,0.0,nan,1.0,0,0,M2_T_JUNCTION,JUNCTION_REGION,6.755199222983151,-0.25905119744748684,-42.0,0,0
12.100000000000001,16,4.440892098500626e-16,0.7805500830447583,-1.0408340855939965e-18,1.0,417.1970319044756,257.87881245169854,1.6178026722634216,12.670980324206766,7.999999999999988,True,24,0.5,1,24,1.0,0,0.0,nan,1.0,0,0,M2_T_JUNCTION,JUNCTION_REGION,7.804730371250093,0.7805500830447583,-42.0,0,0
12.200000000000001,16,-4.440892098500626e-16,1.8198370861193767,-6.938893903949955e-19,1.0,418.46039722803994,257.87881245169854,1.6227017382687026,12.633653235643578,8.099999999999987,True,24,0.5,1,24,1.0,0,0.0,nan,1.0,0,0,M2_T_JUNCTION,JUNCTION_REGION,8.853901433629183,1.8198370861193767,-42.0,0,0
12.3,16,-4.440892098500626e-16,2.8588129746472375,2.3129646346472786e-19,1.0,419.7201030275067,257.87881245169854,1.6275866134063321,12.59705799466758,8.199999999999987,True,24,0.5,1,24,1.0,0,0.0,nan,1.0,0,0,M2_T_JUNCTION,JUNCTION_REGION,9.902714098332796,2.8588129746472375,-42.0,0,0
12.4,16,-4.440892098500626e-16,3.8974809296475064,-4.625929269290173e-19,1.0,420.9762189856035,257.87881245169854,1.6324575678913273,12.561159580968138,8.299999999999986,True,24,0.5,1,24,1.0,0,0.0,nan,1.0,0,0,M2_T_JUNCTION,JUNCTION_REGION,10.951169937097307,3.8974809296475064,-42.0,0,0
12.5,16,0.0,4.935845673954162,-3.4694469519649673e-19,1.0,422.2287447699863,257.87881245169854,1.637314600434927,12.52525784382783,8.399999999999986,True,24,0.5,1,24,1.0,0,0.0,nan,1.0,0,0,M2_T_JUNCTION,JUNCTION_REGION,11.99927041214059,4.935845673954162,-42.0,0,0
12.600000000000001,16,8.881784197001252e-16,5.973916504777905,-2.312964634641874e-19,1.0,423.47747618039625,257.87881245169854,1.6421569191913152,12.487314104099596,8.499999999999986,True,24,0.5,1,24,1.0,0,0.0,nan,1.0,0,0,M2_T_JUNCTION,JUNCTION_REGION,13.047016883292438,5.973916504777905,-42.0,0,0
12.700000000000001,16,-4.440892098500626e-16,7.011701936848873,-1.27213054905239e-18,1.0,424.7222358065785,257.87881245169854,1.646983836200697,12.447596261822582,8.599999999999985,True,24,0.5,1,24,1.0,0,0.0,nan,1.0,0,0,M2_T_JUNCTION,JUNCTION_REGION,14.094410615195429,7.011701936848873,-42.0,0,0
12.8,16,4.440892098500626e-16,8.049209146809616,-1.2721305490518708e-18,1.0,425.96289613494696,257.87881245169854,1.651794856992104,12.40660328368449,8.699999999999985,True,24,0.5,1,24,1.0,0,0.0,nan,1.0,0,0,M2_T_JUNCTION,JUNCTION_REGION,15.141452784504997,8.049209146809616,-42.0,0,0
12.9,16,4.440892098500626e-16,9.0864442078928,-4.510281037546051e-18,1.0,427.19936889739205,257.87881245169854,1.6565896392803026,12.364727624450893,8.799999999999985,True,24,0.5,1,24,1.0,0,0.0,nan,1.0,0,0,M2_T_JUNCTION,JUNCTION_REGION,16.188144487031384,9.0864442078928,-42.0,0,0
13.0,16,0.0,10.123412284245852,-2.6599093298341385e-18,1.0,428.431596577439,257.87881245169854,1.6613679600284552,12.322276800469467,8.899999999999984,True,24,0.5,1,24,1.0,0,0.0,nan,1.0,0,0,M2_T_JUNCTION,JUNCTION_REGION,17.234486744774056,10.123412284245852,-42.0,0,0
13.100000000000001,16,0.0,11.160117791870299,-2.428612866369774e-18,1.0,429.6595456414053,257.87881245169854,1.666129689199968,12.279490639663209,8.999999999999984,True,24,0.5,1,24,1.0,0,0.0,nan,1.0,0,0,M2_T_JUNCTION,JUNCTION_REGION,18.28048051280719,11.160117791870299,-42.0,0,0
13.200000000000001,16,0.0,12.196564531924707,-1.1564823173187367e-18,1.0,430.8832011491878,257.87881245169854,1.670874768860251,12.23655507782496,9.099999999999984,True,24,0.5,1,24,1.0,0,0.0,nan,1.0,0,0,M2_T_JUNCTION,JUNCTION_REGION,19.32612668598235,12.196564531924707,-42.0,0,0
13.3,16,4.440892098500626e-16,13.232755801148585,-1.040834085586715e-18,1.0,432.1025624688866,257.87881245169854,1.675603196558929,12.193613196988053,9.199999999999983,True,24,0.5,1,24,1.0,0,0.0,nan,1.0,0,0,M2_T_JUNCTION,JUNCTION_REGION,20.3714261054212,13.232755801148585,-42.0,0,0
13.4,16,4.440892098500626e-16,14.268694483336589,-4.625929269273756e-19,1.0,433.31763987469486,257.87881245169854,1.6803150121371702,12.150774058082447,9.299999999999983,True,24,0.5,1,24,1.0,0,0.0,nan,1.0,0,0,M2_T_JUNCTION,JUNCTION_REGION,21.41637956477707,14.268694483336589,-42.0,0,0
13.5,16,4.440892098500626e-16,15.304383125102369,-3.469446951954993e-19,1.0,434.52845185138153,257.87881245169854,1.6850102872750354,12.108119766866707,9.399999999999983,True,24,0.5,1,24,1.0,0,0.0,nan,1.0,0,0,M2_T_JUNCTION,JUNCTION_REGION,22.46098781624895,15.304383125102369,-42.0,0,0
13.600000000000001,16,0.0,16.339823998605063,-5.782411586591217e-19,1.0,435.7350229638221,257.87881245169854,1.6896891172299644,12.065711124405425,9.499999999999982,True,24,0.5,1,24,1.0,0,0.0,nan,1.0,0,0,M2_T_JUNCTION,JUNCTION_REGION,23.505251576335752,16.339823998605063,-42.0,0,0
13.700000000000001,16,0.0,17.375019153447102,-3.469446951954518e-19,1.0,436.9373821781554,257.87881245169854,1.6943516143265747,12.023592143333417,9.599999999999982,True,24,0.5,1,24,1.0,0,0.0,nan,1.0,0,0,M2_T_JUNCTION,JUNCTION_REGION,24.54917153132208,17.375019153447102,-42.0,0,0
13.8,16,-4.440892098500626e-16,18.409970459570673,-8.09537622122681e-19,1.0,438.1355615436908,257.87881245169854,1.6989979028453719,11.981793655353954,9.699999999999982,True,24,0.5,1,24,1.0,0,0.0,nan,1.0,0,0,M2_T_JUNCTION,JUNCTION_REGION,25.592748342489518,18.409970459570673,-42.0,0,0
13.9,16,4.440892098500626e-16,19.44467964266661,-6.938893903908414e-19,1.0,439.32959516274195,257.87881245169854,1.703628115027983,11.940336190511402,9.799999999999981,True,24,0.5,1,24,1.0,0,0.0,nan,1.0,0,0,M2_T_JUNCTION,JUNCTION_REGION,26.635982651049886,19.44467964266661,-42.0,0,0
14.0,16,-8.881784197001252e-16,20.47914831335155,-1.6190752442452442e-18,1.0,440.519518390037,257.87881245169854,1.7082423879726358,11.899232272950258,9.89999999999998,True,24,0.5,1,24,1.0,0,0.0,nan,1.0,0,0,M2_T_JUNCTION,JUNCTION_REGION,27.6788750827989,20.47914831335155,-42.0,0,0
14.100000000000001,16,0.0,21.51337799115637,-2.3129646346360023e-19,1.0,441.7053672149576,257.87881245169854,1.7128408612386112,11.858488249206403,9.99999999999998,True,24,0.5,1,24,1.0,0,0.0,nan,1.0,0,0,M2_T_JUNCTION,JUNCTION_REGION,28.721426252490247,21.51337799115637,-42.0,0,0
14.200000000000001,16,-4.440892098500626e-16,22.5473701241934,5.7824115865898805e-19,1.0,442.88717778915674,257.87881245169854,1.7174236750144443,11.81810574199119,10.09999999999998,True,24,0.5,1,24,1.0,0,0.0,nan,1.0,0,0,M2_T_JUNCTION,JUNCTION_REGION,29.763636767931636,22.5473701241934,-42.0,0,0
14.3,16,4.440892098500626e-16,23.58085927915999,3.470064221008046e-19,1.0,444.06498606955813,257.87881245169854,1.7219909687335513,11.778082804013934,10.19999999999998,True,24,0.5,1,24,1.0,0,0.0,nan,1.0,0,0,M2_T_JUNCTION,JUNCTION_REGION,30.803372625285864,23.58085927915999,-42.0,0,0
14.4,16,8.881784197001252e-16,24.60939562999955,5.796103663203488e-19,1.0,445.23884602595456,257.87881245169854,1.7265429516794797,11.738599563964272,10.29999999999998,True,24,0.5,1,24,1.0,0,0.0,nan,1.0,0,0,M2_T_JUNCTION,JUNCTION_REGION,31.819947551009363,24.60939562999955,-42.0,0,0
14.5,16,0.0,25.624531660379272,-2.3304892826433374e-19,1.0,446.4089530195256,257.87881245169854,1.731080381421949,11.701069935710393,10.399999999999979,True,24,0.5,1,24,1.0,0,0.0,nan,1.0,0,0,M2_T_JUNCTION,JUNCTION_REGION,32.78889972397067,25.624531660379272,-42.0,0,0
14.600000000000001,16,-4.440892098500626e-16,26.61771090948011,3.5240737590674916e-19,1.0,447.57583321982423,257.87881245169854,1.7356052983362351,11.668802002986354,10.499999999999979,True,24,0.5,1,24,1.0,0,0.0,nan,1.0,0,0,M2_T_JUNCTION,JUNCTION_REGION,33.69199251782935,26.61771090948011,-42.0,0,0
14.700000000000001,16,-4.440892098500626e-16,27.57987751835659,-7.127387420434101e-19,1.0,448.7404802407686,257.87881245169854,1.7401215554489147,11.646470209443578,10.599999999999978,True,24,0.5,1,24,1.0,0,0.0,nan,1.0,0,0,M2_T_JUNCTION,JUNCTION_REGION,34.51664008385976,27.57987751835659,-42.0,0,0
14.8,16,0.0,28.504111628055107,4.816105091645375e-19,1.0,449.90440031628845,257.87881245169854,1.7446349936195586,11.639200755198544,10.699999999999978,True,24,0.5,1,24,1.0,0,0.0,nan,1.0,0,0,M2_T_JUNCTION,JUNCTION_REGION,35.25524767451027,28.504111628055107,-42.0,0,0
14.9,16,-4.440892098500626e-16,29.385872746961518,3.6669460234662658e-19,1.0,451.06961230943153,257.87881245169854,1.7491534415760435,11.652119931430889,10.799999999999978,True,24,0.5,1,24,1.0,0,0.0,nan,1.0,0,0,M2_T_JUNCTION,JUNCTION_REGION,35.904503301194254,29.385872746961518,-42.0,0,0
15.0,16,0.0,30.22266933454592,4.968280611378574e-19,1.0,452.23891332010913,257.87881245169854,1.7536877458857338,11.693010106776,10.899999999999977,True,24,0.5,1,24,1.0,0,0.0,nan,1.0,0,0,M2_T_JUNCTION,JUNCTION_REGION,36.46465247829335,30.22266933454592,-42.0,0,0
15.100000000000001,16,-4.440892098500626e-16,31.013730591615747,-1.2626548036749e-19,1.0,453.41628936513314,257.87881245169854,1.7582533634866158,11.773760450240047,10.999999999999977,True,24,0.5,1,24,1.0,0,0.0,nan,1.0,0,0,M2_T_JUNCTION,JUNCTION_REGION,36.93878251937242,31.013730591615747,-42.0,0,0
15.200000000000001,16,-8.881784197001252e-16,31.759689328332072,1.7968897938900657e-18,1.0,454.6069199639553,257.87881245169854,1.7628703794698315,11.906305988221675,11.099999999999977,True,24,0.5,1,24,1.0,0,0.0,nan,1.0,0,0,M2_T_JUNCTION,JUNCTION_REGION,37.33213788358252,31.759689328332072,-42.0,0,0
15.3,16,-4.440892098500626e-16,32.46228383995356,-5.216284172399377e-19,1.0,455.81678091782896,257.87881245169854,1.7675619667405007,12.098609538736582,11.199999999999976,True,24,0.5,1,24,1.0,0,0.0,nan,1.0,0,0,M2_T_JUNCTION,JUNCTION_REGION,37.65148374163275,32.46228383995356,-42.0,0,0
15.4,16,0.0,33.12408478405441,2.6478936612167757e-19,1.0,457.0523216987128,257.87881245169854,1.7723531349994874,12.355407808838095,11.299999999999976,True,24,0.5,1,24,1.0,0,0.0,nan,1.0,0,0,M2_T_JUNCTION,JUNCTION_REGION,37.904529975592084,33.12408478405441,-42.0,0,0
15.5,16,-4.440892098500626e-16,33.74825107696939,4.028258293717771e-19,1.0,458.32050684622845,257.87881245169854,1.777270891272129,12.681851475156805,11.399999999999975,True,24,0.5,1,24,1.0,0,0.0,nan,1.0,0,0,M2_T_JUNCTION,JUNCTION_REGION,38.099423686833646,33.74825107696939,-42.0,0,0
15.600000000000001,16,4.440892098500626e-16,34.33542330747563,2.725248947687882e-19,1.0,459.6299415329663,257.87881245169854,1.7823486046146437,13.09434686737859,11.499999999999975,True,24,0.5,1,24,1.0,0,0.0,nan,1.0,0,0,M2_T_JUNCTION,JUNCTION_REGION,38.24431253126458,34.33542330747563,-42.0,0,0
15.700000000000001,16,0.0,34.881058759245946,-1.3994106505246672e-18,1.0,460.9895768177102,257.87881245169854,1.7876209853574339,13.59635284743888,11.599999999999975,True,24,0.5,1,24,1.0,0,0.0,nan,1.0,0,0,M2_T_JUNCTION,JUNCTION_REGION,38.34695296876328,34.881058759245946,-42.0,0,0
15.8,16,0.0,35.37976982777484,2.8571957810527963e-19,1.0,462.4073993698984,257.87881245169854,1.7931190041310925,14.178225521882268,11.699999999999974,True,24,0.5,1,24,1.0,0,0.0,nan,1.0,0,0,M2_T_JUNCTION,JUNCTION_REGION,38.41440783768602,35.37976982777484,-42.0,0,0
15.9,16,0.0,35.82662742530165,8.769654749599353e-19,1.0,463.88998101019683,257.87881245169854,1.798868145079134,14.82581640298406,11.799999999999974,True,24,0.5,1,24,1.0,0,0.0,nan,1.0,0,0,M2_T_JUNCTION,JUNCTION_REGION,38.45289636115701,35.82662742530165,-42.0,0,0
16.0,16,4.440892098500626e-16,36.21924268737341,-2.974960619904024e-19,1.0,465.44228391546255,257.87881245169854,1.80488765048366,15.523029052657193,11.899999999999974,True,24,0.5,1,24,1.0,0,0.0,nan,1.0,0,0,M2_T_JUNCTION,JUNCTION_REGION,38.468148315400555,36.21924268737341,-42.0,0,0
16.1,16,0.0,36.558041698783185,9.101448976966036e-19,1.0,467.0679205675116,257.87881245169854,1.8111915287922105,16.256366520490246,11.999999999999973,True,24,0.5,1,24,1.0,0,0.0,nan,1.0,0,0,M2_T_JUNCTION,JUNCTION_REGION,38.466495309524014,36.558041698783185,-42.0,0,0
16.2,16,-4.440892098500626e-16,36.84525817057614,3.097724265470034e-18,1.0,468.7691700108064,257.87881245169854,1.817788617661671,17.012494432948415,12.099999999999973,True,24,0.5,1,24,1.0,0,0.0,nan,1.0,0,0,M2_T_JUNCTION,JUNCTION_REGION,38.45348750170771,36.84525817057614,-42.0,0,0
16.3,16,0.0,37.084567858343384,3.1652530516206586e-18,1.0,470.5478716169774,257.87881245169854,1.8246860497898112,17.78701606170955,12.199999999999973,True,24,0.5,1,24,1.0,0,0.0,nan,1.0,0,0,M2_T_JUNCTION,JUNCTION_REGION,38.43526839801153,37.084567858343384,-42.0,0,0
16.400000000000002,16,0.0,37.28081479701579,2.9115257308050024e-18,1.0,472.40500519611163,257.87881245169854,1.8318876246748441,18.571335791342563,12.299999999999972,True,24,0.5,1,24,1.0,0,0.0,nan,1.0,0,0,M2_T_JUNCTION,JUNCTION_REGION,38.417856990955556,37.28081479701579,-42.0,0,0
16.5,16,0.0,37.439263731344056,4.296954250892218e-18,1.0,474.342905945368,257.87881245169854,1.8394023977220455,19.379007492563574,12.399999999999972,True,24,0.5,1,24,1.0,0,0.0,nan,1.0,0,0,M2_T_JUNCTION,JUNCTION_REGION,38.40569772434418,37.439263731344056,-42.0,0,0
16.6,16,0.0,37.565195948036575,7.086828316916609e-18,1.0,476.36410112589,257.87881245169854,1.8472401691205802,20.211951805219996,12.499999999999972,True,24,0.5,1,24,1.0,0,0.0,nan,1.0,0,0,M2_T_JUNCTION,JUNCTION_REGION,38.401814935723834,37.565195948036575,-42.0,0,0
16.7,16,0.0,37.66376415332694,1.2056312544606524e-17,1.0,478.47279472937043,257.87881245169854,1.8554172410693484,21.086936034804467,12.599999999999971,True,24,0.5,1,24,1.0,0,0.0,nan,1.0,0,0,M2_T_JUNCTION,JUNCTION_REGION,38.407974746397706,37.66376415332694,-42.0,0,0
16.8,16,0.0,37.739670278006066,-1.4314343608603486e-18,1.0,480.6732626585699,257.87881245169854,1.8639501946233037,22.004679291994762,12.69999999999997,True,24,0.5,1,24,1.0,0,0.0,nan,1.0,0,0,M2_T_JUNCTION,JUNCTION_REGION,38.42483966465379,37.739670278006066,-42.0,0,0
16.900000000000002,16,0.0,37.79703877751487,0.0,1.0,482.96943945451187,257.87881245169854,1.87285428710811,22.961767959419603,12.79999999999997,True,24,0.5,1,24,1.0,0,0.0,nan,1.0,0,0,M2_T_JUNCTION,JUNCTION_REGION,38.45210285501145,37.79703877751487,-42.0,0,0
17.0,16,-8.881784197001252e-16,37.83969942241336,-7.547350495001055e-19,1.0,485.36577366445994,257.87881245169854,1.8821467690579285,23.963342099480656,12.89999999999997,True,24,0.5,1,24,1.0,0,0.0,nan,1.0,0,0,M2_T_JUNCTION,JUNCTION_REGION,38.48867028088168,37.83969942241336,-42.0,0,0
17.1,16,8.881784197001252e-16,37.87162638782735,3.891455480741233e-19,1.0,487.8684236403677,257.87881245169854,1.8918515212712441,25.026499759077865,12.99999999999997,True,24,0.5,1,24,1.0,0,0.0,nan,1.0,0,0,M2_T_JUNCTION,JUNCTION_REGION,38.53296481684084,37.87162638782735,-42.0,0,0
17.2,16,8.881784197001252e-16,37.89664998047154,3.999222119469526e-19,1.0,490.48537356134335,257.87881245169854,1.9019995047216711,26.16949920975628,13.09999999999997,True,24,0.5,1,24,1.0,0,0.0,nan,1.0,0,0,M2_T_JUNCTION,JUNCTION_REGION,38.58420061275889,37.89664998047154,-42.0,0,0
17.3,16,-1.3322676295501878e-15,37.9180981700144,-1.2350955121540163e-18,1.0,493.22606956087816,257.87881245169854,1.9126273495355919,27.406959995348075,13.199999999999969,True,24,0.5,1,24,1.0,0,0.0,nan,1.0,0,0,M2_T_JUNCTION,JUNCTION_REGION,38.641950317741866,37.9180981700144,-42.0,0,0
17.400000000000002,16,0.0,37.93904930880297,-1.6907546556017198e-18,1.0,496.10144881586524,257.87881245169854,1.923777467793274,28.75379254987081,13.299999999999969,True,24,0.5,1,24,1.0,0,0.0,nan,1.0,0,0,M2_T_JUNCTION,JUNCTION_REGION,38.70599213625512,37.93904930880297,-42.0,0,0
17.5,16,8.881784197001252e-16,37.962262280054816,-5.225807134648626e-18,1.0,499.1247591925462,257.87881245169854,1.9355012319441085,30.233103766809677,13.399999999999968,True,24,0.5,1,24,1.0,0,0.0,nan,1.0,0,0,M2_T_JUNCTION,JUNCTION_REGION,38.777296473175,37.962262280054816,-42.0,0,0
17.6,16,-4.440892098500626e-16,37.98983373920565,-8.97255646937345e-18,1.0,502.3127715299485,257.87881245169854,1.9478636757877625,31.88012337402313,13.499999999999968,True,24,0.5,1,24,1.0,0,0.0,nan,1.0,0,0,M2_T_JUNCTION,JUNCTION_REGION,38.856375496049075,37.98983373920565,-42.0,0,0
17.7,16,8.881784197001252e-16,38.02300534004491,-1.4777802805140693e-17,1.0,505.6879271847339,257.87881245169854,1.9609518222031161,33.75155654785374,13.599999999999968,True,24,0.5,1,24,1.0,0,0.0,nan,1.0,0,0,M2_T_JUNCTION,JUNCTION_REGION,38.94300780398728,38.02300534004491,-42.0,0,0
17.8,16,4.440892098500626e-16,38.0621925898978,-7.777834813365705e-17,1.0,509.280207670466,257.87881245169854,1.974881933217587,35.9228048573209,13.699999999999967,True,24,0.5,1,24,1.0,0,0.0,nan,1.0,0,0,M2_T_JUNCTION,JUNCTION_REGION,39.03639053412112,38.0621925898978,-42.0,0,0
17.900000000000002,16,0.0,38.10706849259748,-6.603014781011325e-17,1.0,513.1205409229759,257.87881245169854,1.9897739408858373,38.40333252509936,13.799999999999967,True,24,0.5,1,24,1.0,0,0.0,nan,1.0,0,0,M2_T_JUNCTION,JUNCTION_REGION,39.13528139858651,38.10706849259748,-42.0,0,0
18.0,16,-4.440892098500626e-16,38.156721057103965,-6.867946202560422e-17,1.0,517.2382895627217,257.87881245169854,2.0057417072975,41.177486397457415,13.899999999999967,True,24,0.5,1,24,1.0,0,0.0,nan,1.0,0,0,M2_T_JUNCTION,JUNCTION_REGION,39.23810928622569,38.156721057103965,-42.0,0,0
18.1,16,4.440892098500626e-16,38.20997225401788,-7.395888157346513e-17,1.0,521.6600673919568,257.87881245169854,2.0228884352011867,44.21777829235111,13.999999999999966,True,24,0.5,1,24,1.0,0,0.0,nan,1.0,0,0,M2_T_JUNCTION,JUNCTION_REGION,39.343051190911304,38.20997225401788,-42.0,0,0
18.2,16,4.440892098500626e-16,38.26561625777827,-7.550350343069708e-17,1.0,526.406179728067,257.87881245169854,2.04129286436304,47.46112336110173,14.099999999999966,True,24,0.5,1,24,1.0,0,0.0,nan,1.0,0,0,M2_T_JUNCTION,JUNCTION_REGION,39.44813186853234,38.26561625777827,-42.0,0,0
18.3,16,0.0,38.32271348490118,-7.734822049832923e-17,1.0,531.4914451075394,257.87881245169854,2.061012457962553,50.85265379472503,14.199999999999966,True,24,0.5,1,24,1.0,0,0.0,nan,1.0,0,0,M2_T_JUNCTION,JUNCTION_REGION,39.551340023629805,38.32271348490118,-42.0,0,0
18.400000000000002,16,8.881784197001252e-16,38.38044282765946,-7.114423481529657e-17,1.0,536.9247397873902,257.87881245169854,2.082081636264545,54.332946798507464,14.299999999999965,True,24,0.5,1,24,1.0,0,0.0,nan,0.9166666666666666,0,0,M2_T_JUNCTION,JUNCTION_REGION,39.65073855246763,38.38044282765946,-42.0,0,0
18.5,16,-4.440892098500626e-16,38.438227102704424,-7.642142776084627e-17,1.0,542.7057262302101,257.87881245169854,2.104499090369669,57.80986442819881,14.399999999999965,True,24,0.5,1,24,1.0,0,0.0,nan,1.0,0,0,M2_T_JUNCTION,JUNCTION_REGION,39.74512301225315,38.438227102704424,-42.0,0,0
18.6,16,8.881784197001252e-16,38.495966618708145,-7.215479236508648e-17,1.0,548.8250348724068,257.87881245169854,2.128228487073568,61.193086421967564,14.499999999999964,True,24,0.5,1,24,1.0,0,0.0,nan,1.0,0,0,M2_T_JUNCTION,JUNCTION_REGION,39.834433491503084,38.495966618708145,-42.0,0,0
18.7,16,0.0,38.55355955202626,-8.085755644032422e-17,1.0,555.2639757653485,257.87881245169854,2.1531973506716495,64.38940892941673,14.599999999999964,True,26,0.5416666666666666,1,26,1.0,0,0.0,nan,1.0,0,0,M2_T_JUNCTION,JUNCTION_REGION,39.91879302234304,38.55355955202626,-42.0,0,0
18.8,16,8.881784197001252e-16,38.610750902983234,-7.890948136321011e-17,1.0,562.0008293622418,257.87881245169854,2.1793214573124584,67.36853596893297,14.699999999999964,True,26,0.5416666666666666,1,26,1.0,0,0.0,nan,1.0,0,0,M2_T_JUNCTION,JUNCTION_REGION,39.99901871398495,38.610750902983234,-42.0,0,0
18.900000000000002,16,-4.440892098500626e-16,38.667127644723124,1.5076594134612938e-16,1.0,569.0138166141213,257.87881245169854,2.206516352407584,70.12987251879508,14.799999999999963,True,26,0.5416666666666666,1,26,1.0,0,0.0,nan,1.0,0,0,M2_T_JUNCTION,JUNCTION_REGION,40.07606171046356,38.667127644723124,-42.0,0,0
19.0,16,1.7763568394002505e-15,38.722134616575694,1.6455108644018594e-16,1.0,576.281909952279,257.87881245169854,2.2347004954515923,72.68093338157655,14.899999999999963,True,24,0.5,1,24,1.0,0,0.0,nan,0.9230769230769231,0,0,M2_T_JUNCTION,JUNCTION_REGION,40.15082003772072,38.722134616575694,-42.0,0,0
19.1,16,1.3322676295501878e-15,38.77509503846982,1.702973609688356e-16,1.0,583.7849700793455,257.87881245169854,2.263795790469177,75.03060127066533,14.999999999999963,True,24,0.5,1,24,1.0,0,0.0,nan,1.0,0,0,M2_T_JUNCTION,JUNCTION_REGION,40.223629890281615,38.77509503846982,-42.0,0,0
19.200000000000003,16,2.6645352591003757e-15,38.84102171304401,4.068569101755075e-16,1.0,557.8656581335172,257.87881245169854,2.163286129751381,-259.19311945828326,15.099999999999962,True,24,0.5,1,24,1.0,0,0.0,nan,1.0,0,0,M2_T_JUNCTION,JUNCTION_REGION,40.29435149930416,38.84102171304401,-42.0,0,0
19.3,16,1.7763568394002505e-15,38.90836820134418,4.317661961400518e-16,1.0,562.8443807784728,257.87881245169854,2.1825925729508904,49.7872264495561,15.199999999999962,True,24,0.5,1,24,1.0,0,0.0,nan,1.0,0,0,M2_T_JUNCTION,JUNCTION_REGION,40.36245286232451,38.90836820134418,-42.0,0,0
19.400000000000002,16,3.1086244689504383e-15,38.973264596291905,3.6830205341523446e-16,1.0,568.01125598024,257.87881245169854,2.2026286323411317,51.66875201767198,15.299999999999962,True,26,0.5416666666666666,1,26,1.0,0,0.0,nan,1.0,0,0,M2_T_JUNCTION,JUNCTION_REGION,40.42708405805097,38.973264596291905,-42.0,0,0
19.5,16,2.6645352591003757e-15,39.03464578853846,4.0735512308416434e-16,1.0,573.3676938441544,257.87881245169854,2.2233997760151305,53.5643786391438,15.399999999999961,True,26,0.5416666666666666,1,26,1.0,0,0.0,nan,1.0,0,0,M2_T_JUNCTION,JUNCTION_REGION,40.48718058731487,39.03464578853846,-42.0,0,0
19.6,16,3.1086244689504383e-15,39.09167633816389,4.192750331053113e-16,1.0,578.9119764384313,257.87881245169854,2.244899342193393,55.44282594276979,15.499999999999961,True,24,0.5,1,24,1.0,0,0.0,nan,0.9230769230769231,0,0,M2_T_JUNCTION,JUNCTION_REGION,40.5415834735239,39.09167633816389,-42.0,0,0
19.700000000000003,16,2.6645352591003757e-15,39.14389027273364,4.3304198489627063e-16,1.0,584.6407897017668,257.87881245169854,2.2671144796405938,57.28813263335496,15.59999999999996,True,24,0.5,1,24,1.0,0,0.0,nan,1.0,0,0,M2_T_JUNCTION,JUNCTION_REGION,40.58915896469283,39.14389027273364,-42.0,0,0
19.8,16,4.440892098500626e-15,39.191174102627386,4.4311133681466986e-16,1.0,590.5481979684789,257.87881245169854,2.29002217108895,59.07408266712082,15.69999999999996,True,24,0.5,1,24,1.0,0,0.0,nan,1.0,0,0,M2_T_JUNCTION,JUNCTION_REGION,40.628901569303686,39.191174102627386,-42.0,0,0
19.900000000000002,16,3.1086244689504383e-15,39.233871960813175,5.015262573591291e-16,1.0,596.6236304363252,257.87881245169854,2.3135814251823215,60.75432467846326,15.79999999999996,True,24,0.5,1,24,1.0,0,0.0,nan,1.0,0,0,M2_T_JUNCTION,JUNCTION_REGION,40.66004651865637,39.233871960813175,-42.0,0,0
20.0,16,6.217248937900877e-15,39.27262067635573,5.201187705296843e-16,1.0,602.852172233636,257.87881245169854,2.337734405173562,62.28541797310754,15.89999999999996,True,24,0.5,1,24,1.0,0,0.0,nan,1.0,0,0,M2_T_JUNCTION,JUNCTION_REGION,40.68297870615276,39.27262067635573,-42.0,0,0
20.1,16,3.9968028886505635e-15,39.3081112117224,5.0075458870915955e-16,1.0,609.2188982427232,257.87881245169854,2.3624232345836154,63.66726009087188,15.99999999999996,True,24,0.5,1,24,1.0,0,0.0,nan,1.0,0,0,M2_T_JUNCTION,JUNCTION_REGION,40.6989092992099,39.3081112117224,-42.0,0,0
20.200000000000003,16,4.884981308350689e-15,39.34093012321145,4.72242450022347e-16,1.0,615.7073240479812,257.87881245169854,2.3875839903028284,64.88425805257975,16.09999999999996,True,24,0.5,1,24,1.0,0,0.0,nan,1.0,0,0,M2_T_JUNCTION,JUNCTION_REGION,40.70975534918939,39.34093012321145,-42.0,0,0
20.3,16,4.440892098500626e-15,39.371485623092404,2.07162884354488e-16,1.0,622.3002991223777,257.87881245169854,2.4131501661810097,65.92975074396577,16.19999999999996,True,24,0.5,1,24,1.0,0,0.0,nan,1.0,0,0,M2_T_JUNCTION,JUNCTION_REGION,40.717218080479086,39.371485623092404,-42.0,0,0
20.400000000000002,16,5.329070518200751e-15,39.399906259531086,-2.3873140415400084e-16,1.0,628.9825916311898,257.87881245169854,2.439062696354708,66.82292508812111,16.29999999999996,True,24,0.5,1,24,1.0,0,0.0,nan,1.0,0,0,M2_T_JUNCTION,JUNCTION_REGION,40.72254738786676,39.399906259531086,-42.0,0,0
20.5,16,4.884981308350689e-15,39.4260968551456,-3.1232636757880366e-16,1.0,635.7389396798318,257.87881245169854,2.465262398394624,67.5634804864194,16.399999999999963,True,24,0.5,1,24,1.0,0,0.0,nan,1.0,0,0,M2_T_JUNCTION,JUNCTION_REGION,40.726621022234625,39.4260968551456,-42.0,0,0
20.6,16,4.884981308350689e-15,39.45382833810493,-4.536851400595584e-16,1.0,616.8507056408957,257.87881245169854,2.3920177845414643,-188.88234038936048,16.499999999999964,True,26,0.5416666666666666,1,26,1.0,0,0.0,nan,1.0,0,0,M2_T_JUNCTION,JUNCTION_REGION,40.7302586858449,39.45382833810493,-42.0,0,0
20.700000000000003,16,4.440892098500626e-15,39.49659453813486,-3.4449854803335876e-16,1.0,622.466029778358,257.87881245169854,2.4137928349384956,56.15324137462267,16.599999999999966,True,26,0.5416666666666666,1,26,1.0,0,0.0,nan,1.0,0,0,M2_T_JUNCTION,JUNCTION_REGION,40.734090292986146,39.49659453813486,-42.0,0,0
20.8,16,4.440892098500626e-15,39.536631372737645,-3.250843541429039e-16,1.0,628.1461644592387,257.87881245169854,2.435819207042813,56.80134680880656,16.699999999999967,True,26,0.5416666666666666,1,26,1.0,0,0.0,nan,1.0,0,0,M2_T_JUNCTION,JUNCTION_REGION,40.73833171157079,39.536631372737645,-42.0,0,0
20.900000000000002,16,6.217248937900877e-15,39.57332790302877,1.653660027612142e-17,1.0,633.8863936546968,257.87881245169854,2.4580786130827463,57.402291954581415,16.79999999999997,True,28,0.5833333333333334,1,28,1.0,0,0.0,nan,1.0,0,0,M2_T_JUNCTION,JUNCTION_REGION,40.74286433906454,39.57332790302877,-42.0,0,0
21.0,16,4.440892098500626e-15,39.60609003201364,8.336518665078849e-16,1.0,639.6803878198982,257.87881245169854,2.4805465084096903,57.93994165201411,16.89999999999997,True,28,0.5833333333333334,1,28,1.0,0,0.0,nan,1.0,0,0,M2_T_JUNCTION,JUNCTION_REGION,40.747329158852736,39.60609003201364,-42.0,0,0
21.1,16,5.773159728050814e-15,39.6343866056855,2.968340172231695e-16,1.0,645.5208321892055,257.87881245169854,2.5031945278952046,58.40444369307306,16.99999999999997,True,28,0.5833333333333334,1,28,1.0,0,0.0,nan,1.0,0,0,M2_T_JUNCTION,JUNCTION_REGION,40.751220909361436,39.6343866056855,-42.0,0,0
21.200000000000003,16,4.884981308350689e-15,39.65778342442267,2.303928755908836e-15,1.0,651.3999106771278,257.87881245169854,2.5259923623974996,58.79078487922243,17.099999999999973,True,28,0.5833333333333334,1,28,1.0,0,0.0,nan,1.0,0,0,M2_T_JUNCTION,JUNCTION_REGION,40.753972192463785,39.65778342442267,-42.0,0,0
21.3,16,1.9984014443252818e-15,39.67921950379562,-3.7138823444779885e-15,1.0,412.4171234983093,257.87881245169854,1.5992671890233567,-2389.8278717881844,17.199999999999974,True,28,0.5833333333333334,1,28,1.0,0,0.0,nan,1.0,0,0,M2_T_JUNCTION,JUNCTION_REGION,40.75502218791972,39.67921950379562,-42.0,0,0
21.400000000000002,16,1.7763568394002505e-15,39.71021979497296,-3.365637465650988e-15,1.0,415.8101467554397,257.87881245169854,1.6124246222567127,33.930232571303804,17.299999999999976,True,30,0.625,1,30,1.0,0,0.0,nan,1.0,0,0,M2_T_JUNCTION,JUNCTION_REGION,40.75386802898869,39.71021979497296,-42.0,0,0
21.5,16,1.5543122344752192e-15,39.734578613564075,-3.343943068994336e-15,1.0,419.2778989589176,257.87881245169854,1.62587183868566,34.677522034779145,17.399999999999977,True,30,0.625,1,30,1.0,0,0.0,nan,1.0,0,0,M2_T_JUNCTION,JUNCTION_REGION,40.75009928338081,39.734578613564075,-42.0,0,0
21.6,16,1.7763568394002505e-15,39.75235226593948,-2.8641495189280456e-15,1.0,422.8164629650586,257.87881245169854,1.6395936484477698,35.38564006140973,17.49999999999998,True,32,0.6666666666666666,1,32,1.0,0,0.0,nan,1.0,0,0,M2_T_JUNCTION,JUNCTION_REGION,40.743417944318615,39.75235226593948,-42.0,0,0
21.700000000000003,16,1.5543122344752192e-15,39.76373991980777,-3.947111701761036e-15,1.0,426.4230228554855,257.87881245169854,1.6535791320016096,36.06559890426922,17.59999999999998,True,32,0.6666666666666666,1,32,1.0,0,0.0,nan,1.0,0,0,M2_T_JUNCTION,JUNCTION_REGION,40.733646659485125,39.76373991980777,-42.0,0,0
21.8,16,1.5543122344752192e-15,39.76906307959339,-3.68598876645926e-15,1.0,430.0948702262055,257.87881245169854,1.6678177867240005,36.71847370720002,17.69999999999998,True,32,0.6666666666666666,1,32,1.0,0,0.0,nan,1.0,0,0,M2_T_JUNCTION,JUNCTION_REGION,40.72072760748854,39.76906307959339,-42.0,0,0
21.900000000000002,16,4.440892098500626e-16,39.76874908194252,-3.4093343035013285e-15,1.0,433.8290386726526,257.87881245169854,1.6822981095196026,37.34168446447086,17.799999999999983,True,32,0.6666666666666666,1,32,1.0,0,0.0,nan,1.0,0,0,M2_T_JUNCTION,JUNCTION_REGION,40.70471445863393,39.76874908194252,-42.0,0,0
22.0,16,6.661338147750939e-16,39.763311691641896,-1.3918144272355157e-15,1.0,437.62241370621143,257.87881245169854,1.69700802305416,37.933750335588456,17.899999999999984,True,32,0.6666666666666666,1,32,1.0,0,0.0,nan,1.0,0,0,M2_T_JUNCTION,JUNCTION_REGION,40.68575946047045,39.763311691641896,-42.0,0,0
22.1,16,1.9984014443252818e-15,39.75332261876218,-1.2223301243038258e-14,1.0,441.47058490453173,257.87881245169854,1.7119304246339373,38.48171198320301,17.999999999999986,True,32,0.6666666666666666,1,32,1.0,0,0.0,nan,1.0,0,0,M2_T_JUNCTION,JUNCTION_REGION,40.66409732975801,39.75332261876218,-42.0,0,0
22.200000000000003,16,-2.220446049250313e-16,39.73939046044443,-1.2937356821524291e-14,1.0,445.36815193970995,257.87881245169854,1.7270443729188831,38.97567035178213,18.099999999999987,True,32,0.6666666666666666,1,32,1.0,0,0.0,nan,1.0,0,0,M2_T_JUNCTION,JUNCTION_REGION,40.64002738047532,39.73939046044443,-42.0,0,0
22.3,16,-4.440892098500626e-16,39.72214113547193,-1.3911364302949456e-14,1.0,449.309112326005,257.87881245169854,1.7423265915270256,39.40960386295046,18.19999999999999,True,32,0.6666666666666666,1,32,1.0,0,0.0,nan,1.0,0,0,M2_T_JUNCTION,JUNCTION_REGION,40.61389514476821,39.72214113547193,-42.0,0,0
22.400000000000002,16,8.881784197001252e-16,39.7022014056381,-1.4782593767034927e-14,1.0,453.28737784227746,257.87881245169854,1.7577534716124827,39.78265516272472,18.29999999999999,True,32,0.6666666666666666,1,32,1.0,0,0.0,nan,1.0,0,0,M2_T_JUNCTION,JUNCTION_REGION,40.58607413027889,39.7022014056381,-42.0,0,0
22.5,16,2.220446049250313e-16,39.68018419696749,-1.5403458828650795e-14,1.0,457.29661858824977,257.87881245169854,1.7733004671483152,40.09240745972306,18.39999999999999,True,32,0.6666666666666666,1,32,1.0,0,0.0,nan,1.0,0,0,M2_T_JUNCTION,JUNCTION_REGION,40.55695067290279,39.68018419696749,-42.0,0,0
22.6,16,-1.3322676295501878e-15,39.65667746893151,-1.634681772191834e-14,1.0,461.33024686244175,257.87881245169854,1.7889420324085379,40.33628274191983,18.499999999999993,True,34,0.7083333333333334,1,34,1.0,0,0.0,nan,1.0,0,0,M2_T_JUNCTION,JUNCTION_REGION,40.526925504367924,39.65667746893151,-42.0,0,0
22.700000000000003,16,-1.7763568394002505e-15,39.632230548387,-2.4501380896056832e-14,1.0,465.38173087220207,257.87881245169854,1.8046528384698897,40.514840097603155,18.599999999999994,True,34,0.7083333333333334,1,34,1.0,0,0.0,nan,1.0,0,0,M2_T_JUNCTION,JUNCTION_REGION,40.496381241281654,39.632230548387,-42.0,0,0
22.8,16,-2.220446049250313e-15,39.607344725000964,-2.5947859278743228e-14,1.0,469.44478823694186,257.87881245169854,1.8204085235768264,40.63057364739791,18.699999999999996,True,36,0.75,1,36,1.0,0,0.0,nan,1.0,0,0,M2_T_JUNCTION,JUNCTION_REGION,40.46566377755717,39.607344725000964,-42.0,0,0
22.900000000000002,16,-2.220446049250313e-15,39.58247239118676,-2.6811872237480144e-14,1.0,473.5134365506103,257.87881245169854,1.836185889212208,40.686483136684615,18.799999999999997,True,36,0.75,1,36,1.0,0,0.0,nan,1.0,0,0,M2_T_JUNCTION,JUNCTION_REGION,40.435075160996895,39.58247239118676,-42.0,0,0
23.0,16,-2.220446049250313e-15,39.558007811662534,-2.7397177091308443e-14,1.0,477.58228365312436,257.87881245169854,1.8519640257090797,40.688471025140416,18.9,True,36,0.75,1,36,1.0,0,0.0,nan,1.0,0,0,M2_T_JUNCTION,JUNCTION_REGION,40.40486922468784,39.558007811662534,-42.0,0,0
23.1,16,-1.3322676295501878e-15,39.53428531085372,-3.73604360834623e-14,1.0,481.64722143213055,257.87881245169854,1.8677270026685286,40.64937779006186,19.0,True,36,0.75,1,36,1.0,0,0.0,nan,1.0,0,0,M2_T_JUNCTION,JUNCTION_REGION,40.37528575578237,39.53428531085372,-42.0,0,0
23.200000000000003,16,-1.5543122344752192e-15,39.51157728592284,-3.974346302531592e-14,1.0,485.7046934879883,257.87881245169854,1.8834610291179399,40.574720558577724,19.1,True,36,0.75,1,36,1.0,0,0.0,nan,1.0,0,0,M2_T_JUNCTION,JUNCTION_REGION,40.346534140795754,39.51157728592284,-42.0,0,0
23.3,16,-2.220446049250313e-15,39.49009112583703,-4.1670258967865396e-14,1.0,489.7514982798341,257.87881245169854,1.8991536901526798,40.46804791845773,19.200000000000003,True,36,0.75,1,36,1.0,0,0.0,nan,1.0,0,0,M2_T_JUNCTION,JUNCTION_REGION,40.31875627032744,39.49009112583703,-42.0,0,0
23.400000000000002,16,-3.552713678800501e-15,39.469972869375454,-4.299181190316672e-14,1.0,493.784821487115,257.87881245169854,1.9147940724273436,40.33323207280887,19.300000000000004,True,36,0.75,1,36,1.0,0,0.0,nan,1.0,0,0,M2_T_JUNCTION,JUNCTION_REGION,40.29203276538729,39.469972869375454,-42.0,0,0
23.5,16,-5.995204332975845e-15,39.45395622128328,-4.349109322193497e-14,1.0,448.95456989463077,257.87881245169854,1.7409517502672744,-448.30251592484217,19.400000000000006,True,38,0.7916666666666666,1,38,1.0,0,0.0,nan,1.0,0,0,M2_T_JUNCTION,JUNCTION_REGION,40.26639055195767,39.45395622128328,-42.0,0,0
23.6,16,-7.105427357601002e-15,39.444592374076976,-4.169559245551544e-14,1.0,451.77890882184914,257.87881245169854,1.7519039448286147,28.243389272183776,19.500000000000007,True,38,0.7916666666666666,1,38,1.0,0,0.0,nan,1.0,0,0,M2_T_JUNCTION,JUNCTION_REGION,40.24181133270227,39.444592374076976,-42.0,0,0
23.700000000000003,16,-7.105427357601002e-15,39.43618912183843,-3.735243393312871e-14,1.0,454.6203318965911,257.87881245169854,1.7629223881343212,28.414230747419538,19.60000000000001,True,40,0.8333333333333334,1,40,1.0,0,0.0,nan,1.0,0,0,M2_T_JUNCTION,JUNCTION_REGION,40.21824050381665,39.43618912183843,-42.0,0,0
23.8,16,-7.105427357601002e-15,39.428708032391455,-3.110367218387762e-14,1.0,457.47665438540264,257.87881245169854,1.7739986082458379,28.56322488811543,19.70000000000001,True,40,0.8333333333333334,1,40,1.0,0,0.0,nan,1.0,0,0,M2_T_JUNCTION,JUNCTION_REGION,40.19559612907341,39.428708032391455,-42.0,0,0
23.900000000000002,16,-8.215650382226158e-15,39.42208943794729,5.73706972575991e-14,1.0,460.34452420953863,257.87881245169854,1.7851196065041695,28.67869824135994,19.80000000000001,True,40,0.8333333333333334,1,40,1.0,0,0.0,nan,1.0,0,0,M2_T_JUNCTION,JUNCTION_REGION,40.17377762183218,39.42208943794729,-42.0,0,0
24.0,16,-7.993605777301127e-15,39.41625824580318,3.956431143478507e-14,1.0,463.218801402497,257.87881245169854,1.796265451196225,28.742771929583455,19.900000000000013,True,40,0.8333333333333334,1,40,1.0,0,0.0,nan,1.0,0,0,M2_T_JUNCTION,JUNCTION_REGION,40.1526738318706,39.41625824580318,-42.0,0,0
24.1,16,-8.215650382226158e-15,39.41112746648723,1.7664611371224503e-14,1.0,466.09511658727945,257.87881245169854,1.8074191987935435,28.7631518478247,20.000000000000014,True,40,0.8333333333333334,1,40,1.0,0,0.0,nan,1.0,0,0,M2_T_JUNCTION,JUNCTION_REGION,40.13220140680357,39.41112746648723,-42.0,0,0
24.200000000000003,16,-7.993605777301127e-15,39.40660314902694,9.17986243652568e-16,1.0,468.97004137127556,257.87881245169854,1.8185675547079503,28.749247839961072,20.100000000000016,True,40,0.8333333333333334,1,40,1.0,0,0.0,nan,1.0,0,0,M2_T_JUNCTION,JUNCTION_REGION,40.1123096921718,39.40660314902694,-42.0,0,0
24.3,16,-8.43769498715119e-15,39.40258386626163,-2.0677032322220004e-14,1.0,471.8406950979965,257.87881245169854,1.829699348357181,28.706537267209455,20.200000000000017,True,40,0.8333333333333334,1,40,1.0,0,0.0,nan,1.0,0,0,M2_T_JUNCTION,JUNCTION_REGION,40.09294207858736,39.40258386626163,-42.0,0,0
24.400000000000002,16,-7.993605777301127e-15,39.39896498923343,-4.5764761845827e-14,1.0,474.7046737621521,257.87881245169854,1.8408052575124436,28.639786641555816,20.30000000000002,True,40,0.8333333333333334,1,40,1.0,0,0.0,nan,1.0,0,0,M2_T_JUNCTION,JUNCTION_REGION,40.074039538595734,39.39896498923343,-42.0,0,0
24.5,16,-8.43769498715119e-15,39.3956425455404,-7.355866229441798e-14,1.0,477.56000060644726,257.87881245169854,1.8518776167231485,28.553268442951776,20.40000000000002,True,40,0.8333333333333334,1,40,1.0,0,0.0,nan,1.0,0,0,M2_T_JUNCTION,JUNCTION_REGION,40.055545060983285,39.3956425455404,-42.0,0,0
24.6,16,-8.659739592076221e-15,39.3925164243578,-1.0673006587869975e-13,1.0,480.4050827944445,257.87881245169854,1.862910249303346,28.450821879972636,20.50000000000002,True,40,0.8333333333333334,1,40,1.0,0,0.0,nan,1.0,0,0,M2_T_JUNCTION,JUNCTION_REGION,40.037407095182374,39.3925164243578,-42.0,0,0
24.700000000000003,16,-8.881784197001252e-15,39.38949293871184,-1.424302813595635e-13,1.0,483.23867255258745,257.87881245169854,1.873898316648637,28.335897581429208,20.600000000000023,True,40,0.8333333333333334,1,40,1.0,0,0.0,nan,1.0,0,0,M2_T_JUNCTION,JUNCTION_REGION,40.01958198152062,39.38949293871184,-42.0,0,0
24.8,16,-9.547918011776346e-15,39.38648676933485,-2.1043358272346433e-13,1.0,486.05983295693227,257.87881245169854,1.884838185564286,28.211604043448233,20.700000000000024,True,40,0.8333333333333334,1,40,1.0,0,0.0,nan,1.0,0,0,M2_T_JUNCTION,JUNCTION_REGION,40.002035226894144,39.38648676933485,-42.0,0,0
24.900000000000002,16,-9.325873406851315e-15,39.383422346008,-3.4613449906494833e-13,1.0,488.86790834240594,257.87881245169854,1.8957273135185246,28.080753854736713,20.800000000000026,True,40,0.8333333333333334,1,40,1.0,0,0.0,nan,1.0,0,0,M2_T_JUNCTION,JUNCTION_REGION,39.98474205115495,39.383422346008,-42.0,0,0
25.0,16,-9.547918011776346e-15,39.38023488940724,-9.886284746606457e-14,1.0,491.6629143034631,257.87881245169854,1.9065657609833806,27.95005961057143,20.900000000000027,True,40,0.8333333333333334,1,40,1.0,0,0.0,nan,1.0,0,0,M2_T_JUNCTION,JUNCTION_REGION,39.96768753940374,39.38023488940724,-42.0,0,0
25.1,16,-9.547918011776346e-15,39.376871601878875,-7.666821131333852e-14,1.0,494.4461256700903,257.87881245169854,1.9173584714824197,27.832113666271994,21.00000000000003,True,40,0.8333333333333334,1,40,1.0,0,0.0,nan,1.0,0,0,M2_T_JUNCTION,JUNCTION_REGION,39.950866225489044,39.376871601878875,-42.0,0,0
25.200000000000003,16,-9.769962616701378e-15,39.373290554875844,-6.89020743664836e-14,1.0,497.2188323173799,257.87881245169854,1.9281104468809762,27.72706647289624,21.10000000000003,True,40,0.8333333333333334,1,40,1.0,0,0.0,nan,1.0,0,0,M2_T_JUNCTION,JUNCTION_REGION,39.94265234315973,39.373290554875844,-42.0,0,0
25.3,16,-9.992007221626409e-15,39.369460140351336,-4.664058752298759e-14,1.0,499.9821725337023,257.87881245169854,1.9388261012228387,27.633402163223764,21.20000000000003,True,40,0.8333333333333334,1,40,1.0,0,0.0,nan,1.0,0,0,M2_T_JUNCTION,JUNCTION_REGION,39.93761009728763,39.369460140351336,-42.0,0,0
25.400000000000002,16,-9.325873406851315e-15,39.36535847960727,1.2298827499492956e-15,1.0,502.7371591239043,257.87881245169854,1.949509361952985,27.549865902020088,21.300000000000033,True,40,0.8333333333333334,1,40,1.0,0,0.0,nan,1.0,0,0,M2_T_JUNCTION,JUNCTION_REGION,39.93235306902079,39.36535847960727,-42.0,0,0
25.5,16,-1.021405182655144e-14,39.360972632797484,6.123058901143538e-15,1.0,505.48469901181824,257.87881245169854,1.9601637459320045,27.475398879139448,21.400000000000034,True,40,0.8333333333333334,1,40,1.0,0,0.0,nan,1.0,0,0,M2_T_JUNCTION,JUNCTION_REGION,39.926855551322205,39.360972632797484,-42.0,0,0
25.6,16,-9.769962616701378e-15,39.356297674524086,9.131278558440326e-15,1.0,508.2256066660793,257.87881245169854,1.9707924114986044,27.409076542610364,21.500000000000036,True,40,0.8333333333333334,1,40,1.0,0,0.0,nan,1.0,0,0,M2_T_JUNCTION,JUNCTION_REGION,39.921098275703244,39.356297674524086,-42.0,0,0
25.700000000000003,16,-9.769962616701378e-15,39.351335736151405,1.3905275630012372e-14,1.0,510.9606083628831,257.87881245169854,1.981398174999691,27.350016968038062,21.600000000000037,True,40,0.8333333333333334,1,40,1.0,0,0.0,nan,1.0,0,0,M2_T_JUNCTION,JUNCTION_REGION,39.91506741704187,39.351335736151405,-42.0,0,0
25.8,16,-1.021405182655144e-14,39.346096783426304,1.5600950151058357e-14,1.0,513.6901791208611,257.87881245169854,1.9919828784579843,27.29570757978024,21.70000000000004,True,40,0.8333333333333334,1,40,1.0,0,0.0,nan,1.0,0,0,M2_T_JUNCTION,JUNCTION_REGION,39.90875363342143,39.346096783426304,-42.0,0,0
25.900000000000002,16,-9.769962616701378e-15,39.34059671427035,1.7860318754109912e-14,1.0,516.4146097317091,257.87881245169854,2.0025476495027488,27.244306108480032,21.80000000000004,True,40,0.8333333333333334,1,40,1.0,0,0.0,nan,1.0,0,0,M2_T_JUNCTION,JUNCTION_REGION,39.90215089757824,39.34059671427035,-42.0,0,0
26.0,16,-1.021405182655144e-14,39.33485441211842,1.7720282952936756e-14,1.0,519.1341737962712,257.87881245169854,2.0130935491007294,27.195640645620642,21.90000000000004,True,40,0.8333333333333334,1,40,1.0,0,0.0,nan,1.0,0,0,M2_T_JUNCTION,JUNCTION_REGION,39.89525546739629,39.33485441211842,-42.0,0,0
26.1,16,-1.021405182655144e-14,39.328890846450236,1.8757655748051202e-14,1.0,521.8491202091775,257.87881245169854,2.0236215424131494,27.14946412906329,22.000000000000043,True,40,0.8333333333333334,1,40,1.0,0,0.0,nan,1.0,0,0,M2_T_JUNCTION,JUNCTION_REGION,39.8880651811281,39.328890846450236,-42.0,0,0
26.200000000000003,16,-9.769962616701378e-15,39.322728262442396,1.9204737997972916e-14,1.0,524.5596680997761,257.87881245169854,2.0341324791777056,27.105478905986047,22.100000000000044,True,40,0.8333333333333334,1,40,1.0,0,0.0,nan,1.0,0,0,M2_T_JUNCTION,JUNCTION_REGION,39.88057901277999,39.322728262442396,-42.0,0,0
26.3,16,-9.325873406851315e-15,39.31638946759784,1.8499968051962018e-14,1.0,527.2660037214305,257.87881245169854,2.0446270816459142,27.063356216543752,22.200000000000045,True,40,0.8333333333333334,1,40,1.0,0,0.0,nan,1.0,0,0,M2_T_JUNCTION,JUNCTION_REGION,39.872796823851985,39.31638946759784,-42.0,0,0
26.400000000000002,16,-9.325873406851315e-15,39.30989721768915,1.4943183709659436e-14,1.0,529.968278915671,257.87881245169854,2.055105938627415,27.02275194240542,22.300000000000047,True,40,0.8333333333333334,1,40,1.0,0,0.0,nan,1.0,0,0,M2_T_JUNCTION,JUNCTION_REGION,39.86471926829305,39.30989721768915,-42.0,0,0
26.5,16,-8.43769498715119e-15,39.30327369840795,1.372471426594314e-14,1.0,532.666610929472,257.87881245169854,2.065569504781406,26.983320138009503,22.40000000000005,True,40,0.8333333333333334,1,40,1.0,0,0.0,nan,1.0,0,0,M2_T_JUNCTION,JUNCTION_REGION,39.85634783518682,39.30327369840795,-42.0,0,0
26.6,16,-9.325873406851315e-15,39.296540230278495,1.3099614903238764e-14,1.0,535.3611000077047,257.87881245169854,2.0760181688364936,26.944890782327775,22.50000000000005,True,40,0.8333333333333334,1,40,1.0,0,0.0,nan,1.0,0,0,M2_T_JUNCTION,JUNCTION_REGION,39.847684955438396,39.296540230278495,-42.0,0,0
26.700000000000003,16,-8.881784197001252e-15,39.28971830749617,1.3060189601123045e-14,1.0,538.0520841374146,257.87881245169854,2.086453241435619,26.909841297098183,22.60000000000005,True,40,0.8333333333333334,1,40,1.0,0,0.0,nan,1.0,0,0,M2_T_JUNCTION,JUNCTION_REGION,39.83873410404925,39.28971830749617,-42.0,0,0
26.8,16,-8.881784197001252e-15,39.28282902355939,1.1901854367438655e-14,1.0,540.7401875999478,257.87881245169854,2.0968771434110356,26.88103462533263,22.700000000000053,True,40,0.8333333333333334,1,40,1.0,0,0.0,nan,1.0,0,0,M2_T_JUNCTION,JUNCTION_REGION,39.82949979926907,39.28282902355939,-42.0,0,0
26.900000000000002,16,-7.549516567451064e-15,39.275891234040124,9.627789606049892e-15,1.0,543.4259841627033,257.87881245169854,2.1072920997124904,26.85796562755513,22.800000000000054,True,40,0.8333333333333334,1,40,1.0,0,0.0,nan,1.0,0,0,M2_T_JUNCTION,JUNCTION_REGION,39.81998750824929,39.275891234040124,-42.0,0,0
27.0,16,-7.549516567451064e-15,39.2689213933457,6.23280541769209e-15,1.0,546.1101313136161,257.87881245169854,2.1177006599404287,26.84147150912736,22.900000000000055,True,40,0.8333333333333334,1,40,1.0,0,0.0,nan,1.0,0,0,M2_T_JUNCTION,JUNCTION_REGION,39.810203676517574,39.2689213933457,-42.0,0,0
27.1,16,-7.993605777301127e-15,39.26193360175336,5.1085379592428374e-15,1.0,548.793389002824,257.87881245169854,2.1281057710222497,26.832576892079487,23.000000000000057,True,40,0.8333333333333334,1,40,1.0,0,0.0,nan,1.0,0,0,M2_T_JUNCTION,JUNCTION_REGION,39.80015710142138,39.26193360175336,-42.0,0,0
27.200000000000003,16,-7.993605777301127e-15,39.254939670551316,3.985491107810449e-15,1.0,551.4764878068881,257.87881245169854,2.138510265980775,26.83098804064116,23.10000000000006,True,40,0.8333333333333334,1,40,1.0,0,0.0,nan,1.0,0,0,M2_T_JUNCTION,JUNCTION_REGION,39.78985795789896,39.254939670551316,-42.0,0,0
27.3,16,-7.549516567451064e-15,39.24794922359649,2.2874624610751206e-15,1.0,554.1599905171934,257.87881245169854,2.1489163272030702,26.835027103052198,23.20000000000006,True,40,0.8333333333333334,1,40,1.0,0,0.0,nan,1.0,0,0,M2_T_JUNCTION,JUNCTION_REGION,39.77931661663183,39.24794922359649,-42.0,0,0
27.400000000000002,16,-7.549516567451064e-15,39.240969846322606,-5.751703386269849e-16,1.0,556.8443206968141,257.87881245169854,2.159325597177987,26.843301796207015,23.30000000000006,True,40,0.8333333333333334,1,40,1.0,0,0.0,nan,1.0,0,0,M2_T_JUNCTION,JUNCTION_REGION,39.7685437230278,39.240969846322606,-42.0,0,0
27.5,16,-7.993605777301127e-15,39.23400726900231,-2.8964834494402466e-15,1.0,559.5297861041383,257.87881245169854,2.169739269328068,26.854654073242727,23.400000000000063,True,40,0.8333333333333334,1,40,1.0,0,0.0,nan,1.0,0,0,M2_T_JUNCTION,JUNCTION_REGION,39.75755026577171,39.23400726900231,-42.0,0,0
27.6,16,-7.105427357601002e-15,39.22706557172343,-5.842724903590677e-15,1.0,562.2165979557892,257.87881245169854,2.1801581627071207,26.86811851650873,23.500000000000064,True,40,0.8333333333333334,1,40,1.0,0,0.0,nan,1.0,0,0,M2_T_JUNCTION,JUNCTION_REGION,39.746347626742796,39.22706557172343,-42.0,0,0
27.700000000000003,16,-6.661338147750939e-15,39.220148079083984,-8.851903310266735e-15,1.0,564.905075867598,257.87881245169854,2.1905835167183674,26.884779118088318,23.600000000000065,True,40,0.8333333333333334,1,40,1.0,0,0.0,nan,1.0,0,0,M2_T_JUNCTION,JUNCTION_REGION,39.73494760975603,39.220148079083984,-42.0,0,0
27.8,16,-5.773159728050814e-15,39.213258450102146,-1.1340894144689649e-14,1.0,567.5958213430631,257.87881245169854,2.201017663866338,26.907454754650644,23.700000000000067,True,40,0.8333333333333334,1,40,1.0,0,0.0,nan,1.0,0,0,M2_T_JUNCTION,JUNCTION_REGION,39.72336248325698,39.213258450102146,-42.0,0,0
27.900000000000002,16,-6.217248937900877e-15,39.20640158958222,-1.2696347477329561e-14,1.0,570.2892380715404,257.87881245169854,2.2114621695737693,26.934167284772457,23.800000000000068,True,40,0.8333333333333334,1,40,1.0,0,0.0,nan,1.0,0,0,M2_T_JUNCTION,JUNCTION_REGION,39.711605052151334,39.20640158958222,-42.0,0,0
28.0,16,-5.329070518200751e-15,39.19958152683531,-1.4104800920013363e-14,1.0,572.9855706733024,257.87881245169854,2.2219179824268203,26.963326017620375,23.90000000000007,True,40,0.8333333333333334,1,40,1.0,0,0.0,nan,1.0,0,0,M2_T_JUNCTION,JUNCTION_REGION,39.69968869796269,39.19958152683531,-42.0,0,0
28.1,16,-4.440892098500626e-15,39.19280028778595,-1.557279475114881e-14,1.0,575.6849669195025,257.87881245169854,2.2323856754510607,26.99396246200081,24.00000000000007,True,40,0.8333333333333334,1,40,1.0,0,0.0,nan,1.0,0,0,M2_T_JUNCTION,JUNCTION_REGION,39.68762736315088,39.19280028778595,-42.0,0,0
28.200000000000003,16,-4.440892098500626e-15,39.186058255326536,-1.45727592860991e-14,1.0,578.3875115507301,257.87881245169854,2.242865577252741,27.025446312276244,24.100000000000072,True,40,0.8333333333333334,1,40,1.0,0,0.0,nan,1.0,0,0,M2_T_JUNCTION,JUNCTION_REGION,39.67543548162478,39.186058255326536,-42.0,0,0
28.3,16,-4.440892098500626e-15,39.1793553190286,-1.3552267667889354e-14,1.0,581.093721143633,257.87881245169854,2.253359691007859,27.06209592902951,24.200000000000074,True,40,0.8333333333333334,1,40,1.0,0,0.0,nan,1.0,0,0,M2_T_JUNCTION,JUNCTION_REGION,39.66312789820402,39.1793553190286,-42.0,0,0
28.400000000000002,16,-5.329070518200751e-15,39.1726908110329,-1.3163877721043133e-14,1.0,583.8043556773642,257.87881245169854,2.2638709637563283,27.10634533731195,24.300000000000075,True,40,0.8333333333333334,1,40,1.0,0,0.0,nan,1.0,0,0,M2_T_JUNCTION,JUNCTION_REGION,39.65071964288738,39.1726908110329,-42.0,0,0
28.5,16,-4.440892098500626e-15,39.16606296543055,-1.5460227450210338e-14,1.0,586.5199627252762,257.87881245169854,2.274401518872874,27.156070479119307,24.400000000000077,True,40,0.8333333333333334,1,40,1.0,0,0.0,nan,1.0,0,0,M2_T_JUNCTION,JUNCTION_REGION,39.63822556332936,39.16606296543055,-42.0,0,0
28.6,16,-3.9968028886505635e-15,39.15946921205604,-1.718403548169779e-14,1.0,589.2409113761705,257.87881245169854,2.2849527876065316,27.209486508943428,24.500000000000078,True,40,0.8333333333333334,1,40,1.0,0,0.0,nan,1.0,0,0,M2_T_JUNCTION,JUNCTION_REGION,39.62566003537284,39.15946921205604,-42.0,0,0
28.700000000000003,16,-4.440892098500626e-15,39.15290643900829,-1.9001943176662568e-14,1.0,591.9674211878006,257.87881245169854,2.2955256213562634,27.265098116300805,24.60000000000008,True,42,0.875,1,42,1.0,0,0.0,nan,1.0,0,0,M2_T_JUNCTION,JUNCTION_REGION,39.6130367525438,39.15290643900829,-42.0,0,0
28.8,16,-3.9968028886505635e-15,39.14637122207306,-2.020140651247165e-14,1.0,594.6995869382607,257.87881245169854,2.30612038765166,27.321657504601262,24.70000000000008,True,42,0.875,1,42,1.0,0,0.0,nan,1.0,0,0,M2_T_JUNCTION,JUNCTION_REGION,39.60036858102523,39.14637122207306,-42.0,0,0
28.900000000000002,16,-3.9968028886505635e-15,39.139860020570865,-2.147526432890816e-14,1.0,597.437399804358,257.87881245169854,2.316737052278228,27.37812866097329,24.800000000000082,True,42,0.875,1,42,1.0,0,0.0,nan,1.0,0,0,M2_T_JUNCTION,JUNCTION_REGION,39.59439951751677,39.139860020570865,-42.0,0,0
29.0,16,-3.552713678800501e-15,39.133369989684894,-2.357776259356591e-14,1.0,600.1803292799563,257.87881245169854,2.3273735580443304,27.429294755982028,24.900000000000084,True,42,0.875,1,42,1.0,0,0.0,nan,1.0,0,0,M2_T_JUNCTION,JUNCTION_REGION,39.591271475564774,39.133369989684894,-42.0,0,0
29.1,16,-2.6645352591003757e-15,39.126898943180414,-2.5791373753822015e-14,1.0,602.9274426946338,257.87881245169854,2.3380262882495004,27.471134146775285,25.000000000000085,True,42,0.875,1,42,1.0,0,0.0,nan,1.0,0,0,M2_T_JUNCTION,JUNCTION_REGION,39.58826004616662,39.126898943180414,-42.0,0,0
29.200000000000003,16,-3.1086244689504383e-15,39.120444699698275,-3.053500563937333e-14,1.0,605.6779113380364,257.87881245169854,2.3486920293286278,27.504686434026553,25.100000000000087,True,42,0.875,1,42,1.0,0,0.0,nan,1.0,0,0,M2_T_JUNCTION,JUNCTION_REGION,39.58535241085452,39.120444699698275,-42.0,0,0
29.3,16,-2.6645352591003757e-15,39.114005293915405,-3.3065141629898196e-14,1.0,608.4310184415467,257.87881245169854,2.3593680018032024,27.53107103510274,25.200000000000088,True,42,0.875,1,42,1.0,0,0.0,nan,1.0,0,0,M2_T_JUNCTION,JUNCTION_REGION,39.58253678963868,39.114005293915405,-42.0,0,0
29.400000000000002,16,-2.6645352591003757e-15,39.1075797549233,-3.48847252019311e-14,1.0,611.1862808577941,257.87881245169854,2.3700523321289575,27.55262416247433,25.30000000000009,True,42,0.875,1,42,1.0,0,0.0,nan,1.0,0,0,M2_T_JUNCTION,JUNCTION_REGION,39.57980240677346,39.1075797549233,-42.0,0,0
29.5,16,-2.220446049250313e-15,39.1011678697292,-3.680369932354156e-14,1.0,613.9433025376022,257.87881245169854,2.380743484510173,27.570216798080764,25.40000000000009,True,42,0.875,1,42,1.0,0,0.0,nan,1.0,0,0,M2_T_JUNCTION,JUNCTION_REGION,39.57713944054095,39.1011678697292,-42.0,0,0
29.6,16,-2.220446049250313e-15,39.09476986788467,-4.416533586555927e-14,1.0,616.7016590977122,257.87881245169854,2.391439813277495,27.583565601099735,25.500000000000092,True,42,0.875,1,42,1.0,0,0.0,nan,1.0,0,0,M2_T_JUNCTION,JUNCTION_REGION,39.57454134879275,39.09476986788467,-42.0,0,0
29.700000000000003,16,-1.3322676295501878e-15,39.08838640289209,-4.390794204461513e-14,1.0,619.46086344226,257.87881245169854,2.402139429575227,27.59204344547811,25.600000000000094,True,42,0.875,1,42,1.0,0,0.0,nan,1.0,0,0,M2_T_JUNCTION,JUNCTION_REGION,39.5720062275406,39.08838640289209,-42.0,0,0
29.8,16,-8.881784197001252e-16,39.08201799125128,-3.892029072675147e-14,1.0,622.2204511825546,257.87881245169854,2.4128405326013294,27.595877402945916,25.700000000000095,True,42,0.875,1,42,1.0,0,0.0,nan,1.0,0,0,M2_T_JUNCTION,JUNCTION_REGION,39.56953159892893,39.08201799125128,-42.0,0,0
29.900000000000002,16,-8.881784197001252e-16,39.07566502678482,-6.92598894479598e-13,1.0,624.9799853762029,257.87881245169854,2.423541427984757,27.595341936482782,25.800000000000097,True,42,0.875,1,42,1.0,0,0.0,nan,1.0,0,0,M2_T_JUNCTION,JUNCTION_REGION,39.567114004987275,39.07566502678482,-42.0,0,0
