map_case,frame,timestamp,profile_junction_detected,junction_detection_latched,active_junction_phase,active_viewpoint_state,viewpoint_scan_index,viewpoint_step_fraction,viewpoint_step_target,viewpoint_step_progress,viewpoint_cumulative_advance,trusted_corridor_width,trusted_corridor_orientation_deg,trusted_corridor_sign_source,local_forward_propulsion_active,leader_braking_active,leader_speed,follower_mean_speed,stationary_dwell_steps,provisional_fixed_anchor,pointcloud_ready,pointcloud_called,pointcloud_call_count,pointcloud_opening_count,min_inter_robot_distance,overlap_pair_count,wall_contact_count,outside_free_space_robot_count,nan_inf_state_count,max_speed,leader_connected,leader_communication_connected,leader_connected_component_size,leader_to_front_pack_gap,normalized_leader_gap,leader_displacement_since_detection_eval,anchor_x_eval,anchor_y_eval,gt_phase
M1_CROSS_BASELINE,0,0.016666666666666666,False,False,LOCAL_FORWARD,WAITING_INITIAL_SCAN,0,0.1,0.0,0.0,0.0,nan,nan,UNAVAILABLE,True,False,1.799992790879454,0.7831622973702062,0,False,False,False,0,0,2.659602386267772,0,0,0,0,1.8,True,True,680,2.6746962444360176,0.07075915990571476,0.0,nan,nan,CORRIDOR
M1_CROSS_BASELINE,6,0.11666666666666665,False,False,LOCAL_FORWARD,WAITING_INITIAL_SCAN,0,0.1,0.0,0.0,0.0,nan,nan,UNAVAILABLE,True,False,35.799365270424715,13.676764597217119,0,False,False,False,0,0,2.6602904825954905,0,0,0,0,35.799365270424715,True,True,680,2.7544739709507624,0.07286968177118419,0.0,nan,nan,CORRIDOR
M1_CROSS_BASELINE,12,0.21666666666666665,False,False,LOCAL_FORWARD,WAITING_INITIAL_SCAN,0,0.1,0.0,0.0,0.0,nan,nan,UNAVAILABLE,True,False,74.70761113595074,26.52958955156861,0,False,False,False,0,0,2.617382846708036,0,43,0,0,75.86092663950693,True,True,680,2.897871550809062,0.07666326853992228,0.0,nan,nan,CORRIDOR
M1_CROSS_BASELINE,18,0.31666666666666665,False,False,LOCAL_FORWARD,WAITING_INITIAL_SCAN,0,0.1,0.0,0.0,0.0,nan,nan,UNAVAILABLE,True,False,90.70103164960238,32.003652852520396,0,False,False,False,0,0,2.3177807237306154,0,297,0,0,90.70103164960238,True,True,680,3.030805536098666,0.08018004063753086,0.0,nan,nan,CORRIDOR
M1_CROSS_BASELINE,24,0.41666666666666663,False,False,LOCAL_FORWARD,WAITING_INITIAL_SCAN,0,0.1,0.0,0.0,0.0,nan,nan,UNAVAILABLE,True,False,91.83054442580814,32.5318141269124,0,False,False,False,0,0,2.265644788157895,0,585,0,0,91.83054442580814,True,True,680,3.2951930165349452,0.0871744184268504,0.0,nan,nan,CORRIDOR
M1_CROSS_BASELINE,30,0.5166666666666666,False,False,LOCAL_FORWARD,WAITING_INITIAL_SCAN,0,0.1,0.0,0.0,0.0,nan,nan,UNAVAILABLE,True,False,86.6023285696093,32.17899201159829,0,False,False,False,0,0,2.1745396612541086,11,873,0,0,86.6023285696093,True,True,680,3.700260890984119,0.09789049976148463,0.0,nan,nan,CORRIDOR
M1_CROSS_BASELINE,36,0.6166666666666669,True,True,JUNCTION_HOLD,WAITING_INITIAL_SCAN,0,0.1,0.0,0.0,0.0,84.0,0.0,PRE_HOLD_LOCAL_MOTION,False,False,85.79494863914204,31.902853651425964,0,False,False,False,0,0,2.198733320253317,5,1161,0,0,85.79494863914204,True,True,680,4.416683397702625,0.1168434761296991,0.0,nan,nan,CORRIDOR
M1_CROSS_BASELINE,42,0.7166666666666672,True,True,LIDAR_BRAKING,WAITING_INITIAL_SCAN,0,0.1,0.0,0.0,0.0,84.0,0.0,PRE_HOLD_LOCAL_MOTION,False,True,70.19072902978665,26.65355458034334,0,False,False,False,0,0,2.2765243459293316,0,1449,0,0,70.19072902978665,True,True,680,5.538022144139949,0.1465085223317447,7.822373063063103,nan,nan,CORRIDOR
M1_CROSS_BASELINE,48,0.8166666666666675,True,True,LIDAR_BRAKING,WAITING_INITIAL_SCAN,0,0.1,0.0,0.0,0.0,84.0,0.0,PRE_HOLD_LOCAL_MOTION,False,True,46.63207801785093,18.693355225233432,0,False,False,False,0,0,2.395665854064284,0,1738,0,0,51.872612030006394,True,True,680,6.260648694497892,0.16562562683856857,13.463603872534256,nan,nan,CORRIDOR
M1_CROSS_BASELINE,54,0.9166666666666679,True,True,LIDAR_BRAKING,WAITING_INITIAL_SCAN,0,0.1,0.0,0.0,0.0,84.0,0.0,PRE_HOLD_LOCAL_MOTION,False,True,26.970377232074462,12.808895914071504,0,False,False,False,0,0,2.487982834589324,0,2032,0,0,39.886698351947615,True,True,680,6.49603202139065,0.17185269897858862,16.929615427782505,nan,nan,CORRIDOR
M1_CROSS_BASELINE,60,1.016666666666668,True,True,LIDAR_BRAKING,WAITING_INITIAL_SCAN,0,0.1,0.0,0.0,0.0,84.0,0.0,PRE_HOLD_LOCAL_MOTION,False,True,13.763640680474992,9.792055543696682,0,False,False,False,0,0,2.5742435171494495,0,2341,0,0,32.4096711145782,True,True,680,6.369657404046349,0.16850945513350132,18.805280633420505,nan,nan,CORRIDOR
M1_CROSS_BASELINE,66,1.1166666666666676,True,True,LIDAR_BRAKING,WAITING_INITIAL_SCAN,0,0.1,0.0,0.0,0.0,84.0,0.0,PRE_HOLD_LOCAL_MOTION,False,True,6.059328408339286,8.500751281041824,0,False,False,False,0,0,2.649618165280812,0,2652,0,0,28.40792497230094,True,True,680,6.006411843490465,0.1588997842193245,19.69469533281165,nan,nan,CORRIDOR
M1_CROSS_BASELINE,72,1.2166666666666672,True,True,LIDAR_BRAKING,WAITING_INITIAL_SCAN,0,0.1,0.0,0.0,0.0,84.0,0.0,PRE_HOLD_LOCAL_MOTION,False,True,2.0929475948490355,7.836591762876165,0,False,False,False,0,0,2.717918633235242,0,2964,0,0,25.53968622641126,True,True,680,5.554805872786195,0.14695253631709512,20.045873830194857,nan,nan,CORRIDOR
M1_CROSS_BASELINE,78,1.3166666666666669,True,True,LIDAR_BRAKING,WAITING_INITIAL_SCAN,0,0.1,0.0,0.0,0.0,84.0,0.0,PRE_HOLD_LOCAL_MOTION,False,True,0.32612144251851904,7.330722425627323,4,False,False,False,0,0,2.7823201617515534,0,3278,0,0,27.553603853805342,True,True,680,5.11281569131122,0.1352596743733127,20.139290664204314,nan,nan,CORRIDOR
M1_CROSS_BASELINE,84,1.4166666666666665,True,True,VIEWPOINT_ADVANCE,VIEWPOINT_ADVANCE,1,0.1,8.4,0.0,0.0,84.0,0.0,PRE_HOLD_LOCAL_MOTION,True,False,0.0,6.878322991731382,0,False,False,True,1,2,2.842080354395528,0,3596,0,0,27.182857912171265,True,True,680,4.778658145234795,0.12641952765171416,20.142523653043746,-1.7620542030564665,-152.74884977027222,CORRIDOR
M1_CROSS_BASELINE,90,1.5166666666666662,True,True,VIEWPOINT_ADVANCE,VIEWPOINT_ADVANCE,1,0.1,8.4,1.2235205754885783,1.2235205754885783,84.0,0.0,PRE_HOLD_LOCAL_MOTION,True,False,24.009305906197582,6.465231098387651,0,False,False,False,1,2,2.898665187019478,0,3920,0,0,26.51238664013005,True,True,680,5.036712092566385,0.13324635165519538,21.365998274588435,-1.7620542030564665,-152.74884977027222,CORRIDOR
M1_CROSS_BASELINE,96,1.6166666666666658,True,True,VIEWPOINT_ADVANCE,VIEWPOINT_ADVANCE,1,0.1,8.4,4.845608743839136,4.845608743839136,84.0,0.0,PRE_HOLD_LOCAL_MOTION,True,False,41.32418490275454,6.115541648196199,0,False,False,False,1,2,2.938308146363462,0,4251,0,0,41.32418490275454,True,True,680,6.732810699870383,0.17811668518175616,24.98843281364925,-1.7620542030564665,-152.74884977027222,CORRIDOR
M1_CROSS_BASELINE,102,1.7166666666666655,True,True,VIEWPOINT_REBRAKING,VIEWPOINT_REBRAKING,1,0.1,8.4,8.964583158619803,8.964583158619803,84.0,0.0,PRE_HOLD_LOCAL_MOTION,False,True,41.298240619452734,5.819911652318749,0,False,False,False,1,2,2.9499783946106173,0,4586,0,0,41.298240619452734,True,True,680,7.720099673430777,0.20423544109605232,29.10828131286207,-1.7620542030564665,-152.74884977027222,CORRIDOR
M1_CROSS_BASELINE,108,1.816666666666665,True,True,VIEWPOINT_REBRAKING,VIEWPOINT_REBRAKING,1,0.1,8.4,8.964583158619803,12.77754419071917,84.0,0.0,PRE_HOLD_LOCAL_MOTION,False,True,34.46892638801741,5.525857648833405,0,False,False,False,1,2,2.947434356750625,0,4928,0,0,34.46892638801741,True,True,680,8.493859545377166,0.22470527897823192,32.92146286387485,-1.7620542030564665,-152.74884977027222,CORRIDOR
M1_CROSS_BASELINE,114,1.9166666666666647,True,True,VIEWPOINT_REBRAKING,VIEWPOINT_REBRAKING,1,0.1,8.4,8.964583158619803,15.56575055432296,84.0,0.0,PRE_HOLD_LOCAL_MOTION,False,True,23.155295182534598,5.242228155700144,0,False,False,False,1,2,2.9384647364273397,0,5270,0,0,23.155295182534598,True,True,680,9.1679700097998,0.2425388891481429,35.709615769448455,-1.7620542030564665,-152.74884977027222,CORRIDOR
M1_CROSS_BASELINE,120,2.0166666666666644,True,True,VIEWPOINT_REBRAKING,VIEWPOINT_REBRAKING,1,0.1,8.4,8.964583158619803,17.295038868882955,84.0,0.0,PRE_HOLD_LOCAL_MOTION,False,True,13.509212317791576,4.971610178419997,0,False,False,False,1,2,2.9286786691262288,0,5614,0,0,18.500632934896046,True,True,680,9.425224122345202,0.24934455350119586,37.43883374700424,-1.7620542030564665,-152.74884977027222,CORRIDOR
M1_CROSS_BASELINE,126,2.116666666666664,True,True,VIEWPOINT_REBRAKING,VIEWPOINT_REBRAKING,1,0.1,8.4,8.964583158619803,18.23886890976044,84.0,0.0,PRE_HOLD_LOCAL_MOTION,False,True,6.955561933937777,4.724530461575169,0,False,False,False,1,2,2.9181037974576154,0,5968,0,0,16.30525800092103,True,True,680,9.229639012546704,0.24417034424726733,38.38262261227848,-1.7620542030564665,-152.74884977027222,CORRIDOR
M1_CROSS_BASELINE,132,2.2166666666666637,True,True,VIEWPOINT_REBRAKING,VIEWPOINT_REBRAKING,1,0.1,8.4,8.964583158619803,18.69091835707124,84.0,0.0,PRE_HOLD_LOCAL_MOTION,False,True,3.0987513081843656,4.501598918384351,0,False,False,False,1,2,2.906776298352597,0,6327,0,0,15.685056592436094,True,True,680,8.773782018293344,0.23211063540458585,38.83465327097262,-1.7620542030564665,-152.74884977027222,CORRIDOR
M1_CROSS_BASELINE,138,2.3166666666666633,True,True,VIEWPOINT_REBRAKING,VIEWPOINT_REBRAKING,1,0.1,8.4,8.964583158619803,18.87229022124302,84.0,0.0,PRE_HOLD_LOCAL_MOTION,False,True,1.095627172997375,4.309564017099917,1,False,False,False,1,2,2.8959323516018065,0,6687,0,0,15.31533135252598,True,True,680,8.239801364169747,0.21798416307327373,39.016018098141934,-1.7620542030564665,-152.74884977027222,CORRIDOR
M1_CROSS_BASELINE,144,2.416666666666663,True,True,VIEWPOINT_ADVANCE,VIEWPOINT_ADVANCE,2,0.1,8.4,0.0,18.91954079655875,84.0,0.0,PRE_HOLD_LOCAL_MOTION,True,False,0.0,4.156836812366832,0,False,False,True,2,2,2.8943862421903743,0,7048,0,0,14.426768283185204,True,True,680,7.733596227079723,0.20459249277988686,39.06326694776767,-2.0127517523848133,-133.82930897371347,CORRIDOR
M1_CROSS_BASELINE,150,2.5166666666666626,True,True,VIEWPOINT_ADVANCE,VIEWPOINT_ADVANCE,2,0.1,8.4,0.6531773209320022,19.57271811749075,84.0,0.0,PRE_HOLD_LOCAL_MOTION,True,False,13.325419659364544,4.048904286891622,0,False,False,False,2,2,2.880497474713708,0,7411,0,0,13.509032925971566,True,True,680,7.537728556812771,0.19941080838129027,39.71680443269031,-2.0127517523848133,-133.82930897371347,CORRIDOR
M1_CROSS_BASELINE,156,2.6166666666666623,True,True,VIEWPOINT_ADVANCE,VIEWPOINT_ADVANCE,2,0.1,8.4,3.0360532358564853,21.955594032415235,84.0,0.0,PRE_HOLD_LOCAL_MOTION,True,False,30.98088106035662,3.9619067983155056,0,False,False,False,2,2,2.873623898871606,0,7785,0,0,30.98088106035662,True,True,680,8.163595640997896,0.215968138650738,42.10015191197635,-2.0127517523848133,-133.82930897371347,CORRIDOR
M1_CROSS_BASELINE,162,2.716666666666662,True,True,VIEWPOINT_ADVANCE,VIEWPOINT_ADVANCE,2,0.1,8.4,6.921419251340623,25.840960047899372,84.0,0.0,PRE_HOLD_LOCAL_MOTION,True,False,43.47448818522173,3.8933187351175507,0,False,False,False,2,2,2.869061622370439,0,8168,0,0,43.47448818522173,True,True,680,9.900317236825332,0.2619131544133686,45.98556409748895,-2.0127517523848133,-133.82930897371347,CORRIDOR
M1_CROSS_BASELINE,168,2.8166666666666615,True,True,VIEWPOINT_REBRAKING,VIEWPOINT_REBRAKING,2,0.1,8.4,8.430061210971246,30.35396010747428,84.0,0.0,PRE_HOLD_LOCAL_MOTION,False,True,43.66387439782541,3.835320512874197,0,False,False,False,2,2,2.8572086749419054,0,8562,0,0,43.66387439782541,True,True,680,12.734791082850178,0.33689923499603647,50.498422903423894,-2.0127517523848133,-133.82930897371347,CORRIDOR
M1_CROSS_BASELINE,174,2.916666666666661,True,True,VIEWPOINT_REBRAKING,VIEWPOINT_REBRAKING,2,0.1,8.4,8.430061210971246,34.087168584186884,84.0,0.0,PRE_HOLD_LOCAL_MOTION,False,True,32.195326328908116,3.7784954375899336,0,False,False,False,2,2,2.867945031729323,0,8958,0,0,32.195326328908116,True,True,680,15.092221308690824,0.39926511398652975,54.23149652439731,-2.0127517523848133,-133.82930897371347,CORRIDOR
M1_CROSS_BASELINE,180,3.016666666666661,True,True,VIEWPOINT_REBRAKING,VIEWPOINT_REBRAKING,2,0.1,8.4,8.430061210971246,36.58261920896216,84.0,0.0,PRE_HOLD_LOCAL_MOTION,False,True,20.078775059152576,3.7265206483576407,0,False,False,False,2,2,2.902420667045643,0,9356,0,0,20.078775059152576,False,True,680,inf,inf,56.72686095776739,-2.0127517523848133,-133.82930897371347,CORRIDOR
M1_CROSS_BASELINE,186,3.1166666666666605,True,True,VIEWPOINT_REBRAKING,VIEWPOINT_REBRAKING,2,0.1,8.4,8.430061210971246,38.032871314806584,84.0,0.0,PRE_HOLD_LOCAL_MOTION,False,True,11.01309596699287,3.6825141464982667,0,False,False,False,2,2,2.9335140344542943,0,9758,0,0,11.243771040503926,False,True,680,inf,inf,58.17706585935594,-2.0127517523848133,-133.82930897371347,CORRIDOR
M1_CROSS_BASELINE,192,3.21666666666666,True,True,VIEWPOINT_REBRAKING,VIEWPOINT_REBRAKING,2,0.1,8.4,8.430061210971246,38.77663233969341,84.0,0.0,PRE_HOLD_LOCAL_MOTION,False,True,5.304980700021377,3.6479070002849228,0,False,False,False,2,2,2.9533634937853668,0,10160,0,0,10.898833202908037,False,True,680,inf,inf,58.9208037243221,-2.0127517523848133,-133.82930897371347,CORRIDOR
M1_CROSS_BASELINE,198,3.3166666666666598,True,True,VIEWPOINT_REBRAKING,VIEWPOINT_REBRAKING,2,0.1,8.4,8.430061210971246,39.106248332010026,84.0,0.0,PRE_HOLD_LOCAL_MOTION,False,True,2.1476620412493235,3.6070211635929557,0,False,False,False,2,2,2.9819674681277886,0,10573,0,0,10.59590421073066,False,True,680,inf,inf,59.25040973011981,-2.0127517523848133,-133.82930897371347,CORRIDOR
M1_CROSS_BASELINE,204,3.4166666666666594,True,True,VIEWPOINT_REBRAKING,VIEWPOINT_REBRAKING,2,0.1,8.4,8.430061210971246,39.221607068062184,84.0,0.0,PRE_HOLD_LOCAL_MOTION,False,True,0.61212984573021,3.5808806276666907,3,False,False,False,2,2,2.984449759676743,0,10987,0,0,10.846775341642035,False,True,680,inf,inf,59.365765024766496,-2.0127517523848133,-133.82930897371347,CORRIDOR
M1_CROSS_BASELINE,210,3.516666666666659,True,True,VIEWPOINT_ADVANCE,VIEWPOINT_ADVANCE,3,0.1,8.4,0.0,39.2383827186883,84.0,0.0,PRE_HOLD_LOCAL_MOTION,True,False,0.0,3.565794304538401,0,False,False,True,3,2,2.9839031900785096,0,11406,0,0,10.619836690227459,True,True,680,15.045997865305976,0.3980422715689412,59.3825401798723,-2.1477662054297397,-113.51046705158392,CORRIDOR
M1_CROSS_BASELINE,216,3.6166666666666587,True,True,VIEWPOINT_ADVANCE,VIEWPOINT_ADVANCE,3,0.1,8.4,0.28532687268237567,39.523709591370675,84.0,0.0,PRE_HOLD_LOCAL_MOTION,True,False,5.89051217516137,3.552021853502276,0,False,False,False,3,2,2.984024153983247,0,11826,0,0,9.832710280182923,True,True,680,14.632261605010738,0.387096867857427,59.66785812388456,-2.1477662054297397,-113.51046705158392,CORRIDOR
M1_CROSS_BASELINE,222,3.7166666666666583,True,True,VIEWPOINT_ADVANCE,VIEWPOINT_ADVANCE,3,0.1,8.4,1.3962632492804374,40.63464596796874,84.0,0.0,PRE_HOLD_LOCAL_MOTION,True,False,14.8152176346877,3.5461846826534966,0,False,False,False,3,2,2.984056644912295,0,12246,0,0,14.8152176346877,True,True,680,14.683981995142174,0.3884651321466184,60.778761305841726,-2.1477662054297397,-113.51046705158392,CORRIDOR
M1_CROSS_BASELINE,228,3.816666666666658,True,True,VIEWPOINT_ADVANCE,VIEWPOINT_ADVANCE,3,0.1,8.4,3.3315917080652326,42.56997442675353,84.0,0.0,PRE_HOLD_LOCAL_MOTION,True,False,22.268707582458855,3.550037844012553,0,False,False,False,3,2,2.984145793806213,0,12666,0,0,22.268707582458855,True,True,680,15.273114241362434,0.40405064130588453,62.714036089823466,-2.1477662054297397,-113.51046705158392,CORRIDOR
M1_CROSS_BASELINE,234,3.9166666666666576,True,True,VIEWPOINT_ADVANCE,VIEWPOINT_ADVANCE,3,0.1,8.4,5.869935509610912,45.10831822829921,84.0,0.0,PRE_HOLD_LOCAL_MOTION,True,False,27.27712784710342,3.5599469522373894,0,False,False,False,3,2,2.9871191945142415,0,13089,0,0,27.27712784710342,False,True,680,inf,inf,65.25231491728492,-2.1477662054297397,-113.51046705158392,CORRIDOR
M1_CROSS_BASELINE,240,4.016666666666658,True,True,VIEWPOINT_REBRAKING,VIEWPOINT_REBRAKING,3,0.1,8.4,8.782361096415329,48.02074381510363,84.0,0.0,PRE_HOLD_LOCAL_MOTION,False,True,30.199725160642185,3.5530137082973843,0,False,False,False,3,2,2.995409224378248,0,13518,0,0,30.199725160642185,False,True,680,inf,inf,68.16467209012411,-2.1477662054297397,-113.51046705158392,CORRIDOR
M1_CROSS_BASELINE,246,4.116666666666657,True,True,VIEWPOINT_REBRAKING,VIEWPOINT_REBRAKING,3,0.1,8.4,8.782361096415329,50.85213034482929,84.0,0.0,PRE_HOLD_LOCAL_MOTION,False,True,25.815965071043557,3.548392880092033,0,False,False,False,3,2,3.011264626339444,0,13957,0,0,25.815965071043557,False,True,680,inf,inf,70.99599752268907,-2.1477662054297397,-113.51046705158392,CORRIDOR
M1_CROSS_BASELINE,252,4.216666666666657,True,True,VIEWPOINT_REBRAKING,VIEWPOINT_REBRAKING,3,0.1,8.4,8.782361096415329,52.955923639365125,84.0,0.0,PRE_HOLD_LOCAL_MOTION,False,True,17.563237790260242,3.5528714229801457,0,False,False,False,3,2,3.033389196270314,0,14399,0,0,17.563237790260242,False,True,680,inf,inf,73.09974848820616,-2.1477662054297397,-113.51046705158392,CORRIDOR
M1_CROSS_BASELINE,258,4.316666666666657,True,True,VIEWPOINT_REBRAKING,VIEWPOINT_REBRAKING,3,0.1,8.4,8.782361096415329,54.27459660352561,84.0,0.0,PRE_HOLD_LOCAL_MOTION,False,True,10.34648316787939,3.550765652019642,0,False,False,False,3,2,3.0733921656498664,0,14841,0,0,10.34648316787939,False,True,680,inf,inf,74.41839613997016,-2.1477662054297397,-113.51046705158392,CORRIDOR
M1_CROSS_BASELINE,264,4.416666666666656,True,True,VIEWPOINT_REBRAKING,VIEWPOINT_REBRAKING,3,0.1,8.4,8.782361096415329,55.00111411406543,84.0,0.0,PRE_HOLD_LOCAL_MOTION,False,True,5.379140540349361,3.5405087918740623,0,False,False,False,3,2,3.1030362734618864,0,15284,0,0,7.91797424950057,False,True,680,inf,inf,75.14490008393348,-2.1477662054297397,-113.51046705158392,CORRIDOR
M1_CROSS_BASELINE,270,4.516666666666656,True,True,VIEWPOINT_REBRAKING,VIEWPOINT_REBRAKING,3,0.1,8.4,8.782361096415329,55.352867553317964,84.0,0.0,PRE_HOLD_LOCAL_MOTION,False,True,2.4271429662710537,3.5193350771688783,0,False,False,False,3,2,3.1284965028953713,0,15726,0,0,7.750980834178659,False,True,680,inf,inf,75.49664704842495,-2.1477662054297397,-113.51046705158392,CORRIDOR
M1_CROSS_BASELINE,276,4.616666666666656,True,True,VIEWPOINT_REBRAKING,VIEWPOINT_REBRAKING,3,0.1,8.4,8.782361096415329,55.49640181241902,84.0,0.0,PRE_HOLD_LOCAL_MOTION,False,True,0.8791141766411346,3.4797942673447575,2,False,False,False,3,2,3.163165903688244,0,16172,0,0,7.60823663220597,False,True,680,inf,inf,75.64017868274453,-2.1477662054297397,-113.51046705158392,CORRIDOR
M1_CROSS_BASELINE,282,4.716666666666655,True,True,VIEWPOINT_SEQUENCE_COMPLETE,VIEWPOINT_SEQUENCE_COMPLETE,3,0.1,8.4,8.782361096415329,55.53109575861822,84.0,0.0,PRE_HOLD_LOCAL_MOTION,False,False,0.0,3.445810836939781,6,True,True,True,4,2,3.2044366413906418,0,16621,0,0,7.459848393738272,False,True,680,inf,inf,75.67487199599198,-2.1474277215192537,-97.217754011654,CORRIDOR
M1_CROSS_BASELINE,288,4.816666666666655,True,True,VIEWPOINT_SEQUENCE_COMPLETE,VIEWPOINT_SEQUENCE_COMPLETE,3,0.1,8.4,8.782361096415329,55.53109575861822,84.0,0.0,PRE_HOLD_LOCAL_MOTION,False,False,0.0,3.4121765920923544,6,True,True,False,4,2,3.249696189691923,0,17070,0,0,7.306106605166871,False,True,680,inf,inf,75.67487199599198,-2.1474277215192537,-97.217754011654,CORRIDOR
M1_CROSS_BASELINE,294,4.9166666666666545,True,True,VIEWPOINT_SEQUENCE_COMPLETE,VIEWPOINT_SEQUENCE_COMPLETE,3,0.1,8.4,8.782361096415329,55.53109575861822,84.0,0.0,PRE_HOLD_LOCAL_MOTION,False,False,0.0,3.3731032053568835,6,True,True,False,4,2,3.2616755249668525,0,17523,0,0,7.323000987606848,False,True,680,inf,inf,75.67487199599198,-2.1474277215192537,-97.217754011654,CORRIDOR
M1_CROSS_BASELINE,300,5.016666666666654,True,True,VIEWPOINT_SEQUENCE_COMPLETE,VIEWPOINT_SEQUENCE_COMPLETE,3,0.1,8.4,8.782361096415329,55.53109575861822,84.0,0.0,PRE_HOLD_LOCAL_MOTION,False,False,0.0,3.333771106783093,6,True,True,False,4,2,3.2726684279084655,0,17982,0,0,7.360161306023013,False,True,680,inf,inf,75.67487199599198,-2.1474277215192537,-97.217754011654,CORRIDOR
M1_CROSS_BASELINE,306,5.116666666666654,True,True,VIEWPOINT_SEQUENCE_COMPLETE,VIEWPOINT_SEQUENCE_COMPLETE,3,0.1,8.4,8.782361096415329,55.53109575861822,84.0,0.0,PRE_HOLD_LOCAL_MOTION,False,False,0.0,3.295138120533758,6,True,True,False,4,2,3.2781954561848767,0,18445,0,0,7.3382318660846835,False,True,680,inf,inf,75.67487199599198,-2.1474277215192537,-97.217754011654,CORRIDOR
M1_CROSS_BASELINE,312,5.2166666666666535,True,True,VIEWPOINT_SEQUENCE_COMPLETE,VIEWPOINT_SEQUENCE_COMPLETE,3,0.1,8.4,8.782361096415329,55.53109575861822,84.0,0.0,PRE_HOLD_LOCAL_MOTION,False,False,0.0,3.257995516941285,6,True,True,False,4,2,3.277559019195385,0,18913,0,0,7.2157932079461204,False,True,680,inf,inf,75.67487199599198,-2.1474277215192537,-97.217754011654,CORRIDOR
M1_CROSS_BASELINE,318,5.316666666666653,True,True,VIEWPOINT_SEQUENCE_COMPLETE,VIEWPOINT_SEQUENCE_COMPLETE,3,0.1,8.4,8.782361096415329,55.53109575861822,84.0,0.0,PRE_HOLD_LOCAL_MOTION,False,False,0.0,3.2173026052723968,6,True,True,False,4,2,3.2746615966294215,0,19387,0,0,7.0749022182287495,False,True,680,inf,inf,75.67487199599198,-2.1474277215192537,-97.217754011654,CORRIDOR
M1_CROSS_BASELINE,324,5.416666666666653,True,True,VIEWPOINT_SEQUENCE_COMPLETE,VIEWPOINT_SEQUENCE_COMPLETE,3,0.1,8.4,8.782361096415329,55.53109575861822,84.0,0.0,PRE_HOLD_LOCAL_MOTION,False,False,0.0,3.1821632643591578,6,True,True,False,4,2,3.2751277950520237,0,19865,0,0,6.9911606724271556,False,True,680,inf,inf,75.67487199599198,-2.1474277215192537,-97.217754011654,CORRIDOR
M1_CROSS_BASELINE,330,5.516666666666652,True,True,VIEWPOINT_SEQUENCE_COMPLETE,VIEWPOINT_SEQUENCE_COMPLETE,3,0.1,8.4,8.782361096415329,55.53109575861822,84.0,0.0,PRE_HOLD_LOCAL_MOTION,False,False,0.0,3.1473885424177475,6,True,True,False,4,2,3.2730475107383206,0,20345,0,0,6.891229281466375,False,True,680,inf,inf,75.67487199599198,-2.1474277215192537,-97.217754011654,CORRIDOR
M1_CROSS_BASELINE,336,5.616666666666652,True,True,VIEWPOINT_SEQUENCE_COMPLETE,VIEWPOINT_SEQUENCE_COMPLETE,3,0.1,8.4,8.782361096415329,55.53109575861822,84.0,0.0,PRE_HOLD_LOCAL_MOTION,False,False,0.0,3.1174465734614203,6,True,True,False,4,2,3.2753461302257407,0,20825,0,0,6.7691021675920515,False,True,680,inf,inf,75.67487199599198,-2.1474277215192537,-97.217754011654,CORRIDOR
M1_CROSS_BASELINE,342,5.716666666666652,True,True,VIEWPOINT_SEQUENCE_COMPLETE,VIEWPOINT_SEQUENCE_COMPLETE,3,0.1,8.4,8.782361096415329,55.53109575861822,84.0,0.0,PRE_HOLD_LOCAL_MOTION,False,False,0.0,3.09804801258793,6,True,True,False,4,2,3.2757601500677422,0,21303,0,0,6.664306536171308,False,True,680,inf,inf,75.67487199599198,-2.1474277215192537,-97.217754011654,CORRIDOR
M1_CROSS_BASELINE,348,5.816666666666651,True,True,VIEWPOINT_SEQUENCE_COMPLETE,VIEWPOINT_SEQUENCE_COMPLETE,3,0.1,8.4,8.782361096415329,55.53109575861822,84.0,0.0,PRE_HOLD_LOCAL_MOTION,False,False,0.0,3.061311799757288,6,True,True,False,4,2,3.2716256015817344,0,21782,0,0,6.563707336588138,True,True,680,15.007331767320931,0.39701935892383416,75.67487199599198,-2.1474277215192537,-97.217754011654,CORRIDOR
M1_CROSS_BASELINE,354,5.916666666666651,True,True,VIEWPOINT_SEQUENCE_COMPLETE,VIEWPOINT_SEQUENCE_COMPLETE,3,0.1,8.4,8.782361096415329,55.53109575861822,84.0,0.0,PRE_HOLD_LOCAL_MOTION,False,False,0.0,3.0338255354658825,6,True,True,False,4,2,3.265174050601597,0,22262,0,0,6.461869932359043,True,True,680,14.619256335992924,0.38675281312150595,75.67487199599198,-2.1474277215192537,-97.217754011654,CORRIDOR
M1_CROSS_BASELINE,360,6.016666666666651,True,True,VIEWPOINT_SEQUENCE_COMPLETE,VIEWPOINT_SEQUENCE_COMPLETE,3,0.1,8.4,8.782361096415329,55.53109575861822,84.0,0.0,PRE_HOLD_LOCAL_MOTION,False,False,0.0,3.0092722266893253,6,True,True,False,4,2,3.26486215532929,0,22742,0,0,6.3671429424445565,True,True,680,14.24535672600984,0.3768612890478794,75.67487199599198,-2.1474277215192537,-97.217754011654,CORRIDOR
M1_CROSS_BASELINE,366,6.11666666666665,True,True,VIEWPOINT_SEQUENCE_COMPLETE,VIEWPOINT_SEQUENCE_COMPLETE,3,0.1,8.4,8.782361096415329,55.53109575861822,84.0,0.0,PRE_HOLD_LOCAL_MOTION,False,False,0.0,2.9858461201240796,6,True,True,False,4,2,3.267611869727352,0,23222,0,0,6.264436620361275,True,True,680,13.887774196634364,0.3674014337733959,75.67487199599198,-2.1474277215192537,-97.217754011654,CORRIDOR
M1_CROSS_BASELINE,372,6.21666666666665,True,True,VIEWPOINT_SEQUENCE_COMPLETE,VIEWPOINT_SEQUENCE_COMPLETE,3,0.1,8.4,8.782361096415329,55.53109575861822,84.0,0.0,PRE_HOLD_LOCAL_MOTION,False,False,0.0,2.95850206216587,6,True,True,False,4,2,3.2666305698132,0,23705,0,0,6.14556259288899,True,True,680,13.547847619716864,0.35840866718827685,75.67487199599198,-2.1474277215192537,-97.217754011654,CORRIDOR
M1_CROSS_BASELINE,378,6.3166666666666496,True,True,VIEWPOINT_SEQUENCE_COMPLETE,VIEWPOINT_SEQUENCE_COMPLETE,3,0.1,8.4,8.782361096415329,55.53109575861822,84.0,0.0,PRE_HOLD_LOCAL_MOTION,False,False,0.0,2.9273932345254816,6,True,True,False,4,2,3.2682787088824816,0,24197,0,0,6.023981346075605,True,True,680,13.220474919812064,0.34974801375164194,75.67487199599198,-2.1474277215192537,-97.217754011654,CORRIDOR
M1_CROSS_BASELINE,384,6.416666666666649,True,True,VIEWPOINT_SEQUENCE_COMPLETE,VIEWPOINT_SEQUENCE_COMPLETE,3,0.1,8.4,8.782361096415329,55.53109575861822,84.0,0.0,PRE_HOLD_LOCAL_MOTION,False,False,0.0,2.902074878209115,6,True,True,False,4,2,3.2689374413985477,0,24688,0,0,5.913847146705104,True,True,680,12.90832206927873,0.3414900018327707,75.67487199599198,-2.1474277215192537,-97.217754011654,CORRIDOR
M1_CROSS_BASELINE,390,6.516666666666649,True,True,VIEWPOINT_SEQUENCE_COMPLETE,VIEWPOINT_SEQUENCE_COMPLETE,3,0.1,8.4,8.782361096415329,55.53109575861822,84.0,0.0,PRE_HOLD_LOCAL_MOTION,False,False,0.0,2.8775900867263045,6,True,True,False,4,2,3.2709278751698014,0,25180,0,0,5.800575323374148,True,True,680,12.615915585630157,0.3337543805722264,75.67487199599198,-2.1474277215192537,-97.217754011654,CORRIDOR
M1_CROSS_BASELINE,396,6.6166666666666485,True,True,VIEWPOINT_SEQUENCE_COMPLETE,VIEWPOINT_SEQUENCE_COMPLETE,3,0.1,8.4,8.782361096415329,55.53109575861822,84.0,0.0,PRE_HOLD_LOCAL_MOTION,False,False,0.0,2.8539734727076445,6,True,True,False,4,2,3.274344270908923,0,25672,0,0,5.674580859778698,True,True,680,12.339871221034036,0.32645161960407504,75.67487199599198,-2.1474277215192537,-97.217754011654,CORRIDOR
M1_CROSS_BASELINE,402,6.716666666666648,True,True,VIEWPOINT_SEQUENCE_COMPLETE,VIEWPOINT_SEQUENCE_COMPLETE,3,0.1,8.4,8.782361096415329,55.53109575861822,84.0,0.0,PRE_HOLD_LOCAL_MOTION,False,False,0.0,2.830485281759063,6,True,True,False,4,2,3.279266150123138,0,26164,0,0,5.54337245197584,True,True,680,12.0793987152775,0.3195608125734789,75.67487199599198,-2.1474277215192537,-97.217754011654,CORRIDOR
M1_CROSS_BASELINE,408,6.816666666666648,True,True,VIEWPOINT_SEQUENCE_COMPLETE,VIEWPOINT_SEQUENCE_COMPLETE,3,0.1,8.4,8.782361096415329,55.53109575861822,84.0,0.0,PRE_HOLD_LOCAL_MOTION,False,False,0.0,2.8074362172244567,6,True,True,False,4,2,3.2864392297003193,0,26656,0,0,5.461796755923013,True,True,680,11.836101545591852,0.313124379513012,75.67487199599198,-2.1474277215192537,-97.217754011654,CORRIDOR
M1_CROSS_BASELINE,414,6.916666666666647,True,True,VIEWPOINT_SEQUENCE_COMPLETE,VIEWPOINT_SEQUENCE_COMPLETE,3,0.1,8.4,8.782361096415329,55.53109575861822,84.0,0.0,PRE_HOLD_LOCAL_MOTION,False,False,0.0,2.784392024235673,6,True,True,False,4,2,3.296740061232394,0,27148,0,0,5.424130263581437,True,True,680,11.609449635573089,0.30712829723738333,75.67487199599198,-2.1474277215192537,-97.217754011654,CORRIDOR
M1_CROSS_BASELINE,420,7.016666666666647,True,True,VIEWPOINT_SEQUENCE_COMPLETE,VIEWPOINT_SEQUENCE_COMPLETE,3,0.1,8.4,8.782361096415329,55.53109575861822,84.0,0.0,PRE_HOLD_LOCAL_MOTION,False,False,0.0,2.7619475683393286,6,True,True,False,4,2,3.3099079966251286,0,27640,0,0,5.25302503888846,True,True,680,11.399486644976614,0.3015737207665771,75.67487199599198,-2.1474277215192537,-97.217754011654,CORRIDOR
M1_CROSS_BASELINE,426,7.116666666666647,True,True,VIEWPOINT_SEQUENCE_COMPLETE,VIEWPOINT_SEQUENCE_COMPLETE,3,0.1,8.4,8.782361096415329,55.53109575861822,84.0,0.0,PRE_HOLD_LOCAL_MOTION,False,False,0.0,2.7407057526031195,6,True,True,False,4,2,3.326091685324982,0,28132,0,0,5.191441966001246,True,True,680,11.122395729357345,0.29424327326342187,75.67487199599198,-2.1474277215192537,-97.217754011654,CORRIDOR
M1_CROSS_BASELINE,432,7.216666666666646,True,True,VIEWPOINT_SEQUENCE_COMPLETE,VIEWPOINT_SEQUENCE_COMPLETE,3,0.1,8.4,8.782361096415329,55.53109575861822,84.0,0.0,PRE_HOLD_LOCAL_MOTION,False,False,0.0,2.7199762857907785,6,True,True,False,4,2,3.3458218818410153,0,28624,0,0,5.200335345190107,True,True,680,10.630823727334864,0.2812387229453668,75.67487199599198,-2.1474277215192537,-97.217754011654,CORRIDOR
M1_CROSS_BASELINE,438,7.316666666666646,True,True,VIEWPOINT_SEQUENCE_COMPLETE,VIEWPOINT_SEQUENCE_COMPLETE,3,0.1,8.4,8.782361096415329,55.53109575861822,84.0,0.0,PRE_HOLD_LOCAL_MOTION,False,False,0.0,2.699197693515774,6,True,True,False,4,2,3.3708950189322575,0,29116,0,0,5.160933817820111,True,True,680,10.154782293716432,0.26864503422530245,75.67487199599198,-2.1474277215192537,-97.217754011654,CORRIDOR
M1_CROSS_BASELINE,444,7.416666666666646,True,True,VIEWPOINT_SEQUENCE_COMPLETE,VIEWPOINT_SEQUENCE_COMPLETE,3,0.1,8.4,8.782361096415329,55.53109575861822,84.0,0.0,PRE_HOLD_LOCAL_MOTION,False,False,0.0,2.6778701990934493,6,True,True,False,4,2,3.3981789094249257,0,29608,0,0,5.138933587065833,True,True,680,9.695165786605578,0.256485867370518,75.67487199599198,-2.1474277215192537,-97.217754011654,CORRIDOR
M1_CROSS_BASELINE,450,7.516666666666645,True,True,VIEWPOINT_SEQUENCE_COMPLETE,VIEWPOINT_SEQUENCE_COMPLETE,3,0.1,8.4,8.782361096415329,55.53109575861822,84.0,0.0,PRE_HOLD_LOCAL_MOTION,False,False,0.0,2.65675373693252,6,True,True,False,4,2,3.4244111475854377,0,30100,0,0,5.029452830950425,True,True,680,9.249426069989815,0.24469381137539195,75.67487199599198,-2.1474277215192537,-97.217754011654,CORRIDOR
M1_CROSS_BASELINE,456,7.616666666666645,True,True,VIEWPOINT_SEQUENCE_COMPLETE,VIEWPOINT_SEQUENCE_COMPLETE,3,0.1,8.4,8.782361096415329,55.53109575861822,84.0,0.0,PRE_HOLD_LOCAL_MOTION,False,False,0.0,2.636197859649177,6,True,True,False,4,2,3.456742499775222,0,30592,0,0,5.117018187862225,True,True,680,8.819166056576135,0.233311271337993,75.67487199599198,-2.1474277215192537,-97.217754011654,CORRIDOR
M1_CROSS_BASELINE,462,7.716666666666645,True,True,VIEWPOINT_SEQUENCE_COMPLETE,VIEWPOINT_SEQUENCE_COMPLETE,3,0.1,8.4,8.782361096415329,55.53109575861822,84.0,0.0,PRE_HOLD_LOCAL_MOTION,False,False,0.0,2.6153088817157464,6,True,True,False,4,2,3.49239111164294,0,31084,0,0,5.221897623351135,True,True,680,8.403170893194858,0.22230610828557826,75.67487199599198,-2.1474277215192537,-97.217754011654,CORRIDOR
M1_CROSS_BASELINE,468,7.816666666666644,True,True,VIEWPOINT_SEQUENCE_COMPLETE,VIEWPOINT_SEQUENCE_COMPLETE,3,0.1,8.4,8.782361096415329,55.53109575861822,84.0,0.0,PRE_HOLD_LOCAL_MOTION,False,False,0.0,2.5938613933657724,6,True,True,False,4,2,3.5304171924416687,0,31576,0,0,5.407522635930367,True,True,680,8.000972223209073,0.21166593183092788,75.67487199599198,-2.1474277215192537,-97.217754011654,CORRIDOR
M1_CROSS_BASELINE,474,7.916666666666644,True,True,VIEWPOINT_SEQUENCE_COMPLETE,VIEWPOINT_SEQUENCE_COMPLETE,3,0.1,8.4,8.782361096415329,55.53109575861822,84.0,0.0,PRE_HOLD_LOCAL_MOTION,False,False,0.0,2.5733810954345735,6,True,True,False,4,2,3.5696208389819364,0,32067,0,0,5.589640904463658,True,True,680,7.613049648631419,0.20140342985797408,75.67487199599198,-2.1474277215192537,-97.217754011654,CORRIDOR
M1_CROSS_BASELINE,480,8.016666666666644,True,True,VIEWPOINT_SEQUENCE_COMPLETE,VIEWPOINT_SEQUENCE_COMPLETE,3,0.1,8.4,8.782361096415329,55.53109575861822,84.0,0.0,PRE_HOLD_LOCAL_MOTION,False,False,0.0,2.5505385007645716,6,True,True,False,4,2,3.6039847920514814,0,32558,0,0,5.853989629579568,True,True,680,7.299450964094089,0.1931071683622775,75.67487199599198,-2.1474277215192537,-97.217754011654,CORRIDOR
M1_CROSS_BASELINE,486,8.11666666666665,True,True,VIEWPOINT_SEQUENCE_COMPLETE,VIEWPOINT_SEQUENCE_COMPLETE,3,0.1,8.4,8.782361096415329,55.53109575861822,84.0,0.0,PRE_HOLD_LOCAL_MOTION,False,False,0.0,2.5285577419313108,6,True,True,False,4,2,3.6261367907264903,0,33049,0,0,6.094452763390436,True,True,680,7.1430269513808,0.18896896696774604,75.67487199599198,-2.1474277215192537,-97.217754011654,CORRIDOR
M1_CROSS_BASELINE,492,8.216666666666654,True,True,VIEWPOINT_SEQUENCE_COMPLETE,VIEWPOINT_SEQUENCE_COMPLETE,3,0.1,8.4,8.782361096415329,55.53109575861822,84.0,0.0,PRE_HOLD_LOCAL_MOTION,False,False,0.0,2.505760515437489,6,True,True,False,4,2,3.6487550667133317,0,33541,0,0,6.250582258670858,True,True,680,7.005749604125911,0.1853372911144421,75.67487199599198,-2.1474277215192537,-97.217754011654,CORRIDOR
M1_CROSS_BASELINE,498,8.31666666666666,True,True,VIEWPOINT_SEQUENCE_COMPLETE,VIEWPOINT_SEQUENCE_COMPLETE,3,0.1,8.4,8.782361096415329,55.53109575861822,84.0,0.0,PRE_HOLD_LOCAL_MOTION,False,False,0.0,2.481828858301566,6,True,True,False,4,2,3.664763384485046,0,34032,0,0,5.778352159934541,True,True,680,6.865700106854714,0.18163227795911943,75.67487199599198,-2.1474277215192537,-97.217754011654,CORRIDOR
M1_CROSS_BASELINE,504,8.416666666666664,True,True,VIEWPOINT_SEQUENCE_COMPLETE,VIEWPOINT_SEQUENCE_COMPLETE,3,0.1,8.4,8.782361096415329,55.53109575861822,84.0,0.0,PRE_HOLD_LOCAL_MOTION,False,False,0.0,2.458981052801351,6,True,True,False,4,2,3.669210318347274,0,34524,0,0,5.710817770759111,True,True,680,6.746740562807965,0.17848520007428478,75.67487199599198,-2.1474277215192537,-97.217754011654,CORRIDOR
M1_CROSS_BASELINE,510,8.51666666666667,True,True,VIEWPOINT_SEQUENCE_COMPLETE,VIEWPOINT_SEQUENCE_COMPLETE,3,0.1,8.4,8.782361096415329,55.53109575861822,84.0,0.0,PRE_HOLD_LOCAL_MOTION,False,False,0.0,2.4367371901674204,6,True,True,False,4,2,3.6697143284719376,0,35016,0,0,5.5087273730910615,True,True,680,6.6448761266378975,0.17579037372057932,75.67487199599198,-2.1474277215192537,-97.217754011654,CORRIDOR
M1_CROSS_BASELINE,516,8.616666666666674,True,True,VIEWPOINT_SEQUENCE_COMPLETE,VIEWPOINT_SEQUENCE_COMPLETE,3,0.1,8.4,8.782361096415329,55.53109575861822,84.0,0.0,PRE_HOLD_LOCAL_MOTION,False,False,0.0,2.4146992119218553,6,True,True,False,4,2,3.6790495285028157,0,35508,0,0,4.724457739699371,True,True,680,6.555004365249912,0.17341281389550034,75.67487199599198,-2.1474277215192537,-97.217754011654,CORRIDOR
M1_CROSS_BASELINE,522,8.71666666666668,True,True,VIEWPOINT_SEQUENCE_COMPLETE,VIEWPOINT_SEQUENCE_COMPLETE,3,0.1,8.4,8.782361096415329,55.53109575861822,84.0,0.0,PRE_HOLD_LOCAL_MOTION,False,False,0.0,2.394490860698843,6,True,True,False,4,2,3.695750403739969,0,36000,0,0,4.675247058651929,True,True,680,6.472703922437319,0.1712355535036328,75.67487199599198,-2.1474277215192537,-97.217754011654,CORRIDOR
M1_CROSS_BASELINE,528,8.816666666666684,True,True,VIEWPOINT_SEQUENCE_COMPLETE,VIEWPOINT_SEQUENCE_COMPLETE,3,0.1,8.4,8.782361096415329,55.53109575861822,84.0,0.0,PRE_HOLD_LOCAL_MOTION,False,False,0.0,2.3742338988856155,6,True,True,False,4,2,3.718382780676676,0,36492,0,0,4.520454011258001,True,True,680,6.398320062347696,0.16926772651713481,75.67487199599198,-2.1474277215192537,-97.217754011654,CORRIDOR
M1_CROSS_BASELINE,534,8.91666666666669,True,True,VIEWPOINT_SEQUENCE_COMPLETE,VIEWPOINT_SEQUENCE_COMPLETE,3,0.1,8.4,8.782361096415329,55.53109575861822,84.0,0.0,PRE_HOLD_LOCAL_MOTION,False,False,0.0,2.355317424826892,6,True,True,False,4,2,3.75101999972846,0,36984,0,0,4.456562322151216,True,True,680,6.334295683314172,0.16757395987603632,75.67487199599198,-2.1474277215192537,-97.217754011654,CORRIDOR
M1_CROSS_BASELINE,540,9.016666666666694,True,True,VIEWPOINT_SEQUENCE_COMPLETE,VIEWPOINT_SEQUENCE_COMPLETE,3,0.1,8.4,8.782361096415329,55.53109575861822,84.0,0.0,PRE_HOLD_LOCAL_MOTION,False,False,0.0,2.3381437871353086,6,True,True,False,4,2,3.7929138452936866,0,37476,0,0,4.441713307932635,True,True,680,6.27990129718973,0.16613495495210928,75.67487199599198,-2.1474277215192537,-97.217754011654,CORRIDOR
M1_CROSS_BASELINE,546,9.1166666666667,True,True,VIEWPOINT_SEQUENCE_COMPLETE,VIEWPOINT_SEQUENCE_COMPLETE,3,0.1,8.4,8.782361096415329,55.53109575861822,84.0,0.0,PRE_HOLD_LOCAL_MOTION,False,False,0.0,2.3222040511211377,6,True,True,False,4,2,3.8453153027754845,0,37968,0,0,4.411019059097202,True,True,680,6.234557992230986,0.16493539661986736,75.67487199599198,-2.1474277215192537,-97.217754011654,CORRIDOR
M1_CROSS_BASELINE,552,9.216666666666704,True,True,VIEWPOINT_SEQUENCE_COMPLETE,VIEWPOINT_SEQUENCE_COMPLETE,3,0.1,8.4,8.782361096415329,55.53109575861822,84.0,0.0,PRE_HOLD_LOCAL_MOTION,False,False,0.0,2.3054820862413132,6,True,True,False,4,2,3.8886114254801813,0,38460,0,0,4.468157132094743,True,True,680,6.198400247416965,0.16397884252425834,75.67487199599198,-2.1474277215192537,-97.217754011654,CORRIDOR
M1_CROSS_BASELINE,558,9.316666666666709,True,True,VIEWPOINT_SEQUENCE_COMPLETE,VIEWPOINT_SEQUENCE_COMPLETE,3,0.1,8.4,8.782361096415329,55.53109575861822,84.0,0.0,PRE_HOLD_LOCAL_MOTION,False,False,0.0,2.290450377670631,6,True,True,False,4,2,3.9168291066269827,0,38952,0,0,4.59365863691809,True,True,680,6.172229627799925,0.1632864980899451,75.67487199599198,-2.1474277215192537,-97.217754011654,CORRIDOR
M1_CROSS_BASELINE,564,9.416666666666714,True,True,VIEWPOINT_SEQUENCE_COMPLETE,VIEWPOINT_SEQUENCE_COMPLETE,3,0.1,8.4,8.782361096415329,55.53109575861822,84.0,0.0,PRE_HOLD_LOCAL_MOTION,False,False,0.0,2.2761253877716294,6,True,True,False,4,2,3.9450004930435223,0,39444,0,0,4.648339006423471,True,True,680,6.15599813461587,0.16285709350835637,75.67487199599198,-2.1474277215192537,-97.217754011654,CORRIDOR
M1_CROSS_BASELINE,570,9.516666666666719,True,True,VIEWPOINT_SEQUENCE_COMPLETE,VIEWPOINT_SEQUENCE_COMPLETE,3,0.1,8.4,8.782361096415329,55.53109575861822,84.0,0.0,PRE_HOLD_LOCAL_MOTION,False,False,0.0,2.261729329146777,6,True,True,False,4,2,3.9735701624863724,0,39936,0,0,4.532572235702749,True,True,680,6.149702878733815,0.16269055234745544,75.67487199599198,-2.1474277215192537,-97.217754011654,CORRIDOR
M1_CROSS_BASELINE,576,9.616666666666724,True,True,VIEWPOINT_SEQUENCE_COMPLETE,VIEWPOINT_SEQUENCE_COMPLETE,3,0.1,8.4,8.782361096415329,55.53109575861822,84.0,0.0,PRE_HOLD_LOCAL_MOTION,False,False,0.0,2.2477903776118984,6,True,True,False,4,2,4.002625636890237,0,40428,0,0,4.512951127002096,True,True,680,6.15350112179704,0.16279103496817568,75.67487199599198,-2.1474277215192537,-97.217754011654,CORRIDOR
M1_CROSS_BASELINE,582,9.716666666666729,True,True,VIEWPOINT_SEQUENCE_COMPLETE,VIEWPOINT_SEQUENCE_COMPLETE,3,0.1,8.4,8.782361096415329,55.53109575861822,84.0,0.0,PRE_HOLD_LOCAL_MOTION,False,False,0.0,2.2334750903549017,6,True,True,False,4,2,4.031879362088804,0,40920,0,0,4.621406547194946,True,True,680,6.143991870084047,0.16253946746254094,75.67487199599198,-2.1474277215192537,-97.217754011654,CORRIDOR
M1_CROSS_BASELINE,588,9.816666666666734,True,True,VIEWPOINT_SEQUENCE_COMPLETE,VIEWPOINT_SEQUENCE_COMPLETE,3,0.1,8.4,8.782361096415329,55.53109575861822,84.0,0.0,PRE_HOLD_LOCAL_MOTION,False,False,0.0,2.2196282594517998,6,True,True,False,4,2,4.061904770469027,0,41412,0,0,4.730624529502442,True,True,680,6.0775707971084065,0.16078229621979911,75.67487199599198,-2.1474277215192537,-97.217754011654,CORRIDOR
M1_CROSS_BASELINE,594,9.916666666666739,True,True,VIEWPOINT_SEQUENCE_COMPLETE,VIEWPOINT_SEQUENCE_COMPLETE,3,0.1,8.4,8.782361096415329,55.53109575861822,84.0,0.0,PRE_HOLD_LOCAL_MOTION,False,False,0.0,2.2056219040138387,6,True,True,False,4,2,4.092072670339668,0,41904,0,0,4.80603544935887,True,True,680,6.029034903152133,0.15949827786116755,75.67487199599198,-2.1474277215192537,-97.217754011654,CORRIDOR
