map_case,frame,timestamp,profile_junction_detected,junction_detection_latched,braking_active,leader_speed,stationary_dwell_steps,provisional_fixed_anchor,pointcloud_ready,pointcloud_called,pointcloud_opening_count,primary_pointcloud_call_count,pointcloud_called_before_ready_count,anchor_entry_time,anchor_x_eval_only,anchor_y_eval_only,anchor_heading_local_deg,detection_to_anchor_distance_eval_only,anchor_drift_eval_only,GT_phase_eval_only,nan_inf,outside
M1_CROSS_BASELINE,0,0.016666666666666666,False,False,False,1.799992790879454,0,False,False,False,0,0,0,nan,nan,nan,nan,0.0,0.0,CORRIDOR,0,0
M1_CROSS_BASELINE,6,0.11666666666666665,False,False,False,35.799365270424715,0,False,False,False,0,0,0,nan,nan,nan,nan,0.0,0.0,CORRIDOR,0,0
M1_CROSS_BASELINE,12,0.21666666666666665,False,False,False,74.70761113595074,0,False,False,False,0,0,0,nan,nan,nan,nan,0.0,0.0,CORRIDOR,0,0
M1_CROSS_BASELINE,18,0.31666666666666665,False,False,False,90.70103164960238,0,False,False,False,0,0,0,nan,nan,nan,nan,0.0,0.0,CORRIDOR,0,0
M1_CROSS_BASELINE,24,0.41666666666666663,False,False,False,91.83054442580814,0,False,False,False,0,0,0,nan,nan,nan,nan,0.0,0.0,CORRIDOR,0,0
M1_CROSS_BASELINE,30,0.5166666666666666,False,False,False,86.6023285696093,0,False,False,False,0,0,0,nan,nan,nan,nan,0.0,0.0,CORRIDOR,0,0
M1_CROSS_BASELINE,36,0.6166666666666669,True,True,False,85.79494863914204,0,False,False,False,0,0,0,nan,nan,nan,nan,0.0,0.0,CORRIDOR,0,0
M1_CROSS_BASELINE,42,0.7166666666666672,True,True,True,70.19072902978665,0,False,False,False,0,0,0,nan,nan,nan,nan,7.822373063063103,0.0,CORRIDOR,0,0
M1_CROSS_BASELINE,48,0.8166666666666675,True,True,True,46.63207801785093,0,False,False,False,0,0,0,nan,nan,nan,nan,13.463603872534256,0.0,CORRIDOR,0,0
M1_CROSS_BASELINE,54,0.9166666666666679,True,True,True,26.970377232074462,0,False,False,False,0,0,0,nan,nan,nan,nan,16.929615427782505,0.0,CORRIDOR,0,0
M1_CROSS_BASELINE,60,1.016666666666668,True,True,True,13.763640680474992,0,False,False,False,0,0,0,nan,nan,nan,nan,18.805280633420505,0.0,CORRIDOR,0,0
M1_CROSS_BASELINE,66,1.1166666666666676,True,True,True,6.059328408339286,0,False,False,False,0,0,0,nan,nan,nan,nan,19.69469533281165,0.0,CORRIDOR,0,0
M1_CROSS_BASELINE,72,1.2166666666666672,True,True,True,2.0929475948490355,0,False,False,False,0,0,0,nan,nan,nan,nan,20.045873830194857,0.0,CORRIDOR,0,0
M1_CROSS_BASELINE,78,1.3166666666666669,True,True,True,0.32612144251851904,4,False,False,False,0,0,0,nan,nan,nan,nan,20.139290664204314,0.0,CORRIDOR,0,0
M1_CROSS_BASELINE,84,1.4166666666666665,True,True,False,0.0,6,True,True,True,2,1,0,1.35,-1.7620542030564665,-152.74884977027222,90.0,20.142523653043746,0.0,CORRIDOR,0,0
M1_CROSS_BASELINE,90,1.5166666666666662,True,True,False,0.0,6,True,True,False,2,1,0,1.35,-1.7620542030564665,-152.74884977027222,90.0,20.142523653043746,0.0,CORRIDOR,0,0
M1_CROSS_BASELINE,96,1.6166666666666658,True,True,False,0.0,6,True,True,False,2,1,0,1.35,-1.7620542030564665,-152.74884977027222,90.0,20.142523653043746,0.0,CORRIDOR,0,0
M1_CROSS_BASELINE,102,1.7166666666666655,True,True,False,0.0,6,True,True,False,2,1,0,1.35,-1.7620542030564665,-152.74884977027222,90.0,20.142523653043746,0.0,CORRIDOR,0,0
M1_CROSS_BASELINE,108,1.816666666666665,True,True,False,0.0,6,True,True,False,2,1,0,1.35,-1.7620542030564665,-152.74884977027222,90.0,20.142523653043746,0.0,CORRIDOR,0,0
M1_CROSS_BASELINE,114,1.9166666666666647,True,True,False,0.0,6,True,True,False,2,1,0,1.35,-1.7620542030564665,-152.74884977027222,90.0,20.142523653043746,0.0,CORRIDOR,0,0
M1_CROSS_BASELINE,120,2.0166666666666644,True,True,False,0.0,6,True,True,False,2,1,0,1.35,-1.7620542030564665,-152.74884977027222,90.0,20.142523653043746,0.0,CORRIDOR,0,0
M1_CROSS_BASELINE,126,2.116666666666664,True,True,False,0.0,6,True,True,False,2,1,0,1.35,-1.7620542030564665,-152.74884977027222,90.0,20.142523653043746,0.0,CORRIDOR,0,0
M1_CROSS_BASELINE,132,2.2166666666666637,True,True,False,0.0,6,True,True,False,2,1,0,1.35,-1.7620542030564665,-152.74884977027222,90.0,20.142523653043746,0.0,CORRIDOR,0,0
M1_CROSS_BASELINE,138,2.3166666666666633,True,True,False,0.0,6,True,True,False,2,1,0,1.35,-1.7620542030564665,-152.74884977027222,90.0,20.142523653043746,0.0,CORRIDOR,0,0
M1_CROSS_BASELINE,144,2.416666666666663,True,True,False,0.0,6,True,True,False,2,1,0,1.35,-1.7620542030564665,-152.74884977027222,90.0,20.142523653043746,0.0,CORRIDOR,0,0
M1_CROSS_BASELINE,150,2.5166666666666626,True,True,False,0.0,6,True,True,False,2,1,0,1.35,-1.7620542030564665,-152.74884977027222,90.0,20.142523653043746,0.0,CORRIDOR,0,0
M1_CROSS_BASELINE,156,2.6166666666666623,True,True,False,0.0,6,True,True,False,2,1,0,1.35,-1.7620542030564665,-152.74884977027222,90.0,20.142523653043746,0.0,CORRIDOR,0,0
M1_CROSS_BASELINE,162,2.716666666666662,True,True,False,0.0,6,True,True,False,2,1,0,1.35,-1.7620542030564665,-152.74884977027222,90.0,20.142523653043746,0.0,CORRIDOR,0,0
M1_CROSS_BASELINE,168,2.8166666666666615,True,True,False,0.0,6,True,True,False,2,1,0,1.35,-1.7620542030564665,-152.74884977027222,90.0,20.142523653043746,0.0,CORRIDOR,0,0
M1_CROSS_BASELINE,174,2.916666666666661,True,True,False,0.0,6,True,True,False,2,1,0,1.35,-1.7620542030564665,-152.74884977027222,90.0,20.142523653043746,0.0,CORRIDOR,0,0
M1_CROSS_BASELINE,180,3.016666666666661,True,True,False,0.0,6,True,True,False,2,1,0,1.35,-1.7620542030564665,-152.74884977027222,90.0,20.142523653043746,0.0,CORRIDOR,0,0
M1_CROSS_BASELINE,186,3.1166666666666605,True,True,False,0.0,6,True,True,False,2,1,0,1.35,-1.7620542030564665,-152.74884977027222,90.0,20.142523653043746,0.0,CORRIDOR,0,0
M1_CROSS_BASELINE,192,3.21666666666666,True,True,False,0.0,6,True,True,False,2,1,0,1.35,-1.7620542030564665,-152.74884977027222,90.0,20.142523653043746,0.0,CORRIDOR,0,0
M1_CROSS_BASELINE,198,3.3166666666666598,True,True,False,0.0,6,True,True,False,2,1,0,1.35,-1.7620542030564665,-152.74884977027222,90.0,20.142523653043746,0.0,CORRIDOR,0,0
M1_CROSS_BASELINE,204,3.4166666666666594,True,True,False,0.0,6,True,True,False,2,1,0,1.35,-1.7620542030564665,-152.74884977027222,90.0,20.142523653043746,0.0,CORRIDOR,0,0
M1_CROSS_BASELINE,210,3.516666666666659,True,True,False,0.0,6,True,True,False,2,1,0,1.35,-1.7620542030564665,-152.74884977027222,90.0,20.142523653043746,0.0,CORRIDOR,0,0
M1_CROSS_BASELINE,216,3.6166666666666587,True,True,False,0.0,6,True,True,False,2,1,0,1.35,-1.7620542030564665,-152.74884977027222,90.0,20.142523653043746,0.0,CORRIDOR,0,0
M1_CROSS_BASELINE,222,3.7166666666666583,True,True,False,0.0,6,True,True,False,2,1,0,1.35,-1.7620542030564665,-152.74884977027222,90.0,20.142523653043746,0.0,CORRIDOR,0,0
M1_CROSS_BASELINE,228,3.816666666666658,True,True,False,0.0,6,True,True,False,2,1,0,1.35,-1.7620542030564665,-152.74884977027222,90.0,20.142523653043746,0.0,CORRIDOR,0,0
M1_CROSS_BASELINE,234,3.9166666666666576,True,True,False,0.0,6,True,True,False,2,1,0,1.35,-1.7620542030564665,-152.74884977027222,90.0,20.142523653043746,0.0,CORRIDOR,0,0
M1_CROSS_BASELINE,240,4.016666666666658,True,True,False,0.0,6,True,True,False,2,1,0,1.35,-1.7620542030564665,-152.74884977027222,90.0,20.142523653043746,0.0,CORRIDOR,0,0
M1_CROSS_BASELINE,246,4.116666666666657,True,True,False,0.0,6,True,True,False,2,1,0,1.35,-1.7620542030564665,-152.74884977027222,90.0,20.142523653043746,0.0,CORRIDOR,0,0
M1_CROSS_BASELINE,252,4.216666666666657,True,True,False,0.0,6,True,True,False,2,1,0,1.35,-1.7620542030564665,-152.74884977027222,90.0,20.142523653043746,0.0,CORRIDOR,0,0
M1_CROSS_BASELINE,258,4.316666666666657,True,True,False,0.0,6,True,True,False,2,1,0,1.35,-1.7620542030564665,-152.74884977027222,90.0,20.142523653043746,0.0,CORRIDOR,0,0
M1_CROSS_BASELINE,264,4.416666666666656,True,True,False,0.0,6,True,True,False,2,1,0,1.35,-1.7620542030564665,-152.74884977027222,90.0,20.142523653043746,0.0,CORRIDOR,0,0
M1_CROSS_BASELINE,270,4.516666666666656,True,True,False,0.0,6,True,True,False,2,1,0,1.35,-1.7620542030564665,-152.74884977027222,90.0,20.142523653043746,0.0,CORRIDOR,0,0
M1_CROSS_BASELINE,276,4.616666666666656,True,True,False,0.0,6,True,True,False,2,1,0,1.35,-1.7620542030564665,-152.74884977027222,90.0,20.142523653043746,0.0,CORRIDOR,0,0
M1_CROSS_BASELINE,282,4.716666666666655,True,True,False,0.0,6,True,True,False,2,1,0,1.35,-1.7620542030564665,-152.74884977027222,90.0,20.142523653043746,0.0,CORRIDOR,0,0
M1_CROSS_BASELINE,288,4.816666666666655,True,True,False,0.0,6,True,True,False,2,1,0,1.35,-1.7620542030564665,-152.74884977027222,90.0,20.142523653043746,0.0,CORRIDOR,0,0
M1_CROSS_BASELINE,294,4.9166666666666545,True,True,False,0.0,6,True,True,False,2,1,0,1.35,-1.7620542030564665,-152.74884977027222,90.0,20.142523653043746,0.0,CORRIDOR,0,0
M1_CROSS_BASELINE,300,5.016666666666654,True,True,False,0.0,6,True,True,False,2,1,0,1.35,-1.7620542030564665,-152.74884977027222,90.0,20.142523653043746,0.0,CORRIDOR,0,0
M1_CROSS_BASELINE,306,5.116666666666654,True,True,False,0.0,6,True,True,False,2,1,0,1.35,-1.7620542030564665,-152.74884977027222,90.0,20.142523653043746,0.0,CORRIDOR,0,0
M1_CROSS_BASELINE,312,5.2166666666666535,True,True,False,0.0,6,True,True,False,2,1,0,1.35,-1.7620542030564665,-152.74884977027222,90.0,20.142523653043746,0.0,CORRIDOR,0,0
M1_CROSS_BASELINE,318,5.316666666666653,True,True,False,0.0,6,True,True,False,2,1,0,1.35,-1.7620542030564665,-152.74884977027222,90.0,20.142523653043746,0.0,CORRIDOR,0,0
M1_CROSS_BASELINE,324,5.416666666666653,True,True,False,0.0,6,True,True,False,2,1,0,1.35,-1.7620542030564665,-152.74884977027222,90.0,20.142523653043746,0.0,CORRIDOR,0,0
M1_CROSS_BASELINE,330,5.516666666666652,True,True,False,0.0,6,True,True,False,2,1,0,1.35,-1.7620542030564665,-152.74884977027222,90.0,20.142523653043746,0.0,CORRIDOR,0,0
M1_CROSS_BASELINE,336,5.616666666666652,True,True,False,0.0,6,True,True,False,2,1,0,1.35,-1.7620542030564665,-152.74884977027222,90.0,20.142523653043746,0.0,CORRIDOR,0,0
M1_CROSS_BASELINE,342,5.716666666666652,True,True,False,0.0,6,True,True,False,2,1,0,1.35,-1.7620542030564665,-152.74884977027222,90.0,20.142523653043746,0.0,CORRIDOR,0,0
M1_CROSS_BASELINE,348,5.816666666666651,True,True,False,0.0,6,True,True,False,2,1,0,1.35,-1.7620542030564665,-152.74884977027222,90.0,20.142523653043746,0.0,CORRIDOR,0,0
M1_CROSS_BASELINE,354,5.916666666666651,True,True,False,0.0,6,True,True,False,2,1,0,1.35,-1.7620542030564665,-152.74884977027222,90.0,20.142523653043746,0.0,CORRIDOR,0,0
M1_CROSS_BASELINE,360,6.016666666666651,True,True,False,0.0,6,True,True,False,2,1,0,1.35,-1.7620542030564665,-152.74884977027222,90.0,20.142523653043746,0.0,CORRIDOR,0,0
M1_CROSS_BASELINE,366,6.11666666666665,True,True,False,0.0,6,True,True,False,2,1,0,1.35,-1.7620542030564665,-152.74884977027222,90.0,20.142523653043746,0.0,CORRIDOR,0,0
M1_CROSS_BASELINE,372,6.21666666666665,True,True,False,0.0,6,True,True,False,2,1,0,1.35,-1.7620542030564665,-152.74884977027222,90.0,20.142523653043746,0.0,CORRIDOR,0,0
M1_CROSS_BASELINE,378,6.3166666666666496,True,True,False,0.0,6,True,True,False,2,1,0,1.35,-1.7620542030564665,-152.74884977027222,90.0,20.142523653043746,0.0,CORRIDOR,0,0
M1_CROSS_BASELINE,384,6.416666666666649,True,True,False,0.0,6,True,True,False,2,1,0,1.35,-1.7620542030564665,-152.74884977027222,90.0,20.142523653043746,0.0,CORRIDOR,0,0
M1_CROSS_BASELINE,390,6.516666666666649,True,True,False,0.0,6,True,True,False,2,1,0,1.35,-1.7620542030564665,-152.74884977027222,90.0,20.142523653043746,0.0,CORRIDOR,0,0
M1_CROSS_BASELINE,396,6.6166666666666485,True,True,False,0.0,6,True,True,False,2,1,0,1.35,-1.7620542030564665,-152.74884977027222,90.0,20.142523653043746,0.0,CORRIDOR,0,0
M1_CROSS_BASELINE,402,6.716666666666648,True,True,False,0.0,6,True,True,False,2,1,0,1.35,-1.7620542030564665,-152.74884977027222,90.0,20.142523653043746,0.0,CORRIDOR,0,0
M1_CROSS_BASELINE,408,6.816666666666648,True,True,False,0.0,6,True,True,False,2,1,0,1.35,-1.7620542030564665,-152.74884977027222,90.0,20.142523653043746,0.0,CORRIDOR,0,0
M1_CROSS_BASELINE,414,6.916666666666647,True,True,False,0.0,6,True,True,False,2,1,0,1.35,-1.7620542030564665,-152.74884977027222,90.0,20.142523653043746,0.0,CORRIDOR,0,0
M1_CROSS_BASELINE,420,7.016666666666647,True,True,False,0.0,6,True,True,False,2,1,0,1.35,-1.7620542030564665,-152.74884977027222,90.0,20.142523653043746,0.0,CORRIDOR,0,0
M1_CROSS_BASELINE,426,7.116666666666647,True,True,False,0.0,6,True,True,False,2,1,0,1.35,-1.7620542030564665,-152.74884977027222,90.0,20.142523653043746,0.0,CORRIDOR,0,0
M1_CROSS_BASELINE,432,7.216666666666646,True,True,False,0.0,6,True,True,False,2,1,0,1.35,-1.7620542030564665,-152.74884977027222,90.0,20.142523653043746,0.0,CORRIDOR,0,0
M1_CROSS_BASELINE,438,7.316666666666646,True,True,False,0.0,6,True,True,False,2,1,0,1.35,-1.7620542030564665,-152.74884977027222,90.0,20.142523653043746,0.0,CORRIDOR,0,0
M1_CROSS_BASELINE,444,7.416666666666646,True,True,False,0.0,6,True,True,False,2,1,0,1.35,-1.7620542030564665,-152.74884977027222,90.0,20.142523653043746,0.0,CORRIDOR,0,0
M1_CROSS_BASELINE,450,7.516666666666645,True,True,False,0.0,6,True,True,False,2,1,0,1.35,-1.7620542030564665,-152.74884977027222,90.0,20.142523653043746,0.0,CORRIDOR,0,0
M1_CROSS_BASELINE,456,7.616666666666645,True,True,False,0.0,6,True,True,False,2,1,0,1.35,-1.7620542030564665,-152.74884977027222,90.0,20.142523653043746,0.0,CORRIDOR,0,0
M1_CROSS_BASELINE,462,7.716666666666645,True,True,False,0.0,6,True,True,False,2,1,0,1.35,-1.7620542030564665,-152.74884977027222,90.0,20.142523653043746,0.0,CORRIDOR,0,0
M1_CROSS_BASELINE,468,7.816666666666644,True,True,False,0.0,6,True,True,False,2,1,0,1.35,-1.7620542030564665,-152.74884977027222,90.0,20.142523653043746,0.0,CORRIDOR,0,0
M1_CROSS_BASELINE,474,7.916666666666644,True,True,False,0.0,6,True,True,False,2,1,0,1.35,-1.7620542030564665,-152.74884977027222,90.0,20.142523653043746,0.0,CORRIDOR,0,0
M1_CROSS_BASELINE,480,8.016666666666644,True,True,False,0.0,6,True,True,False,2,1,0,1.35,-1.7620542030564665,-152.74884977027222,90.0,20.142523653043746,0.0,CORRIDOR,0,0
M1_CROSS_BASELINE,486,8.11666666666665,True,True,False,0.0,6,True,True,False,2,1,0,1.35,-1.7620542030564665,-152.74884977027222,90.0,20.142523653043746,0.0,CORRIDOR,0,0
M1_CROSS_BASELINE,492,8.216666666666654,True,True,False,0.0,6,True,True,False,2,1,0,1.35,-1.7620542030564665,-152.74884977027222,90.0,20.142523653043746,0.0,CORRIDOR,0,0
M1_CROSS_BASELINE,498,8.31666666666666,True,True,False,0.0,6,True,True,False,2,1,0,1.35,-1.7620542030564665,-152.74884977027222,90.0,20.142523653043746,0.0,CORRIDOR,0,0
M1_CROSS_BASELINE,504,8.416666666666664,True,True,False,0.0,6,True,True,False,2,1,0,1.35,-1.7620542030564665,-152.74884977027222,90.0,20.142523653043746,0.0,CORRIDOR,0,0
M1_CROSS_BASELINE,510,8.51666666666667,True,True,False,0.0,6,True,True,False,2,1,0,1.35,-1.7620542030564665,-152.74884977027222,90.0,20.142523653043746,0.0,CORRIDOR,0,0
M1_CROSS_BASELINE,516,8.616666666666674,True,True,False,0.0,6,True,True,False,2,1,0,1.35,-1.7620542030564665,-152.74884977027222,90.0,20.142523653043746,0.0,CORRIDOR,0,0
M1_CROSS_BASELINE,522,8.71666666666668,True,True,False,0.0,6,True,True,False,2,1,0,1.35,-1.7620542030564665,-152.74884977027222,90.0,20.142523653043746,0.0,CORRIDOR,0,0
M1_CROSS_BASELINE,528,8.816666666666684,True,True,False,0.0,6,True,True,False,2,1,0,1.35,-1.7620542030564665,-152.74884977027222,90.0,20.142523653043746,0.0,CORRIDOR,0,0
M1_CROSS_BASELINE,534,8.91666666666669,True,True,False,0.0,6,True,True,False,2,1,0,1.35,-1.7620542030564665,-152.74884977027222,90.0,20.142523653043746,0.0,CORRIDOR,0,0
M1_CROSS_BASELINE,540,9.016666666666694,True,True,False,0.0,6,True,True,False,2,1,0,1.35,-1.7620542030564665,-152.74884977027222,90.0,20.142523653043746,0.0,CORRIDOR,0,0
M1_CROSS_BASELINE,546,9.1166666666667,True,True,False,0.0,6,True,True,False,2,1,0,1.35,-1.7620542030564665,-152.74884977027222,90.0,20.142523653043746,0.0,CORRIDOR,0,0
M1_CROSS_BASELINE,552,9.216666666666704,True,True,False,0.0,6,True,True,False,2,1,0,1.35,-1.7620542030564665,-152.74884977027222,90.0,20.142523653043746,0.0,CORRIDOR,0,0
M1_CROSS_BASELINE,558,9.316666666666709,True,True,False,0.0,6,True,True,False,2,1,0,1.35,-1.7620542030564665,-152.74884977027222,90.0,20.142523653043746,0.0,CORRIDOR,0,0
M1_CROSS_BASELINE,564,9.416666666666714,True,True,False,0.0,6,True,True,False,2,1,0,1.35,-1.7620542030564665,-152.74884977027222,90.0,20.142523653043746,0.0,CORRIDOR,0,0
M1_CROSS_BASELINE,570,9.516666666666719,True,True,False,0.0,6,True,True,False,2,1,0,1.35,-1.7620542030564665,-152.74884977027222,90.0,20.142523653043746,0.0,CORRIDOR,0,0
M1_CROSS_BASELINE,576,9.616666666666724,True,True,False,0.0,6,True,True,False,2,1,0,1.35,-1.7620542030564665,-152.74884977027222,90.0,20.142523653043746,0.0,CORRIDOR,0,0
M1_CROSS_BASELINE,582,9.716666666666729,True,True,False,0.0,6,True,True,False,2,1,0,1.35,-1.7620542030564665,-152.74884977027222,90.0,20.142523653043746,0.0,CORRIDOR,0,0
M1_CROSS_BASELINE,588,9.816666666666734,True,True,False,0.0,6,True,True,False,2,1,0,1.35,-1.7620542030564665,-152.74884977027222,90.0,20.142523653043746,0.0,CORRIDOR,0,0
M1_CROSS_BASELINE,594,9.916666666666739,True,True,False,0.0,6,True,True,False,2,1,0,1.35,-1.7620542030564665,-152.74884977027222,90.0,20.142523653043746,0.0,CORRIDOR,0,0
