map_case,frame,timestamp,old_profile_detected,new_55pct_detected,old_open_count,new_open_support_count,new_opening_count,comparison_only
M1_PRE_CORRIDOR_55PCT,0,0.016666666666666666,False,True,0,96,2,True
M1_PRE_CORRIDOR_55PCT,6,0.11666666666666665,False,True,0,96,2,True
M1_PRE_CORRIDOR_55PCT,12,0.21666666666666665,False,True,0,98,2,True
M1_PRE_CORRIDOR_55PCT,18,0.31666666666666665,False,True,0,98,2,True
M1_PRE_CORRIDOR_55PCT,24,0.41666666666666663,False,True,0,98,2,True
M1_PRE_CORRIDOR_55PCT,30,0.5166666666666666,False,True,0,98,2,True
M1_PRE_CORRIDOR_55PCT,36,0.6166666666666669,False,True,0,98,2,True
M1_PRE_CORRIDOR_55PCT,42,0.7166666666666672,False,True,0,98,2,True
M1_PRE_CORRIDOR_55PCT,48,0.8166666666666675,False,True,0,98,2,True
M1_PRE_CORRIDOR_55PCT,54,0.9166666666666679,False,True,0,98,2,True
M1_PRE_CORRIDOR_55PCT,60,1.016666666666668,False,True,0,98,2,True
M1_PRE_CORRIDOR_55PCT,66,1.1166666666666676,False,True,0,100,2,True
M1_PRE_CORRIDOR_55PCT,72,1.2166666666666672,False,True,0,102,2,True
M1_PRE_CORRIDOR_55PCT,78,1.3166666666666669,False,True,0,103,2,True
M1_PRE_CORRIDOR_55PCT,84,1.4166666666666665,False,True,0,106,2,True
M1_PRE_CORRIDOR_55PCT,90,1.5166666666666662,False,True,0,108,2,True
M1_PRE_CORRIDOR_55PCT,96,1.6166666666666658,False,True,0,112,2,True
M1_PRE_CORRIDOR_55PCT,102,1.7166666666666655,False,True,0,114,2,True
M1_PRE_CORRIDOR_55PCT,108,1.816666666666665,False,True,0,118,2,True
M1_PRE_CORRIDOR_55PCT,114,1.9166666666666647,False,True,0,119,2,True
M1_PRE_CORRIDOR_55PCT,120,2.0166666666666644,False,True,0,124,2,True
M1_PRE_CORRIDOR_55PCT,126,2.116666666666664,False,True,0,130,2,True
M1_PRE_CORRIDOR_55PCT,132,2.2166666666666637,False,True,0,136,2,True
M1_PRE_CORRIDOR_55PCT,138,2.3166666666666633,False,True,0,142,2,True
M1_PRE_CORRIDOR_55PCT,144,2.416666666666663,False,True,0,150,2,True
M1_PRE_CORRIDOR_55PCT,150,2.5166666666666626,False,True,0,157,2,True
M1_PRE_CORRIDOR_55PCT,156,2.6166666666666623,False,True,0,164,2,True
M1_PRE_CORRIDOR_55PCT,162,2.716666666666662,False,True,0,174,2,True
M1_PRE_CORRIDOR_55PCT,168,2.8166666666666615,False,True,0,183,2,True
M1_PRE_CORRIDOR_55PCT,174,2.916666666666661,False,True,0,193,2,True
M1_PRE_CORRIDOR_55PCT,180,3.016666666666661,False,True,0,198,3,True
M1_PRE_CORRIDOR_55PCT,186,3.1166666666666605,False,True,0,188,4,True
M1_PRE_CORRIDOR_55PCT,192,3.21666666666666,False,True,0,186,4,True
M1_PRE_CORRIDOR_55PCT,198,3.3166666666666598,False,True,0,184,4,True
M1_PRE_CORRIDOR_55PCT,204,3.4166666666666594,False,True,0,180,4,True
M1_PRE_CORRIDOR_55PCT,210,3.516666666666659,False,True,0,174,4,True
M1_PRE_CORRIDOR_55PCT,216,3.6166666666666587,False,True,0,172,4,True
M1_PRE_CORRIDOR_55PCT,222,3.7166666666666583,False,True,0,170,4,True
M1_PRE_CORRIDOR_55PCT,228,3.816666666666658,False,True,0,168,4,True
M1_PRE_CORRIDOR_55PCT,234,3.9166666666666576,False,True,0,172,4,True
M1_PRE_CORRIDOR_55PCT,240,4.016666666666658,False,True,0,172,4,True
M1_PRE_CORRIDOR_55PCT,246,4.116666666666657,False,True,0,172,4,True
M1_PRE_CORRIDOR_55PCT,252,4.216666666666657,False,True,0,172,4,True
M1_PRE_CORRIDOR_55PCT,258,4.316666666666657,False,True,0,170,4,True
M1_PRE_CORRIDOR_55PCT,264,4.416666666666656,False,True,0,170,4,True
M1_PRE_CORRIDOR_55PCT,270,4.516666666666656,False,True,0,170,4,True
M1_PRE_CORRIDOR_55PCT,276,4.616666666666656,False,True,0,172,4,True
M1_PRE_CORRIDOR_55PCT,282,4.716666666666655,False,True,0,172,4,True
M1_PRE_CORRIDOR_55PCT,288,4.816666666666655,False,True,0,170,4,True
M1_PRE_CORRIDOR_55PCT,294,4.9166666666666545,False,True,0,170,4,True
M1_PRE_CORRIDOR_55PCT,300,5.016666666666654,False,True,0,174,4,True
M1_PRE_CORRIDOR_55PCT,306,5.116666666666654,False,True,0,178,4,True
M1_PRE_CORRIDOR_55PCT,312,5.2166666666666535,False,True,0,184,4,True
M1_PRE_CORRIDOR_55PCT,318,5.316666666666653,False,True,0,186,4,True
M1_PRE_CORRIDOR_55PCT,324,5.416666666666653,False,True,0,186,4,True
M1_PRE_CORRIDOR_55PCT,330,5.516666666666652,False,True,0,191,4,True
M1_PRE_CORRIDOR_55PCT,336,5.616666666666652,False,True,0,194,4,True
M1_PRE_CORRIDOR_55PCT,342,5.716666666666652,False,True,0,195,2,True
M1_PRE_CORRIDOR_55PCT,348,5.816666666666651,False,True,0,187,2,True
M1_PRE_CORRIDOR_55PCT,354,5.916666666666651,False,True,0,179,2,True
M1_PRE_CORRIDOR_55PCT,360,6.016666666666651,False,True,0,172,2,True
M1_PRE_CORRIDOR_55PCT,366,6.11666666666665,False,True,0,164,2,True
M1_PRE_CORRIDOR_55PCT,372,6.21666666666665,False,True,0,158,2,True
M1_PRE_CORRIDOR_55PCT,378,6.3166666666666496,False,True,0,152,2,True
M1_PRE_CORRIDOR_55PCT,384,6.416666666666649,False,True,0,146,2,True
M1_PRE_CORRIDOR_55PCT,390,6.516666666666649,False,True,0,141,2,True
M1_PRE_CORRIDOR_55PCT,396,6.6166666666666485,False,True,0,136,2,True
M1_PRE_CORRIDOR_55PCT,402,6.716666666666648,False,True,0,113,3,True
M1_PRE_CORRIDOR_55PCT,408,6.816666666666648,False,True,0,90,3,True
M1_PRE_CORRIDOR_55PCT,414,6.916666666666647,False,True,0,75,1,True
M1_PRE_CORRIDOR_55PCT,420,7.016666666666647,False,True,0,71,1,True
M1_PRE_CORRIDOR_55PCT,426,7.116666666666647,False,True,0,70,1,True
M1_PRE_CORRIDOR_55PCT,432,7.216666666666646,False,True,0,67,1,True
