case,gap_id,feature,value,matched_branch_eval_only,is_false_gap_eval_only
M1_CROSS_BASELINE,0,gap_width_over_W_hat,1.0071104214339783,LEFT,False
M1_CROSS_BASELINE,0,free_continuation,47.42592435833069,LEFT,False
M1_CROSS_BASELINE,0,gap_tangent_deg_local,-0.2651175307504647,LEFT,False
M1_CROSS_BASELINE,0,opening_normal_deg_local,-90.26511753075047,LEFT,False
M1_CROSS_BASELINE,0,free_space_direction_deg_local,-27.05573197503098,LEFT,False
M1_CROSS_BASELINE,0,normal_free_alignment,0.45073132118486753,LEFT,False
M1_CROSS_BASELINE,0,relative_opening_angle_deg,-90.26511753075047,LEFT,False
M1_CROSS_BASELINE,0,endpoint_a_wall_tangent_deg,[0.0],LEFT,False
M1_CROSS_BASELINE,0,endpoint_b_wall_tangent_deg,"[-90.0, 1.6098648412202863]",LEFT,False
M1_CROSS_BASELINE,0,gap_boundary_wall_alignment_error_deg,0.26511753075045874,LEFT,False
M1_CROSS_BASELINE,0,endpoint_type_combination,WALL_TERMINATION+CORNER,LEFT,False
M1_CROSS_BASELINE,0,geometry_support,True,LEFT,False
M1_CROSS_BASELINE,1,gap_width_over_W_hat,1.431571994400041,NONE,True
M1_CROSS_BASELINE,1,free_continuation,63.937878014604664,NONE,True
M1_CROSS_BASELINE,1,gap_tangent_deg_local,45.29125017658904,NONE,True
M1_CROSS_BASELINE,1,opening_normal_deg_local,-44.70874982341097,NONE,True
M1_CROSS_BASELINE,1,free_space_direction_deg_local,-0.6831183721208562,NONE,True
M1_CROSS_BASELINE,1,normal_free_alignment,0.7190289707133201,NONE,True
M1_CROSS_BASELINE,1,relative_opening_angle_deg,-44.70874982341097,NONE,True
M1_CROSS_BASELINE,1,endpoint_a_wall_tangent_deg,[0.0],NONE,True
M1_CROSS_BASELINE,1,endpoint_b_wall_tangent_deg,[-90.0],NONE,True
M1_CROSS_BASELINE,1,gap_boundary_wall_alignment_error_deg,44.708749823410955,NONE,True
M1_CROSS_BASELINE,1,endpoint_type_combination,WALL_TERMINATION+WALL_TERMINATION,NONE,True
M1_CROSS_BASELINE,1,geometry_support,False,NONE,True
M1_CROSS_BASELINE,2,gap_width_over_W_hat,1.0000256786904078,NONE,True
M1_CROSS_BASELINE,2,free_continuation,106.50832774502717,NONE,True
M1_CROSS_BASELINE,2,gap_tangent_deg_local,90.41060044832088,NONE,True
M1_CROSS_BASELINE,2,opening_normal_deg_local,0.41060044832088,NONE,True
M1_CROSS_BASELINE,2,free_space_direction_deg_local,-2.315496872193562,NONE,True
M1_CROSS_BASELINE,2,normal_free_alignment,0.9988683151024036,NONE,True
M1_CROSS_BASELINE,2,relative_opening_angle_deg,0.41060044832088,NONE,True
M1_CROSS_BASELINE,2,endpoint_a_wall_tangent_deg,[0.0],NONE,True
M1_CROSS_BASELINE,2,endpoint_b_wall_tangent_deg,[0.0],NONE,True
M1_CROSS_BASELINE,2,gap_boundary_wall_alignment_error_deg,89.58939955167912,NONE,True
M1_CROSS_BASELINE,2,endpoint_type_combination,WALL_TERMINATION+WALL_TERMINATION,NONE,True
M1_CROSS_BASELINE,2,geometry_support,False,NONE,True
M1_CROSS_BASELINE,3,gap_width_over_W_hat,1.0220668908970787,FORWARD,False
M1_CROSS_BASELINE,3,free_continuation,21.639995032109226,FORWARD,False
M1_CROSS_BASELINE,3,gap_tangent_deg_local,89.99910862054486,FORWARD,False
M1_CROSS_BASELINE,3,opening_normal_deg_local,-0.0008913794551412161,FORWARD,False
M1_CROSS_BASELINE,3,free_space_direction_deg_local,-0.5453751058916984,FORWARD,False
M1_CROSS_BASELINE,3,normal_free_alignment,0.999954846514585,FORWARD,False
M1_CROSS_BASELINE,3,relative_opening_angle_deg,-0.0008913794551412161,FORWARD,False
M1_CROSS_BASELINE,3,endpoint_a_wall_tangent_deg,"[-90.0, 1.6098648412202863]",FORWARD,False
M1_CROSS_BASELINE,3,endpoint_b_wall_tangent_deg,[-90.0],FORWARD,False
M1_CROSS_BASELINE,3,gap_boundary_wall_alignment_error_deg,0.0008913794551403953,FORWARD,False
M1_CROSS_BASELINE,3,endpoint_type_combination,CORNER+WALL_TERMINATION,FORWARD,False
M1_CROSS_BASELINE,3,geometry_support,True,FORWARD,False
M1_CROSS_BASELINE,4,gap_width_over_W_hat,1.4276125311092527,NONE,True
M1_CROSS_BASELINE,4,free_continuation,64.22342021215897,NONE,True
M1_CROSS_BASELINE,4,gap_tangent_deg_local,135.27261079099193,NONE,True
M1_CROSS_BASELINE,4,opening_normal_deg_local,45.27261079099193,NONE,True
M1_CROSS_BASELINE,4,free_space_direction_deg_local,-1.3045654227220396,NONE,True
M1_CROSS_BASELINE,4,normal_free_alignment,0.6873768874611617,NONE,True
M1_CROSS_BASELINE,4,relative_opening_angle_deg,45.27261079099193,NONE,True
M1_CROSS_BASELINE,4,endpoint_a_wall_tangent_deg,"[-90.0, 1.6098648412202863]",NONE,True
M1_CROSS_BASELINE,4,endpoint_b_wall_tangent_deg,[0.0],NONE,True
M1_CROSS_BASELINE,4,gap_boundary_wall_alignment_error_deg,44.72738920900807,NONE,True
M1_CROSS_BASELINE,4,endpoint_type_combination,CORNER+WALL_TERMINATION,NONE,True
M1_CROSS_BASELINE,4,geometry_support,False,NONE,True
M1_CROSS_BASELINE,5,gap_width_over_W_hat,1.014431347863323,RIGHT,False
M1_CROSS_BASELINE,5,free_continuation,47.7668950953323,RIGHT,False
M1_CROSS_BASELINE,5,gap_tangent_deg_local,-179.01680189206945,RIGHT,False
M1_CROSS_BASELINE,5,opening_normal_deg_local,90.98319810793058,RIGHT,False
M1_CROSS_BASELINE,5,free_space_direction_deg_local,25.538573634884425,RIGHT,False
M1_CROSS_BASELINE,5,normal_free_alignment,0.4155725130030592,RIGHT,False
M1_CROSS_BASELINE,5,relative_opening_angle_deg,90.98319810793058,RIGHT,False
M1_CROSS_BASELINE,5,endpoint_a_wall_tangent_deg,[-90.0],RIGHT,False
M1_CROSS_BASELINE,5,endpoint_b_wall_tangent_deg,[0.0],RIGHT,False
M1_CROSS_BASELINE,5,gap_boundary_wall_alignment_error_deg,0.9831981079305478,RIGHT,False
M1_CROSS_BASELINE,5,endpoint_type_combination,WALL_TERMINATION+WALL_TERMINATION,RIGHT,False
M1_CROSS_BASELINE,5,geometry_support,True,RIGHT,False
EXP035_F+0.700_L+0.100,0,gap_width_over_W_hat,1.4448138102723587,FALSE,True
EXP035_F+0.700_L+0.100,0,free_continuation,56.392803850190035,FALSE,True
EXP035_F+0.700_L+0.100,0,gap_tangent_deg_local,45.16069261514448,FALSE,True
EXP035_F+0.700_L+0.100,0,opening_normal_deg_local,-44.83930738485552,FALSE,True
EXP035_F+0.700_L+0.100,0,free_space_direction_deg_local,-5.5991622548802695,FALSE,True
EXP035_F+0.700_L+0.100,0,normal_free_alignment,0.7745014578986154,FALSE,True
EXP035_F+0.700_L+0.100,0,relative_opening_angle_deg,-44.83930738485552,FALSE,True
EXP035_F+0.700_L+0.100,0,endpoint_a_wall_tangent_deg,[0.0],FALSE,True
EXP035_F+0.700_L+0.100,0,endpoint_b_wall_tangent_deg,[-89.99999999999999],FALSE,True
EXP035_F+0.700_L+0.100,0,gap_boundary_wall_alignment_error_deg,44.839307384855545,FALSE,True
EXP035_F+0.700_L+0.100,0,endpoint_type_combination,WALL_TERMINATION+WALL_TERMINATION,FALSE,True
EXP035_F+0.700_L+0.100,0,geometry_support,False,FALSE,True
EXP035_F+0.700_L+0.100,2,gap_width_over_W_hat,1.000023759870627,INCOMING,False
EXP035_F+0.700_L+0.100,2,free_continuation,98.32903054571688,INCOMING,False
EXP035_F+0.700_L+0.100,2,gap_tangent_deg_local,89.60503795163622,INCOMING,False
EXP035_F+0.700_L+0.100,2,opening_normal_deg_local,-0.39496204836379334,INCOMING,False
EXP035_F+0.700_L+0.100,2,free_space_direction_deg_local,-11.34221165477928,INCOMING,False
EXP035_F+0.700_L+0.100,2,normal_free_alignment,0.9818024391403716,INCOMING,False
EXP035_F+0.700_L+0.100,2,relative_opening_angle_deg,-0.39496204836379334,INCOMING,False
EXP035_F+0.700_L+0.100,2,endpoint_a_wall_tangent_deg,[0.0],INCOMING,False
EXP035_F+0.700_L+0.100,2,endpoint_b_wall_tangent_deg,[0.0],INCOMING,False
EXP035_F+0.700_L+0.100,2,gap_boundary_wall_alignment_error_deg,89.60503795163622,INCOMING,False
EXP035_F+0.700_L+0.100,2,endpoint_type_combination,WALL_TERMINATION+WALL_TERMINATION,INCOMING,False
EXP035_F+0.700_L+0.100,2,geometry_support,False,INCOMING,False
EXP035_F+0.700_L+0.100,4,gap_width_over_W_hat,1.0121713640147394,RIGHT,False
EXP035_F+0.700_L+0.100,4,free_continuation,44.720942080646466,RIGHT,False
EXP035_F+0.700_L+0.100,4,gap_tangent_deg_local,-178.6130590649435,RIGHT,False
EXP035_F+0.700_L+0.100,4,opening_normal_deg_local,91.3869409350565,RIGHT,False
EXP035_F+0.700_L+0.100,4,free_space_direction_deg_local,19.377044971856204,RIGHT,False
EXP035_F+0.700_L+0.100,4,normal_free_alignment,0.3088527260046389,RIGHT,False
EXP035_F+0.700_L+0.100,4,relative_opening_angle_deg,91.3869409350565,RIGHT,False
EXP035_F+0.700_L+0.100,4,endpoint_a_wall_tangent_deg,[-89.99999999999999],RIGHT,False
EXP035_F+0.700_L+0.100,4,endpoint_b_wall_tangent_deg,[0.0],RIGHT,False
EXP035_F+0.700_L+0.100,4,gap_boundary_wall_alignment_error_deg,1.3869409350564865,RIGHT,False
EXP035_F+0.700_L+0.100,4,endpoint_type_combination,WALL_TERMINATION+WALL_TERMINATION,RIGHT,False
EXP035_F+0.700_L+0.100,4,geometry_support,True,RIGHT,False
