timestamp,direction_available_count,direction_unavailable_count,forward_zero_neighbor_count,forward_zero_neighbor_fraction,forward_zero_neighbor_count_rate,forward_zero_neighbor_fraction_rate,surface_count_ma,surface_fraction_ma,surface_robot_id_retention_fraction,surface_robot_new_fraction,evaluation_only_sph_phase,evaluation_only_gt_distance_to_opening_boundary,evaluation_only_front_cohort_center_distance_to_opening_boundary,evaluation_only_observed_cohort_center_distance_to_opening_boundary,evaluation_only_frontmost_progress_distance_to_opening_boundary,lateral_variance,lateral_expansion_ratio,lateral_expansion_dwell,cheap_lidar_free_angular_fraction
0.11666666666666665,502,178,0,0.0,0.0,0.0,0.0,0.0,1.0,0.0,SPH_CORRIDOR,97.98000000000002,46.040033414858215,66.99843954653,34.510033986822066,501.75220172111653,1.0,0.0,0.7277777777777777
0.21666666666666665,511,169,0,0.0,0.0,0.0,0.0,0.0,1.0,0.0,SPH_CORRIDOR,97.98000000000002,45.92779799457867,66.89070743605288,35.72400308480201,483.249908647001,0.9631246399903205,0.0,0.7277777777777777
0.31666666666666665,510,170,0,0.0,0.0,0.0,0.0,0.0,1.0,0.0,SPH_CORRIDOR,97.98000000000002,46.72744814202423,66.68425617991801,37.48167884285232,450.99943194299584,0.9000105220059839,0.0,0.7277777777777777
0.41666666666666663,510,170,0,0.0,0.0,0.0,0.0,0.0,1.0,0.0,SPH_CORRIDOR,97.98000000000002,47.32399781288933,66.4625074192652,39.01385689615398,420.1696774968605,0.8414316345126897,0.0,0.7277777777777777
0.5166666666666666,510,170,0,0.0,0.0,0.0,0.0,0.0,1.0,0.0,SPH_CORRIDOR,97.98000000000002,47.43564484339453,66.10993593512768,39.82048599444619,390.9976439310964,0.7873816148655368,0.0,0.7305555555555555
0.6166666666666669,512,168,0,0.0,0.0,0.0,0.0,0.0,1.0,0.0,SPH_CORRIDOR,97.98000000000002,47.22672447164848,65.46944797957423,40.14785027573026,365.20376704142143,0.7409524322039106,0.0,0.7277777777777777
0.7166666666666672,512,168,0,0.0,0.0,0.0,0.0,0.0,1.0,0.0,SPH_CORRIDOR,97.98000000000002,46.5272565467252,64.70254750650929,39.69981586605729,350.6293001280437,0.7178915572020667,0.0,0.7277777777777777
0.8166666666666675,512,168,3,0.005859375,29.999999999999908,0.05859374999999982,1.0,0.001953125,1.0,1.0,SPH_CORRIDOR,97.98000000000002,45.1286881074779,63.78492093167682,37.49950745992021,348.7076752040017,0.7210769163946397,0.0,0.7277777777777777
0.9166666666666679,512,168,4,0.0078125,9.99999999999997,0.01953124999999994,2.3333333333333335,0.004557291666666667,1.0,0.25,SPH_CORRIDOR,97.98000000000002,41.77043111466611,61.80059080367704,32.66003622909676,358.02931011740753,0.7476515102012855,0.0,0.7277777777777777
1.016666666666668,512,168,7,0.013671875,29.999999999999975,0.05859374999999995,4.666666666666667,0.009114583333333334,1.0,0.42857142857142855,SPH_CORRIDOR,97.98000000000002,35.31710166057286,58.02310846767301,24.7430700284242,377.8202930485591,0.7960103741565956,0.0,0.7277777777777777
1.1166666666666676,512,168,5,0.009765625,-20.00000000000007,-0.03906250000000014,5.333333333333333,0.010416666666666666,0.42857142857142855,0.4,SPH_CORRIDOR,97.98000000000002,26.413202061971788,52.904083040751175,14.147205910303057,406.900560893812,0.8634427805274661,0.0,0.7277777777777777
1.2166666666666672,512,168,4,0.0078125,-10.000000000000036,-0.01953125000000007,5.333333333333333,0.010416666666666666,0.4,0.5,SPH_CORRIDOR,97.98000000000002,17.54534004965626,47.71311857401571,3.354806377241516,439.8210152734655,0.9377820998168748,0.0,0.7277777777777777
1.3166666666666669,512,168,2,0.00390625,-20.00000000000007,-0.03906250000000014,3.6666666666666665,0.007161458333333333,0.5,0.0,SPH_OPENING_APPROACH,97.98000000000002,10.602545776707586,43.601069556707614,5.419648416261623,471.9643153817189,1.0085138989197984,0.0,0.7277777777777777
1.4166666666666665,512,168,6,0.01171875,40.00000000000014,0.07812500000000028,4.0,0.0078125,1.0,0.6666666666666666,SPH_OPENING_APPROACH,97.98000000000002,6.204241409113763,41.016726639926674,13.109379322275913,500.6219821218461,1.0697508489944128,0.0,0.7277777777777777
1.5166666666666662,512,168,5,0.009765625,-10.000000000000036,-0.01953125000000007,4.333333333333333,0.008463541666666666,0.6666666666666666,0.2,SPH_OPENING_APPROACH,97.98000000000002,3.754373661528348,39.64378075768303,19.703104022657385,522.65682267628,1.1168358557107678,0.0,0.7277777777777777
1.6166666666666658,507,172,4,0.007889546351084813,-10.000000000000036,-0.018760786489151936,5.0,0.00979130711702827,0.8,0.0,SPH_OPENING_APPROACH,97.98000000000002,2.161050261846299,38.845276732761704,24.055557032910485,539.9238377579582,1.1537327653609095,0.0,0.7277777777777777
1.7166666666666655,510,169,4,0.00784313725490196,0.0,-0.00046409096182852504,4.333333333333333,0.008499436201995591,0.75,0.25,SPH_OPENING_APPROACH,97.98000000000002,0.6319935411283382,38.094659388391165,27.169424563151722,552.4224993302115,1.1804404496130918,0.0,0.7305555555555555
1.816666666666665,509,170,8,0.015717092337917484,40.00000000000014,0.07873955083015552,5.333333333333333,0.010483258647968086,1.0,0.5,SPH_OPENING_APPROACH,97.98000000000002,1.2222852800272221,37.164800159746164,30.652033824450484,563.2202626488678,1.203513580418127,0.0,0.7277777777777777
1.9166666666666647,511,168,6,0.011741682974559686,-20.00000000000007,-0.03975409363357812,6.0,0.011767304189126379,0.75,0.0,SPH_OPENING_APPROACH,97.98000000000002,3.2614767995546003,36.07809448882307,34.638262671302755,574.5600665106501,1.2277449670567169,0.0,0.7277777777777777
2.0166666666666644,511,168,6,0.011741682974559686,0.0,0.0,6.666666666666667,0.013066819429012286,0.8333333333333334,0.16666666666666666,SPH_OPENING_APPROACH,97.98000000000002,5.3059131482691555,34.9558583754108,38.49818582960245,587.0798389798381,1.2544977619926592,0.0,0.7277777777777777
2.116666666666664,511,168,5,0.009784735812133072,-10.000000000000036,-0.019569471624266213,5.666666666666667,0.011089367253750815,0.8333333333333334,0.0,SPH_OPENING_APPROACH,97.98000000000002,7.253769559528564,33.9042492678235,41.83422811164263,600.5102565411711,1.2831964630119217,0.09999999999999964,0.7277777777777777
2.2166666666666637,510,169,7,0.013725490196078431,20.00000000000007,0.03940754383945373,6.0,0.011750636327590396,1.0,0.2857142857142857,SPH_OPENING_APPROACH,97.98000000000002,9.051889456429478,32.77256880792021,44.625173051671936,612.6972809593204,1.309238227424212,0.1999999999999993,0.7277777777777777
2.3166666666666633,509,170,7,0.0137524557956778,0.0,0.0002696559959936884,6.333333333333333,0.012420893934629767,0.8571428571428571,0.14285714285714285,SPH_OPENING_APPROACH,97.98000000000002,10.687288731738477,31.739854284842522,47.01741149414676,626.2615189033213,1.3382228816638364,0.29999999999999893,0.7277777777777777
2.416666666666663,498,181,7,0.014056224899598393,0.0,0.003037691039205943,7.0,0.013844723630451541,1.0,0.0,SPH_OPENING_APPROACH,97.98000000000002,12.216182402164236,30.27747992427703,49.12382832219532,637.4327182447147,1.362093986822045,0.3999999999999986,0.7277777777777777
2.5166666666666626,483,196,8,0.016563146997929608,10.000000000000036,0.025069220983312237,7.333333333333333,0.0147906092310686,1.0,0.125,SPH_OPENING_APPROACH,97.98000000000002,13.685547870861853,28.624547957181505,51.05117598481718,651.743458775255,1.392673800292078,0.4999999999999982,0.7277777777777777
2.6166666666666623,501,178,7,0.013972055888223553,-10.000000000000036,-0.025910911097060646,7.333333333333333,0.014863809261917186,0.75,0.14285714285714285,SPH_OPENING_APPROACH,97.98000000000002,15.10646934434078,26.42167420394702,52.937450706584286,671.5862888512968,1.4350748235758122,0.5999999999999979,0.7305555555555555
2.716666666666662,492,187,7,0.014227642276422764,0.0,0.002555863881992119,7.333333333333333,0.014920948387525309,0.8571428571428571,0.14285714285714285,SPH_OPENING_APPROACH,97.98000000000002,16.499777514154346,24.16279467617545,54.86863574738459,693.8133060333823,1.4825704816777017,0.6999999999999975,0.7277777777777777
2.8166666666666615,476,203,5,0.01050420168067227,-20.00000000000007,-0.03723440595750507,6.333333333333333,0.012901299948439528,0.7142857142857143,0.0,SPH_OPENING_APPROACH,97.98000000000002,17.83318179079845,21.64254412269827,56.83079386701144,716.3699991131706,1.53077060559223,0.7999999999999972,0.7277777777777777
2.916666666666661,476,203,8,0.01680672268907563,30.000000000000107,0.06302521008403382,6.666666666666667,0.013846188882056886,1.0,0.375,SPH_OPENING_APPROACH,97.98000000000002,19.105018473946018,19.527046138675928,58.83360667157922,741.3038661484653,1.5840503783194861,0.8999999999999968,0.7277777777777777
3.016666666666661,473,206,10,0.021141649048625793,20.00000000000007,0.043349263595501786,7.666666666666667,0.016150857806124564,0.875,0.3,SPH_OPENING_APPROACH,97.98000000000002,20.27814336967714,17.285749123027756,60.87563257284279,765.1275589358802,1.6349578823757427,0.9999999999999964,0.7277777777777777
3.1166666666666605,471,208,9,0.01910828025477707,-10.000000000000036,-0.02033368793848731,9.0,0.019018883997492828,0.7,0.2222222222222222,SPH_OPENING_APPROACH,97.98000000000002,21.466173065499163,14.975859724280781,62.71775803744754,794.0864086357083,1.696838413312462,1.099999999999996,0.7277777777777777
3.21666666666666,471,208,6,0.012738853503184714,-30.000000000000107,-0.06369426751592377,8.333333333333334,0.017662927602195858,0.6666666666666666,0.0,SPH_OPENING_APPROACH,97.98000000000002,22.599346833304253,12.922849884213349,64.54457697761728,819.6897185094617,1.751548680645167,1.1999999999999957,0.7277777777777777
3.3166666666666598,463,216,7,0.01511879049676026,10.000000000000036,0.02379936993575554,7.333333333333333,0.015655308084907348,0.8333333333333334,0.2857142857142857,SPH_OPENING_APPROACH,97.98000000000002,23.695467221888407,10.40616608560623,66.42818234383964,852.8156383672693,1.8223335885339815,1.2999999999999954,0.7277777777777777
3.4166666666666594,464,215,9,0.01939655172413793,20.00000000000007,0.04277761227377687,7.333333333333333,0.015751398574694302,1.0,0.2222222222222222,SPH_OPENING_APPROACH,97.98000000000002,24.76352812967997,8.854929706568043,68.29079961920104,879.0260693226272,1.8783411786285356,1.399999999999995,0.7277777777777777
3.516666666666659,458,221,10,0.021834061135371178,10.000000000000036,0.02437509411233255,8.666666666666666,0.01878313445208979,1.0,0.1,SPH_OPENING_APPROACH,97.98000000000002,25.74611591649699,7.002902097436902,70.00584540330158,911.8990072298346,1.9485855036702129,1.4999999999999947,0.7277777777777777
3.6166666666666587,463,216,8,0.017278617710583154,-20.00000000000007,-0.045554434247880395,9.0,0.01950307685669742,0.8,0.0,SPH_OPENING_APPROACH,97.98000000000002,26.735684057625974,4.9691257406809655,71.5314183718184,948.5322698577912,2.026865054303596,1.5999999999999943,0.7305555555555555
3.7166666666666583,468,211,8,0.017094017094017096,0.0,-0.0018460061656605932,8.666666666666666,0.01873556531332381,1.0,0.0,SPH_OPENING_APPROACH,97.98000000000002,27.680491826216382,3.8601176474247154,72.95205526508221,977.4928071257183,2.088749191309308,1.699999999999994,0.7305555555555555
3.816666666666658,473,206,8,0.016913319238900635,0.0,-0.0018069785511646143,8.0,0.01709531801450029,0.875,0.125,SPH_OPENING_APPROACH,97.98000000000002,28.563026657495186,2.289931021651171,74.38324478387966,1014.5641160250283,2.1679647782883054,1.7999999999999936,0.7277777777777777
3.9166666666666576,472,207,10,0.0211864406779661,20.00000000000007,0.04273121439065481,8.666666666666666,0.01839792567029461,1.0,0.2,SPH_OPENING_APPROACH,97.98000000000002,29.439236671995218,1.1765471347940775,75.92063495179775,1048.9580122797388,2.2414591533510193,1.8999999999999932,0.7277777777777777
4.016666666666658,481,198,8,0.016632016632016633,-19.999999999999982,-0.045544240459494637,8.666666666666666,0.018243925516294456,0.8,0.0,SPH_OPENING_APPROACH,97.98000000000002,30.55701281783621,0.6018213782267594,77.86988996512059,1082.5127701489741,2.3131604209747008,1.9999999999999933,0.7305555555555555
4.116666666666657,492,187,7,0.014227642276422764,-10.000000000000036,-0.02404374355593878,8.333333333333334,0.017348699862135167,0.875,0.0,SPH_BOUNDARY_CROSSING,97.98000000000002,31.930292141182406,0.09380917113605847,80.18553819332453,1124.839509237468,2.403606040008787,2.099999999999993,0.7277777777777777
4.216666666666657,494,185,5,0.010121457489878543,-20.00000000000007,-0.041061847865442355,6.666666666666667,0.013660372132772646,0.7142857142857143,0.0,SPH_JUNCTION_REGION,97.98000000000002,33.44427606007923,0.8520013014906453,82.67627884085744,1174.3241613806383,2.5093469993210076,2.1999999999999926,0.7277777777777777
4.316666666666657,493,186,5,0.010141987829614604,0.0,0.0002053033973606178,5.666666666666667,0.011497029198638637,1.0,0.0,SPH_JUNCTION_REGION,97.98000000000002,34.98747344647745,1.6130411858731009,85.22604255968128,1228.0105128948571,2.6240663327956013,2.2999999999999923,0.7277777777777777
4.416666666666656,491,188,8,0.016293279022403257,30.000000000000107,0.06151291192788674,6.0,0.012185574780632133,1.0,0.375,SPH_JUNCTION_REGION,97.98000000000002,36.49071490496425,2.6256445007495586,87.72677742803768,1282.2909980568056,2.740055236917854,2.399999999999992,0.7277777777777777
4.516666666666656,491,188,6,0.012219959266802444,-20.00000000000007,-0.04073319755600828,6.333333333333333,0.0128850753729401,0.75,0.0,SPH_JUNCTION_REGION,97.98000000000002,37.92096602878746,3.7750207295135283,90.0766279307619,1341.8801315706235,2.8673878919823954,2.4999999999999916,0.7305555555555555
4.616666666666656,491,188,6,0.012219959266802444,0.0,0.0,6.666666666666667,0.01357773251866938,1.0,0.0,SPH_JUNCTION_REGION,97.98000000000002,39.27689093044154,4.895484861492662,92.2167573986361,1402.8327166747422,2.9976340297711777,2.599999999999991,0.7277777777777777
4.716666666666655,495,184,5,0.010101010101010102,-10.000000000000036,-0.021189491657923495,5.666666666666667,0.011513642878204998,0.8333333333333334,0.0,SPH_JUNCTION_REGION,97.98000000000002,40.55406016209946,5.787191014705513,94.13115829549974,1452.6316933082337,3.104046651340329,2.699999999999991,0.7277777777777777
4.816666666666655,491,188,5,0.010183299389002037,0.0,0.0008228928799193543,5.333333333333333,0.01083475625227153,1.0,0.0,SPH_JUNCTION_REGION,97.98000000000002,41.75451450487691,6.808644300781793,95.8421763325145,1504.2093820644,3.2142601024201687,2.7999999999999905,0.7277777777777777
4.9166666666666545,496,183,5,0.010080645161290322,0.0,-0.0010265422771171507,5.0,0.010121651550434154,0.8,0.2,SPH_JUNCTION_REGION,97.98000000000002,42.86555217521595,7.965405863500337,97.37294029349181,1558.5066382747113,3.3302848436487924,2.89999999999999,0.7277777777777777
5.016666666666654,491,188,3,0.006109979633401222,-20.00000000000007,-0.03970665527889115,4.333333333333333,0.008791308061231193,0.6,0.0,SPH_JUNCTION_REGION,97.98000000000002,43.8813045569774,8.910532499115504,98.7572304096895,1586.355021531681,3.3897924815395593,2.99999999999999,0.7277777777777777
5.116666666666654,490,189,3,0.006122448979591836,0.0,0.00012469346190614608,3.6666666666666665,0.00743769125809446,1.0,0.0,SPH_JUNCTION_REGION,97.98000000000002,44.848681399482075,9.847122060211802,100.03814007689732,1611.5626369124698,3.443657211650752,3.0999999999999894,0.7277777777777777
5.2166666666666535,490,189,1,0.0020408163265306124,-20.00000000000007,-0.04081632653061239,2.3333333333333335,0.0047577483131745575,0.3333333333333333,0.0,SPH_JUNCTION_REGION,97.98000000000002,45.74298815773574,10.762244792228955,101.20341671275054,1634.5328902644,3.4927410491616335,3.199999999999989,0.7277777777777777
5.316666666666653,488,191,1,0.0020491803278688526,0.0,8.364001338240166e-05,1.6666666666666667,0.0034041485446637677,1.0,0.0,SPH_JUNCTION_REGION,97.98000000000002,46.582938687400144,11.500558106467167,102.23031190689426,1672.5176005218018,3.5739084319330363,3.2999999999999887,0.7277777777777777
5.416666666666653,487,192,3,0.006160164271047228,20.00000000000007,0.04110983943178391,1.6666666666666667,0.003416720308482231,1.0,0.6666666666666666,SPH_JUNCTION_REGION,97.98000000000002,47.351830584661286,12.225901841870154,103.11041317216973,1710.6147015654,3.6553159762299945,3.3999999999999884,0.7305555555555555
5.516666666666652,482,197,3,0.006224066390041493,0.0,0.0006390211899426542,2.3333333333333335,0.004811136996319191,1.0,0.0,SPH_JUNCTION_REGION,97.98000000000002,48.06959995109162,13.262106605535052,103.85303647175232,1727.8890411923467,3.692228537287384,3.499999999999988,0.7277777777777777
5.616666666666652,482,197,3,0.006224066390041493,0.0,0.0,3.0,0.006202765683710071,1.0,0.0,SPH_JUNCTION_REGION,97.98000000000002,48.72993443715143,14.099017106987048,104.47608271447592,1756.5362794473099,3.7534432033208334,3.5999999999999877,0.7277777777777777
5.716666666666652,476,203,3,0.0063025210084033615,0.0,0.0007845461836186844,3.0,0.006250217929495449,1.0,0.0,SPH_JUNCTION_REGION,97.98000000000002,49.34574576986381,14.798343785908173,105.00493420404257,1786.9963550553991,3.8185316191432466,3.6999999999999873,0.7277777777777777
5.816666666666651,473,206,0,0.0,-30.000000000000107,-0.06302521008403383,2.0,0.004175529132814952,0.0,0.0,SPH_JUNCTION_REGION,97.98000000000002,49.92302954371468,15.323762957550798,105.46207936019135,1811.147955539018,3.8701398106421907,3.799999999999987,0.7277777777777777
5.916666666666651,451,228,0,0.0,0.0,0.0,1.0,0.0021008403361344537,1.0,0.0,SPH_JUNCTION_REGION,97.98000000000002,50.46606474039709,16.172374192804227,105.84962453362328,1838.1520882545035,3.9278434172163768,3.8999999999999866,0.7277777777777777
6.016666666666651,439,240,0,0.0,0.0,0.0,0.0,0.0,1.0,0.0,SPH_JUNCTION_REGION,97.98000000000002,50.97542327024462,16.521355322167324,106.1639232300293,1854.7565032124337,3.9633244540718024,3.9999999999999862,0.7277777777777777
6.11666666666665,429,250,0,0.0,0.0,0.0,0.0,0.0,1.0,0.0,SPH_JUNCTION_REGION,97.98000000000002,51.451510327101346,16.862724419691517,106.40554175686941,1869.4039152460664,3.994623681868667,4.099999999999985,0.7277777777777777
6.21666666666665,411,268,0,0.0,0.0,0.0,0.0,0.0,1.0,0.0,SPH_JUNCTION_REGION,97.98000000000002,51.90116923678863,17.197224047374732,106.58316906491274,1882.3299809191544,4.022244661813128,4.199999999999985,0.7277777777777777
6.3166666666666496,401,278,0,0.0,0.0,0.0,0.0,0.0,1.0,0.0,SPH_JUNCTION_REGION,97.98000000000002,52.32993970218689,18.195318166509196,106.74558206522102,1907.0221339543693,4.075007929540536,4.299999999999985,0.7277777777777777
6.416666666666649,395,284,0,0.0,0.0,0.0,0.0,0.0,1.0,0.0,SPH_JUNCTION_REGION,97.98000000000002,52.73976905373985,18.678790284702018,106.91126509634773,1918.5322865678536,4.099603324808923,4.399999999999984,0.7305555555555555
6.516666666666649,393,286,0,0.0,0.0,0.0,0.0,0.0,1.0,0.0,SPH_JUNCTION_REGION,97.98000000000002,53.13410373878463,19.157791553725417,107.06492467820817,1928.9386269777656,4.121840046099597,4.499999999999984,0.7277777777777777
6.6166666666666485,392,287,0,0.0,0.0,0.0,0.0,0.0,1.0,0.0,SPH_JUNCTION_REGION,97.98000000000002,53.50797332685357,19.45513884282815,107.22978128837707,1914.9364903131288,4.091919670807156,4.599999999999984,0.7277777777777777
6.716666666666648,398,281,0,0.0,0.0,0.0,0.0,0.0,1.0,0.0,SPH_JUNCTION_REGION,97.98000000000002,53.86842735721069,20.273620045801692,107.5084284969625,1932.620131548644,4.129706845363149,4.699999999999983,0.7305555555555555
6.816666666666648,401,278,0,0.0,0.0,0.0,0.0,0.0,1.0,0.0,SPH_JUNCTION_REGION,97.98000000000002,54.220171503185725,20.756532893757026,107.82468008941765,1944.1740212715706,4.15439569999135,4.799999999999983,0.7305555555555555
6.916666666666647,405,274,0,0.0,0.0,0.0,0.0,0.0,1.0,0.0,SPH_JUNCTION_REGION,97.98000000000002,54.57023574638424,21.063347837261574,108.13242558239841,1951.6673095019023,4.170407684547406,4.899999999999983,0.7305555555555555
7.016666666666647,407,272,1,0.002457002457002457,10.000000000000036,0.024570024570024655,0.3333333333333333,0.0008190008190008189,1.0,1.0,SPH_JUNCTION_REGION,97.98000000000002,54.91353635910872,21.37027185847319,108.45714495919214,1959.1212742181206,4.186335640906319,4.999999999999982,0.7277777777777777
7.116666666666647,421,258,0,0.0,-10.000000000000036,-0.024570024570024655,0.3333333333333333,0.0008190008190008189,0.0,0.0,SPH_JUNCTION_REGION,97.98000000000002,55.259060500065175,21.850730852488596,108.79059857700241,1970.368917159125,4.210370094076609,5.099999999999982,0.7277777777777777
7.216666666666646,421,258,0,0.0,0.0,0.0,0.3333333333333333,0.0008190008190008189,1.0,0.0,SPH_JUNCTION_REGION,97.98000000000002,55.60193397039728,22.318111765347453,109.11771055645426,1978.4675402016262,4.22767558441621,5.1999999999999815,0.7277777777777777
7.316666666666646,428,251,0,0.0,0.0,0.0,0.0,0.0,1.0,0.0,SPH_JUNCTION_REGION,97.98000000000002,55.93872372424579,22.622435409096227,109.44696424554024,1985.9934502076314,4.243757276602911,5.299999999999981,0.7277777777777777
7.416666666666646,424,255,0,0.0,0.0,0.0,0.0,0.0,1.0,0.0,SPH_JUNCTION_REGION,97.98000000000002,56.270416733932734,22.92342803601116,109.79221360013679,1993.4613466561245,4.25971500289395,5.399999999999981,0.7277777777777777
7.516666666666645,428,251,0,0.0,0.0,0.0,0.0,0.0,1.0,0.0,SPH_JUNCTION_REGION,97.98000000000002,56.60501256907418,23.38147608724813,110.1532478482344,2001.4569008240223,4.276800251174573,5.4999999999999805,0.7277777777777777
7.616666666666645,425,254,0,0.0,0.0,0.0,0.0,0.0,1.0,0.0,SPH_JUNCTION_REGION,97.98000000000002,56.92964524923525,23.687106606588202,110.52383444523758,2011.4193812210149,4.298088513063519,5.59999999999998,0.7277777777777777
7.716666666666645,423,256,0,0.0,0.0,0.0,0.0,0.0,1.0,0.0,SPH_JUNCTION_REGION,97.98000000000002,57.25383133889022,24.308307716724187,110.90125046569898,2001.562411693652,4.27702571139485,5.69999999999998,0.7277777777777777
7.816666666666644,427,252,0,0.0,0.0,0.0,0.0,0.0,1.0,0.0,SPH_JUNCTION_REGION,97.98000000000002,57.57675026133114,24.613040581863174,111.28222119513168,2031.1500387527,4.3402498411703645,5.799999999999979,0.7277777777777777
7.916666666666644,431,248,0,0.0,0.0,0.0,0.0,0.0,1.0,0.0,SPH_JUNCTION_REGION,97.98000000000002,57.89802127505561,24.902303764823444,111.66527166663826,2038.3741886770672,4.355686719275676,5.899999999999979,0.7305555555555555
8.016666666666644,427,252,0,0.0,0.0,0.0,0.0,0.0,1.0,0.0,SPH_JUNCTION_REGION,97.98000000000002,58.21739807221934,25.189108346279113,112.04899167497797,2045.5957184883578,4.371117998609284,5.99999999999998,0.7277777777777777
8.11666666666665,429,250,0,0.0,0.0,0.0,0.0,0.0,1.0,0.0,SPH_JUNCTION_REGION,97.98000000000002,58.53378036964426,25.4730390403505,112.42862818845401,2052.7453520471972,4.386395646900217,6.0999999999999845,0.7277777777777777
8.216666666666654,430,249,0,0.0,0.0,0.0,0.0,0.0,1.0,0.0,SPH_JUNCTION_REGION,97.98000000000002,58.84771177279555,25.74361271869452,112.79929050992445,2037.391385241696,4.353586622102702,6.1999999999999895,0.7277777777777777
8.31666666666666,433,246,0,0.0,0.0,0.0,0.0,0.0,1.0,0.0,SPH_JUNCTION_REGION,97.98000000000002,59.15736365741765,26.02275649468004,113.15917901593912,2044.2340084800044,4.368208237373179,6.2999999999999945,0.7277777777777777
8.416666666666664,429,250,0,0.0,0.0,0.0,0.0,0.0,1.0,0.0,SPH_JUNCTION_REGION,97.98000000000002,59.46680816557074,26.6683276858235,113.50999452742286,2081.9787756667597,4.448862899343856,6.3999999999999995,0.7277777777777777
8.51666666666667,426,253,0,0.0,0.0,0.0,0.0,0.0,1.0,0.0,SPH_JUNCTION_REGION,97.98000000000002,59.77079486754809,26.946278112920083,113.85422100501904,2088.490419736201,4.462777263915124,6.500000000000004,0.7305555555555555
8.616666666666674,429,250,0,0.0,0.0,0.0,0.0,0.0,1.0,0.0,SPH_JUNCTION_REGION,97.98000000000002,60.071633326783,27.224438411311496,114.19344176223007,2094.974272993777,4.476632243869558,6.600000000000009,0.7277777777777777
8.71666666666668,430,249,0,0.0,0.0,0.0,0.0,0.0,1.0,0.0,SPH_JUNCTION_REGION,97.98000000000002,60.37001419406323,27.49456348566997,114.52868504898873,2078.7095463209594,4.441877067732139,6.700000000000014,0.7277777777777777
8.816666666666684,425,254,0,0.0,0.0,0.0,0.0,0.0,1.0,0.0,SPH_JUNCTION_REGION,97.98000000000002,60.66323111699455,27.95251589866257,114.86300300258404,2089.443774704091,4.4648144343205685,6.800000000000019,0.7277777777777777
8.91666666666669,426,253,0,0.0,0.0,0.0,0.0,0.0,1.0,0.0,SPH_JUNCTION_REGION,97.98000000000002,60.95218744633121,28.575272783372043,115.20013515534015,2100.8753040921306,4.489241824057489,6.900000000000024,0.7277777777777777
9.016666666666694,427,252,0,0.0,0.0,0.0,0.0,0.0,1.0,0.0,SPH_JUNCTION_REGION,97.98000000000002,61.237148516738955,29.02805008512604,115.53870525504794,2110.3419629208156,4.509470592830693,7.000000000000029,0.7277777777777777
9.1166666666667,424,255,1,0.0023584905660377358,9.999999999999503,0.023584905660376184,0.3333333333333333,0.0007861635220125786,1.0,1.0,SPH_JUNCTION_REGION,97.98000000000002,61.519231867766905,29.301696612411092,115.87565321640596,2116.2067887660596,4.5220028080573655,7.100000000000034,0.7277777777777777
9.216666666666704,422,257,1,0.002369668246445498,0.0,0.00011177680407761497,0.6666666666666666,0.001576052937494411,1.0,0.0,SPH_JUNCTION_REGION,97.98000000000002,61.79581871286649,29.573093429831033,116.20735030723858,2121.926693611558,4.534225349781772,7.200000000000039,0.7277777777777777
9.316666666666709,416,263,1,0.002403846153846154,0.0,0.00034177907400654466,1.0,0.0023773349887764622,1.0,0.0,SPH_JUNCTION_REGION,97.98000000000002,62.07249092333137,29.841810887431222,116.53409601160195,2127.5244567572313,4.546186893803816,7.300000000000044,0.7277777777777777
9.416666666666714,419,260,1,0.002386634844868735,0.0,-0.0001721130897741793,1.0,0.002386716415053462,1.0,0.0,SPH_JUNCTION_REGION,97.98000000000002,62.328211715152804,30.16952559629607,116.85906903922586,2094.17827238476,4.474931315109525,7.400000000000049,0.7305555555555555
9.516666666666719,417,262,2,0.004796163069544364,9.999999999999503,0.02409528224675509,1.3333333333333333,0.003195548022753085,1.0,0.5,SPH_JUNCTION_REGION,97.98000000000002,62.613240365389686,30.43424388194302,117.18041575329624,2099.4615233377926,4.48622079578415,7.500000000000054,0.7277777777777777
9.616666666666724,414,265,2,0.004830917874396135,0.0,0.00034754804851769126,1.6666666666666667,0.004004571929603078,1.0,0.0,SPH_JUNCTION_REGION,97.98000000000002,62.86538545762431,30.697760760310018,117.49891115651184,2104.6222893986055,4.497248545407961,7.600000000000059,0.7305555555555555
9.716666666666729,413,266,3,0.007263922518159807,9.999999999999503,0.024330046437635505,2.3333333333333335,0.005630334487366768,1.0,0.3333333333333333,SPH_JUNCTION_REGION,97.98000000000002,63.14239447403867,30.96124853669511,117.83872982539157,2109.7490485507465,4.508203627588627,7.700000000000064,0.7305555555555555
9.816666666666734,406,273,2,0.0049261083743842365,-9.999999999999503,-0.02337814143775454,2.3333333333333335,0.005673649588980059,0.6666666666666666,0.0,SPH_JUNCTION_REGION,97.98000000000002,63.412411701680526,31.225369043603905,118.22317968995856,2114.814167816588,4.519026994976385,7.800000000000069,0.7305555555555555
9.916666666666739,395,284,2,0.005063291139240506,0.0,0.0013718276485626308,2.3333333333333335,0.005751107343928183,1.0,0.0,SPH_JUNCTION_REGION,97.98000000000002,63.681395031846364,31.490347020779552,118.62366864548858,2119.7587032429255,4.5295926935655455,7.900000000000074,0.7277777777777777
