case_id,frame,time,side_walls_valid,parallel_error_deg,current_width,current_offset,current_orientation,stable_width,stable_offset,stable_orientation,stable_update_count,current_model_valid,stable_model_initialized,width_change_from_previous_valid,orientation_change_from_previous_valid,offset_change_from_previous_valid,consecutive_valid_count,valid_ratio_existing_init_window,expected_profile_source,readiness_state,readiness_reason,corridor_model_ready,semantic_detector_state,open_candidate_count,opening_group_count,junction_detected_raw,junction_detected_gated_eval,readiness_rising,false_readiness_eval_only,opening_visible_eval_only
BASELINE_M1,0,0.016666666666666666,False,50.767001848820314,nan,nan,0.8083824286576942,nan,nan,nan,0,False,False,nan,nan,nan,0,0.0,MAX_RANGE_FALLBACK,MODEL_UNINITIALIZED,NO_VALID_CURRENT_OR_STABLE_MODEL,False,MODEL_UNINITIALIZED,0,0,False,False,False,False,True
BASELINE_M1,6,0.11666666666666665,False,53.1055062512321,nan,nan,0.8028063159851513,nan,nan,nan,0,False,False,nan,nan,nan,0,0.0,MAX_RANGE_FALLBACK,MODEL_UNINITIALIZED,NO_VALID_CURRENT_OR_STABLE_MODEL,False,MODEL_UNINITIALIZED,0,0,False,False,False,False,True
BASELINE_M1,12,0.21666666666666665,False,57.20451424666092,nan,nan,0.830713362813313,nan,nan,nan,0,False,False,nan,nan,nan,0,0.0,MAX_RANGE_FALLBACK,MODEL_UNINITIALIZED,NO_VALID_CURRENT_OR_STABLE_MODEL,False,MODEL_UNINITIALIZED,0,0,False,False,False,False,True
BASELINE_M1,18,0.31666666666666665,False,62.10144998282445,nan,nan,0.9166765625182478,nan,nan,nan,0,False,False,nan,nan,nan,0,0.0,MAX_RANGE_FALLBACK,MODEL_UNINITIALIZED,NO_VALID_CURRENT_OR_STABLE_MODEL,False,MODEL_UNINITIALIZED,0,0,False,False,False,False,True
BASELINE_M1,24,0.41666666666666663,False,61.70341819243819,nan,nan,0.9833944170787419,nan,nan,nan,0,False,False,nan,nan,nan,0,0.0,MAX_RANGE_FALLBACK,MODEL_UNINITIALIZED,NO_VALID_CURRENT_OR_STABLE_MODEL,False,MODEL_UNINITIALIZED,0,0,False,False,False,False,True
BASELINE_M1,30,0.5166666666666666,False,56.13216692275432,nan,nan,1.0473930258005737,nan,nan,nan,0,False,False,nan,nan,nan,0,0.0,MAX_RANGE_FALLBACK,MODEL_UNINITIALIZED,NO_VALID_CURRENT_OR_STABLE_MODEL,False,MODEL_UNINITIALIZED,0,0,False,False,False,False,True
BASELINE_M1,36,0.6166666666666669,False,45.38912329176958,nan,nan,0.7713651420519341,nan,nan,nan,0,False,False,nan,nan,nan,0,0.0,MAX_RANGE_FALLBACK,MODEL_UNINITIALIZED,NO_VALID_CURRENT_OR_STABLE_MODEL,False,MODEL_UNINITIALIZED,0,0,False,False,False,False,True
BASELINE_M1,42,0.7166666666666672,False,19.423880978944908,nan,nan,0.22224469038332018,nan,nan,nan,0,False,False,nan,nan,nan,0,0.0,MAX_RANGE_FALLBACK,MODEL_UNINITIALIZED,NO_VALID_CURRENT_OR_STABLE_MODEL,False,MODEL_UNINITIALIZED,0,0,False,False,False,False,True
BASELINE_M1,48,0.8166666666666675,False,13.527969039906395,nan,nan,-0.11564909039682902,nan,nan,nan,0,False,False,nan,nan,nan,0,0.0,MAX_RANGE_FALLBACK,MODEL_UNINITIALIZED,NO_VALID_CURRENT_OR_STABLE_MODEL,False,MODEL_UNINITIALIZED,0,0,False,False,False,False,True
BASELINE_M1,54,0.9166666666666679,False,33.19533436593758,nan,nan,-0.5678340856491104,nan,nan,nan,0,False,False,nan,nan,nan,0,0.0,MAX_RANGE_FALLBACK,MODEL_UNINITIALIZED,NO_VALID_CURRENT_OR_STABLE_MODEL,False,MODEL_UNINITIALIZED,0,0,False,False,False,False,True
BASELINE_M1,60,1.016666666666668,False,47.937161219582634,nan,nan,-0.9491089054170487,nan,nan,nan,0,False,False,nan,nan,nan,0,0.0,MAX_RANGE_FALLBACK,MODEL_UNINITIALIZED,NO_VALID_CURRENT_OR_STABLE_MODEL,False,MODEL_UNINITIALIZED,0,0,False,False,False,False,True
BASELINE_M1,66,1.1166666666666676,False,56.10694122271664,nan,nan,-1.1583883038795904,nan,nan,nan,0,False,False,nan,nan,nan,0,0.0,MAX_RANGE_FALLBACK,MODEL_UNINITIALIZED,NO_VALID_CURRENT_OR_STABLE_MODEL,False,MODEL_UNINITIALIZED,0,0,False,False,False,False,True
BASELINE_M1,72,1.2166666666666672,False,58.234617283066314,nan,nan,-1.271918123536608,nan,nan,nan,0,False,False,nan,nan,nan,0,0.0,MAX_RANGE_FALLBACK,MODEL_UNINITIALIZED,NO_VALID_CURRENT_OR_STABLE_MODEL,False,MODEL_UNINITIALIZED,0,0,False,False,False,False,True
BASELINE_M1,78,1.3166666666666669,False,62.314297994758675,nan,nan,-1.374387039503361,nan,nan,nan,0,False,False,nan,nan,nan,0,0.0,MAX_RANGE_FALLBACK,MODEL_UNINITIALIZED,NO_VALID_CURRENT_OR_STABLE_MODEL,False,MODEL_UNINITIALIZED,0,0,False,False,False,False,True
BASELINE_M1,84,1.4166666666666665,False,62.67854928660796,nan,nan,-1.3565332477069205,nan,nan,nan,0,False,False,nan,nan,nan,0,0.0,MAX_RANGE_FALLBACK,MODEL_UNINITIALIZED,NO_VALID_CURRENT_OR_STABLE_MODEL,False,MODEL_UNINITIALIZED,0,0,False,False,False,False,True
BASELINE_M1,90,1.5166666666666662,False,59.240704083742116,nan,nan,-1.2521618948300102,nan,nan,nan,0,False,False,nan,nan,nan,0,0.0,MAX_RANGE_FALLBACK,MODEL_UNINITIALIZED,NO_VALID_CURRENT_OR_STABLE_MODEL,False,MODEL_UNINITIALIZED,0,0,False,False,False,False,True
BASELINE_M1,96,1.6166666666666658,False,57.85562488299976,nan,nan,-1.2520070488641437,nan,nan,nan,0,False,False,nan,nan,nan,0,0.0,MAX_RANGE_FALLBACK,MODEL_UNINITIALIZED,NO_VALID_CURRENT_OR_STABLE_MODEL,False,MODEL_UNINITIALIZED,0,0,False,False,False,False,True
BASELINE_M1,102,1.7166666666666655,False,55.778716647105455,nan,nan,-1.2520812126361989,nan,nan,nan,0,False,False,nan,nan,nan,0,0.0,MAX_RANGE_FALLBACK,MODEL_UNINITIALIZED,NO_VALID_CURRENT_OR_STABLE_MODEL,False,MODEL_UNINITIALIZED,0,0,False,False,False,False,True
BASELINE_M1,108,1.816666666666665,False,52.81752654911418,nan,nan,-1.2748922940855891,nan,nan,nan,0,False,False,nan,nan,nan,0,0.0,MAX_RANGE_FALLBACK,MODEL_UNINITIALIZED,NO_VALID_CURRENT_OR_STABLE_MODEL,False,MODEL_UNINITIALIZED,0,0,False,False,False,False,True
BASELINE_M1,114,1.9166666666666647,False,47.8467775295573,nan,nan,-1.2515245664874612,nan,nan,nan,0,False,False,nan,nan,nan,0,0.0,MAX_RANGE_FALLBACK,MODEL_UNINITIALIZED,NO_VALID_CURRENT_OR_STABLE_MODEL,False,MODEL_UNINITIALIZED,0,0,False,False,False,False,True
BASELINE_M1,120,2.0166666666666644,False,25.13508635378375,nan,nan,-0.8305723854179661,nan,nan,nan,0,False,False,nan,nan,nan,0,0.0,MAX_RANGE_FALLBACK,MODEL_UNINITIALIZED,NO_VALID_CURRENT_OR_STABLE_MODEL,False,MODEL_UNINITIALIZED,0,0,False,False,False,False,True
BASELINE_M1,126,2.116666666666664,True,0.0,84.0,2.2048559153023426,0.0,nan,nan,nan,0,True,False,nan,nan,nan,1,0.5,CURRENT_MODEL,MODEL_BOOTSTRAPPING,VALID_LOCAL_OBSERVATION_1_OF_EXISTING_2,False,MODEL_BOOTSTRAPPING,76,2,True,False,False,False,True
BOOTSTRAP_M1,0,0.016666666666666666,True,0.0,84.0,1.4001210697211057,0.0,nan,nan,nan,0,True,False,nan,nan,nan,1,1.0,CURRENT_MODEL,MODEL_BOOTSTRAPPING,VALID_LOCAL_OBSERVATION_1_OF_EXISTING_2,False,MODEL_BOOTSTRAPPING,0,0,False,False,False,False,False
BOOTSTRAP_M1,6,0.11666666666666665,True,0.0,84.0,1.409118945088828,0.0,84.0,1.409118945088828,0.0,1,True,True,0.0,0.0,0.00899787536772223,2,1.0,CURRENT_MODEL,MODEL_READY,EXISTING_STABLE_MODEL_INITIALIZED,True,JUNCTION_CLEAR,0,0,False,False,True,False,False
BOOTSTRAP_M1,12,0.21666666666666665,True,0.0,84.0,1.4646870524810716,0.0,84.0,1.4646870524810716,0.0,2,True,True,0.0,0.0,0.055568107392243604,3,1.0,CURRENT_MODEL,MODEL_READY,EXISTING_STABLE_MODEL_INITIALIZED,True,JUNCTION_CLEAR,0,0,False,False,False,False,False
BOOTSTRAP_M1,18,0.31666666666666665,True,0.0,84.0,1.5129702362427402,0.0,84.0,1.5129702362427402,0.0,3,True,True,0.0,0.0,0.048283183761668624,4,1.0,CURRENT_MODEL,MODEL_READY,EXISTING_STABLE_MODEL_INITIALIZED,True,JUNCTION_CLEAR,0,0,False,False,False,False,False
BOOTSTRAP_M1,24,0.41666666666666663,True,0.0,83.99999999999999,1.5570877890311081,0.0,84.0,1.5570877890311081,0.0,4,True,True,-1.4210854715202004e-14,0.0,0.04411755278836793,5,1.0,CURRENT_MODEL,MODEL_READY,EXISTING_STABLE_MODEL_INITIALIZED,True,JUNCTION_CLEAR,0,0,False,False,False,False,False
BOOTSTRAP_M1,30,0.5166666666666666,True,0.0,84.0,1.6253387910569401,0.0,84.0,1.5570877890311081,0.0,4,True,True,1.4210854715202004e-14,0.0,0.06825100202583201,6,1.0,CURRENT_MODEL,MODEL_READY,EXISTING_STABLE_MODEL_INITIALIZED,True,JUNCTION_CLEAR,2,0,False,False,False,False,True
BOOTSTRAP_M1,36,0.6166666666666669,True,0.0,84.0,1.690422239914799,0.0,84.0,1.5570877890311081,0.0,4,True,True,0.0,0.0,0.06508344885785888,7,1.0,CURRENT_MODEL,MODEL_READY,EXISTING_STABLE_MODEL_INITIALIZED,True,JUNCTION_DETECTED,4,2,True,True,False,False,True
BOOTSTRAP_M1,42,0.7166666666666672,True,0.0,84.0,1.7176026200690906,0.0,84.0,1.5570877890311081,0.0,4,True,True,0.0,0.0,0.027180380154291583,8,1.0,CURRENT_MODEL,MODEL_READY,EXISTING_STABLE_MODEL_INITIALIZED,True,JUNCTION_DETECTED,6,2,True,True,False,False,True
BOOTSTRAP_M1,48,0.8166666666666675,True,0.0,84.0,1.7113073075602259,0.0,84.0,1.5570877890311081,0.0,4,True,True,0.0,0.0,-0.0062953125088647255,9,1.0,CURRENT_MODEL,MODEL_READY,EXISTING_STABLE_MODEL_INITIALIZED,True,JUNCTION_DETECTED,8,2,True,True,False,False,True
BOOTSTRAP_M1,54,0.9166666666666679,True,0.0,83.99999999999999,1.7097958756559137,0.0,84.0,1.5570877890311081,0.0,4,True,True,-1.4210854715202004e-14,0.0,-0.0015114319043121327,10,1.0,CURRENT_MODEL,MODEL_READY,EXISTING_STABLE_MODEL_INITIALIZED,True,JUNCTION_DETECTED,10,2,True,True,False,False,True
BOOTSTRAP_M1,60,1.016666666666668,True,0.0,84.0,1.7205723848550427,0.0,84.0,1.5570877890311081,0.0,4,True,True,1.4210854715202004e-14,0.0,0.01077650919912898,11,1.0,CURRENT_MODEL,MODEL_READY,EXISTING_STABLE_MODEL_INITIALIZED,True,JUNCTION_DETECTED,12,2,True,True,False,False,True
BOOTSTRAP_M1,66,1.1166666666666676,True,0.0,84.0,1.7291541566601438,0.0,84.0,1.5570877890311081,0.0,4,True,True,0.0,0.0,0.008581771805101113,12,1.0,CURRENT_MODEL,MODEL_READY,EXISTING_STABLE_MODEL_INITIALIZED,True,JUNCTION_DETECTED,15,2,True,True,False,False,True
BOOTSTRAP_M1,72,1.2166666666666672,True,0.0,84.0,1.7339990283488973,0.0,84.0,1.5570877890311081,0.0,4,True,True,0.0,0.0,0.0048448716887534715,13,1.0,CURRENT_MODEL,MODEL_READY,EXISTING_STABLE_MODEL_INITIALIZED,True,JUNCTION_DETECTED,17,2,True,True,False,False,True
BOOTSTRAP_M1,78,1.3166666666666669,True,0.0,84.00000000000001,1.7364635490102103,0.0,84.0,1.5570877890311081,0.0,4,True,True,1.4210854715202004e-14,0.0,0.0024645206613129744,14,1.0,CURRENT_MODEL,MODEL_READY,EXISTING_STABLE_MODEL_INITIALIZED,True,JUNCTION_DETECTED,19,2,True,True,False,False,True
BOOTSTRAP_M1,84,1.4166666666666665,True,0.0,84.00000000000001,1.7376231932925066,0.0,84.0,1.5570877890311081,0.0,4,True,True,0.0,0.0,0.0011596442822963127,15,1.0,CURRENT_MODEL,MODEL_READY,EXISTING_STABLE_MODEL_INITIALIZED,True,JUNCTION_DETECTED,23,2,True,True,False,False,True
BOOTSTRAP_M1,90,1.5166666666666662,True,0.0,84.0,1.7380832786029643,0.0,84.0,1.5570877890311081,0.0,4,True,True,-1.4210854715202004e-14,0.0,0.00046008531045771406,16,1.0,CURRENT_MODEL,MODEL_READY,EXISTING_STABLE_MODEL_INITIALIZED,True,JUNCTION_DETECTED,25,2,True,True,False,False,True
BOOTSTRAP_M1,96,1.6166666666666658,True,0.0,84.0,1.7385313343288296,0.0,84.0,1.5570877890311081,0.0,4,True,True,0.0,0.0,0.00044805572586525955,17,1.0,CURRENT_MODEL,MODEL_READY,EXISTING_STABLE_MODEL_INITIALIZED,True,JUNCTION_DETECTED,29,2,True,True,False,False,True
BOOTSTRAP_M1,102,1.7166666666666655,True,0.0,84.00000000000001,1.740149187045887,0.0,84.0,1.5570877890311081,0.0,4,True,True,1.4210854715202004e-14,0.0,0.0016178527170573886,18,1.0,CURRENT_MODEL,MODEL_READY,EXISTING_STABLE_MODEL_INITIALIZED,True,JUNCTION_DETECTED,31,2,True,True,False,False,True
BOOTSTRAP_M1,108,1.816666666666665,True,0.0,84.0,1.7445680172963982,0.0,84.0,1.5570877890311081,0.0,4,True,True,-1.4210854715202004e-14,0.0,0.004418830250511263,19,1.0,CURRENT_MODEL,MODEL_READY,EXISTING_STABLE_MODEL_INITIALIZED,True,JUNCTION_DETECTED,35,2,True,True,False,False,True
BOOTSTRAP_M1,114,1.9166666666666647,True,0.0,84.0,1.750572725004048,0.0,84.0,1.5570877890311081,0.0,4,True,True,0.0,0.0,0.006004707707649715,20,1.0,CURRENT_MODEL,MODEL_READY,EXISTING_STABLE_MODEL_INITIALIZED,True,JUNCTION_DETECTED,38,2,True,True,False,False,True
BOOTSTRAP_M1,120,2.0166666666666644,True,0.0,84.0,1.7545429914233814,0.0,84.0,1.5570877890311081,0.0,4,True,True,0.0,0.0,0.003970266419333512,21,1.0,CURRENT_MODEL,MODEL_READY,EXISTING_STABLE_MODEL_INITIALIZED,True,JUNCTION_DETECTED,41,2,True,True,False,False,True
BOOTSTRAP_M1,126,2.116666666666664,True,0.0,83.99999999999999,1.7562140871528982,0.0,84.0,1.5570877890311081,0.0,4,True,True,-1.4210854715202004e-14,0.0,0.0016710957295167361,22,1.0,CURRENT_MODEL,MODEL_READY,EXISTING_STABLE_MODEL_INITIALIZED,True,JUNCTION_DETECTED,46,2,True,True,False,False,True
M0_NEGATIVE_CONTROL,0,0.016666666666666666,True,0.0,84.0,1.4001210697211057,0.0,nan,nan,nan,0,True,False,nan,nan,nan,1,1.0,CURRENT_MODEL,MODEL_BOOTSTRAPPING,VALID_LOCAL_OBSERVATION_1_OF_EXISTING_2,False,MODEL_BOOTSTRAPPING,0,0,False,False,False,False,False
M0_NEGATIVE_CONTROL,6,0.11666666666666665,True,0.0,84.0,1.409118945088828,0.0,84.0,1.409118945088828,0.0,1,True,True,0.0,0.0,0.00899787536772223,2,1.0,CURRENT_MODEL,MODEL_READY,EXISTING_STABLE_MODEL_INITIALIZED,True,JUNCTION_CLEAR,0,0,False,False,True,False,False
M0_NEGATIVE_CONTROL,12,0.21666666666666665,True,0.0,84.0,1.4646870524810716,0.0,84.0,1.4646870524810716,0.0,2,True,True,0.0,0.0,0.055568107392243604,3,1.0,CURRENT_MODEL,MODEL_READY,EXISTING_STABLE_MODEL_INITIALIZED,True,JUNCTION_CLEAR,0,0,False,False,False,False,False
M0_NEGATIVE_CONTROL,18,0.31666666666666665,True,0.0,84.0,1.5129702362427402,0.0,84.0,1.5129702362427402,0.0,3,True,True,0.0,0.0,0.048283183761668624,4,1.0,CURRENT_MODEL,MODEL_READY,EXISTING_STABLE_MODEL_INITIALIZED,True,JUNCTION_CLEAR,0,0,False,False,False,False,False
M0_NEGATIVE_CONTROL,24,0.41666666666666663,True,0.0,84.0,1.5570877890312325,0.0,84.0,1.5570877890312325,0.0,4,True,True,0.0,0.0,0.044117552788492276,5,1.0,CURRENT_MODEL,MODEL_READY,EXISTING_STABLE_MODEL_INITIALIZED,True,JUNCTION_CLEAR,0,0,False,False,False,False,False
M0_NEGATIVE_CONTROL,30,0.5166666666666666,True,0.0,84.0,1.6253387910569401,0.0,84.0,1.6253387910569401,0.0,5,True,True,0.0,0.0,0.06825100202570766,6,1.0,CURRENT_MODEL,MODEL_READY,EXISTING_STABLE_MODEL_INITIALIZED,True,JUNCTION_CLEAR,0,0,False,False,False,False,False
M0_NEGATIVE_CONTROL,36,0.6166666666666669,True,0.0,84.0,1.6904222399148168,0.0,84.0,1.6904222399148168,0.0,6,True,True,0.0,0.0,0.06508344885787665,7,1.0,CURRENT_MODEL,MODEL_READY,EXISTING_STABLE_MODEL_INITIALIZED,True,JUNCTION_CLEAR,0,0,False,False,False,False,False
M0_NEGATIVE_CONTROL,42,0.7166666666666672,True,0.0,84.0,1.7176026200690941,0.0,84.0,1.7176026200690941,0.0,7,True,True,0.0,0.0,0.027180380154277373,8,1.0,CURRENT_MODEL,MODEL_READY,EXISTING_STABLE_MODEL_INITIALIZED,True,JUNCTION_CLEAR,0,0,False,False,False,False,False
M0_NEGATIVE_CONTROL,48,0.8166666666666675,True,0.0,84.0,1.7113073075602472,0.0,84.0,1.7113073075602472,0.0,8,True,True,0.0,0.0,-0.006295312508846962,9,1.0,CURRENT_MODEL,MODEL_READY,EXISTING_STABLE_MODEL_INITIALIZED,True,JUNCTION_CLEAR,0,0,False,False,False,False,False
M0_NEGATIVE_CONTROL,54,0.9166666666666679,True,0.0,84.00000000000001,1.709795875656134,0.0,84.0,1.709795875656134,0.0,9,True,True,1.4210854715202004e-14,0.0,-0.0015114319041131807,10,1.0,CURRENT_MODEL,MODEL_READY,EXISTING_STABLE_MODEL_INITIALIZED,True,JUNCTION_CLEAR,0,0,False,False,False,False,False
M0_NEGATIVE_CONTROL,60,1.016666666666668,True,0.0,84.0,1.7205723848551244,0.0,84.0,1.7205723848551244,0.0,10,True,True,-1.4210854715202004e-14,0.0,0.010776509198990425,11,1.0,CURRENT_MODEL,MODEL_READY,EXISTING_STABLE_MODEL_INITIALIZED,True,JUNCTION_CLEAR,0,0,False,False,False,False,False
M0_NEGATIVE_CONTROL,66,1.1166666666666676,True,0.0,84.0,1.7291541566602113,0.0,84.0,1.7291541566602113,0.0,11,True,True,0.0,0.0,0.008581771805086902,12,1.0,CURRENT_MODEL,MODEL_READY,EXISTING_STABLE_MODEL_INITIALIZED,True,JUNCTION_CLEAR,0,0,False,False,False,False,False
M0_NEGATIVE_CONTROL,72,1.2166666666666672,True,0.0,84.0,1.7339990283489755,0.0,84.0,1.7339990283489755,0.0,12,True,True,0.0,0.0,0.00484487168876413,13,1.0,CURRENT_MODEL,MODEL_READY,EXISTING_STABLE_MODEL_INITIALIZED,True,JUNCTION_CLEAR,0,0,False,False,False,False,False
M0_NEGATIVE_CONTROL,78,1.3166666666666669,True,0.0,84.0,1.7364635490102884,0.0,84.0,1.7364635490102884,0.0,13,True,True,0.0,0.0,0.0024645206613129744,14,1.0,CURRENT_MODEL,MODEL_READY,EXISTING_STABLE_MODEL_INITIALIZED,True,JUNCTION_CLEAR,0,0,False,False,False,False,False
M0_NEGATIVE_CONTROL,84,1.4166666666666665,True,0.0,84.00000000000003,1.737623193292574,0.0,84.0,1.737623193292574,0.0,14,True,True,2.842170943040401e-14,0.0,0.0011596442822856545,15,1.0,CURRENT_MODEL,MODEL_READY,EXISTING_STABLE_MODEL_INITIALIZED,True,JUNCTION_CLEAR,0,0,False,False,False,False,False
M0_NEGATIVE_CONTROL,90,1.5166666666666662,True,0.0,84.0,1.7380832786029785,0.0,84.0,1.7380832786029785,0.0,15,True,True,-2.842170943040401e-14,0.0,0.00046008531040442335,16,1.0,CURRENT_MODEL,MODEL_READY,EXISTING_STABLE_MODEL_INITIALIZED,True,JUNCTION_CLEAR,0,0,False,False,False,False,False
M0_NEGATIVE_CONTROL,96,1.6166666666666658,True,0.0,84.0,1.7385313343288615,0.0,84.0,1.7385313343288615,0.0,16,True,True,0.0,0.0,0.0004480557258830231,17,1.0,CURRENT_MODEL,MODEL_READY,EXISTING_STABLE_MODEL_INITIALIZED,True,JUNCTION_CLEAR,0,0,False,False,False,False,False
M0_NEGATIVE_CONTROL,102,1.7166666666666655,True,0.0,84.0,1.740149187045965,0.0,84.0,1.740149187045965,0.0,17,True,True,0.0,0.0,0.001617852717103574,18,1.0,CURRENT_MODEL,MODEL_READY,EXISTING_STABLE_MODEL_INITIALIZED,True,JUNCTION_CLEAR,0,0,False,False,False,False,False
M0_NEGATIVE_CONTROL,108,1.816666666666665,True,0.0,84.0,1.7445680172964764,0.0,84.0,1.7445680172964764,0.0,18,True,True,0.0,0.0,0.004418830250511263,19,1.0,CURRENT_MODEL,MODEL_READY,EXISTING_STABLE_MODEL_INITIALIZED,True,JUNCTION_CLEAR,0,0,False,False,False,False,False
M0_NEGATIVE_CONTROL,114,1.9166666666666647,True,0.0,84.0,1.7505727250040692,0.0,84.0,1.7505727250040692,0.0,19,True,True,0.0,0.0,0.006004707707592871,20,1.0,CURRENT_MODEL,MODEL_READY,EXISTING_STABLE_MODEL_INITIALIZED,True,JUNCTION_CLEAR,0,0,False,False,False,False,False
M0_NEGATIVE_CONTROL,120,2.0166666666666644,True,0.0,84.0,1.754542991423449,0.0,84.0,1.754542991423449,0.0,20,True,True,0.0,0.0,0.003970266419379698,21,1.0,CURRENT_MODEL,MODEL_READY,EXISTING_STABLE_MODEL_INITIALIZED,True,JUNCTION_CLEAR,0,0,False,False,False,False,False
M0_NEGATIVE_CONTROL,126,2.116666666666664,True,0.0,84.00000000000001,1.7562140871531184,0.0,84.0,1.7562140871531184,0.0,21,True,True,1.4210854715202004e-14,0.0,0.0016710957296695028,22,1.0,CURRENT_MODEL,MODEL_READY,EXISTING_STABLE_MODEL_INITIALIZED,True,JUNCTION_CLEAR,0,0,False,False,False,False,False
M0_NEGATIVE_CONTROL,132,2.2166666666666637,True,0.0,84.0,1.7571524826858251,0.0,84.0,1.7571524826858251,0.0,22,True,True,-1.4210854715202004e-14,0.0,0.0009383955327066928,23,1.0,CURRENT_MODEL,MODEL_READY,EXISTING_STABLE_MODEL_INITIALIZED,True,JUNCTION_CLEAR,0,0,False,False,False,False,False
M0_NEGATIVE_CONTROL,138,2.3166666666666633,True,0.0,84.0,1.758057390757255,0.0,84.0,1.758057390757255,0.0,23,True,True,0.0,0.0,0.0009049080714298441,24,1.0,CURRENT_MODEL,MODEL_READY,EXISTING_STABLE_MODEL_INITIALIZED,True,JUNCTION_CLEAR,0,0,False,False,False,False,False
M0_NEGATIVE_CONTROL,144,2.416666666666663,True,0.0,84.00000000000001,1.7592804768877386,0.0,84.0,1.7592804768877386,0.0,24,True,True,1.4210854715202004e-14,0.0,0.0012230861304836083,25,1.0,CURRENT_MODEL,MODEL_READY,EXISTING_STABLE_MODEL_INITIALIZED,True,JUNCTION_CLEAR,0,0,False,False,False,False,False
M0_NEGATIVE_CONTROL,150,2.5166666666666626,True,0.0,84.0,1.7618538538791846,0.0,84.0,1.7618538538791846,0.0,25,True,True,-1.4210854715202004e-14,0.0,0.002573376991445997,26,1.0,CURRENT_MODEL,MODEL_READY,EXISTING_STABLE_MODEL_INITIALIZED,True,JUNCTION_CLEAR,0,0,False,False,False,False,False
M0_NEGATIVE_CONTROL,156,2.6166666666666623,True,0.0,84.0,1.7657299841752412,0.0,84.0,1.7657299841752412,0.0,26,True,True,0.0,0.0,0.0038761302960566013,27,1.0,CURRENT_MODEL,MODEL_READY,EXISTING_STABLE_MODEL_INITIALIZED,True,JUNCTION_CLEAR,0,0,False,False,False,False,False
M0_NEGATIVE_CONTROL,162,2.716666666666662,True,0.0,84.0,1.769881149107249,0.0,84.0,1.769881149107249,0.0,27,True,True,0.0,0.0,0.004151164932007845,28,1.0,CURRENT_MODEL,MODEL_READY,EXISTING_STABLE_MODEL_INITIALIZED,True,JUNCTION_CLEAR,0,0,False,False,False,False,False
M0_NEGATIVE_CONTROL,168,2.8166666666666615,True,0.0,84.0,1.7729174387405742,0.0,84.0,1.7729174387405742,0.0,28,True,True,0.0,0.0,0.00303628963332514,29,1.0,CURRENT_MODEL,MODEL_READY,EXISTING_STABLE_MODEL_INITIALIZED,True,JUNCTION_CLEAR,0,0,False,False,False,False,False
M0_NEGATIVE_CONTROL,174,2.916666666666661,True,0.0,84.0,1.774907689836617,0.0,84.0,1.774907689836617,0.0,29,True,True,0.0,0.0,0.0019902510960427833,30,1.0,CURRENT_MODEL,MODEL_READY,EXISTING_STABLE_MODEL_INITIALIZED,True,JUNCTION_CLEAR,0,0,False,False,False,False,False
M0_NEGATIVE_CONTROL,180,3.016666666666661,True,0.0,84.00000000000001,1.7763053486122544,0.0,84.0,1.7763053486122544,0.0,30,True,True,1.4210854715202004e-14,0.0,0.001397658775637467,31,1.0,CURRENT_MODEL,MODEL_READY,EXISTING_STABLE_MODEL_INITIALIZED,True,JUNCTION_CLEAR,0,0,False,False,False,False,False
M0_NEGATIVE_CONTROL,186,3.1166666666666605,True,0.0,84.0,1.7773359063967007,0.0,84.0,1.7773359063967007,0.0,31,True,True,-1.4210854715202004e-14,0.0,0.0010305577844462732,32,1.0,CURRENT_MODEL,MODEL_READY,EXISTING_STABLE_MODEL_INITIALIZED,True,JUNCTION_CLEAR,0,0,False,False,False,False,False
M0_NEGATIVE_CONTROL,192,3.21666666666666,True,0.0,84.0,1.778097465130024,0.0,84.0,1.778097465130024,0.0,32,True,True,0.0,0.0,0.0007615587333233975,33,1.0,CURRENT_MODEL,MODEL_READY,EXISTING_STABLE_MODEL_INITIALIZED,True,JUNCTION_CLEAR,0,0,False,False,False,False,False
M0_NEGATIVE_CONTROL,198,3.3166666666666598,True,0.0,84.0,1.778889618274114,0.0,84.0,1.778889618274114,0.0,33,True,True,0.0,0.0,0.0007921531440899798,34,1.0,CURRENT_MODEL,MODEL_READY,EXISTING_STABLE_MODEL_INITIALIZED,True,JUNCTION_CLEAR,0,0,False,False,False,False,False
M0_NEGATIVE_CONTROL,204,3.4166666666666594,True,0.0,84.00000000000001,1.7802146088982909,0.0,84.0,1.7802146088982909,0.0,34,True,True,1.4210854715202004e-14,0.0,0.0013249906241767917,35,1.0,CURRENT_MODEL,MODEL_READY,EXISTING_STABLE_MODEL_INITIALIZED,True,JUNCTION_CLEAR,0,0,False,False,False,False,False
M0_NEGATIVE_CONTROL,210,3.516666666666659,True,0.0,84.0,1.7820036368407557,0.0,84.0,1.7820036368407557,0.0,35,True,True,-1.4210854715202004e-14,0.0,0.001789027942464827,36,1.0,CURRENT_MODEL,MODEL_READY,EXISTING_STABLE_MODEL_INITIALIZED,True,JUNCTION_CLEAR,0,0,False,False,False,False,False
M0_NEGATIVE_CONTROL,216,3.6166666666666587,True,0.0,84.0,1.7837697182767513,0.0,84.0,1.7837697182767513,0.0,36,True,True,0.0,0.0,0.001766081435995659,37,1.0,CURRENT_MODEL,MODEL_READY,EXISTING_STABLE_MODEL_INITIALIZED,True,JUNCTION_CLEAR,0,0,False,False,False,False,False
M0_NEGATIVE_CONTROL,222,3.7166666666666583,True,0.0,84.0,1.7849921799115975,0.0,84.0,1.7849921799115975,0.0,37,True,True,0.0,0.0,0.0012224616348461836,38,1.0,CURRENT_MODEL,MODEL_READY,EXISTING_STABLE_MODEL_INITIALIZED,True,JUNCTION_CLEAR,0,0,False,False,False,False,False
M0_NEGATIVE_CONTROL,228,3.816666666666658,True,0.0,84.0,1.7857273273698802,0.0,84.0,1.7857273273698802,0.0,38,True,True,0.0,0.0,0.0007351474582826256,39,1.0,CURRENT_MODEL,MODEL_READY,EXISTING_STABLE_MODEL_INITIALIZED,True,JUNCTION_CLEAR,0,0,False,False,False,False,False
M0_NEGATIVE_CONTROL,234,3.9166666666666576,True,0.0,84.0,1.7862025548956737,0.0,84.0,1.7862025548956737,0.0,39,True,True,0.0,0.0,0.0004752275257935423,40,1.0,CURRENT_MODEL,MODEL_READY,EXISTING_STABLE_MODEL_INITIALIZED,True,JUNCTION_CLEAR,0,0,False,False,False,False,False
M0_NEGATIVE_CONTROL,240,4.016666666666658,True,0.0,84.0,1.7865369708125591,0.0,84.0,1.7865369708125591,0.0,40,True,True,0.0,0.0,0.00033441591688543326,41,1.0,CURRENT_MODEL,MODEL_READY,EXISTING_STABLE_MODEL_INITIALIZED,True,JUNCTION_CLEAR,0,0,False,False,False,False,False
M0_NEGATIVE_CONTROL,246,4.116666666666657,True,0.0,84.00000000000001,1.7867718400210606,0.0,84.0,1.7867718400210606,0.0,41,True,True,1.4210854715202004e-14,0.0,0.00023486920850146475,42,1.0,CURRENT_MODEL,MODEL_READY,EXISTING_STABLE_MODEL_INITIALIZED,True,JUNCTION_CLEAR,0,0,False,False,False,False,False
M0_NEGATIVE_CONTROL,252,4.216666666666657,True,0.0,84.0,1.7870195200311798,0.0,84.0,1.7870195200311798,0.0,42,True,True,-1.4210854715202004e-14,0.0,0.00024768001011921115,43,1.0,CURRENT_MODEL,MODEL_READY,EXISTING_STABLE_MODEL_INITIALIZED,True,JUNCTION_CLEAR,0,0,False,False,False,False,False
M0_NEGATIVE_CONTROL,258,4.316666666666657,True,0.0,84.0,1.7875559015942528,0.0,84.0,1.7875559015942528,0.0,43,True,True,0.0,0.0,0.0005363815630730073,44,1.0,CURRENT_MODEL,MODEL_READY,EXISTING_STABLE_MODEL_INITIALIZED,True,JUNCTION_CLEAR,0,0,False,False,False,False,False
M0_NEGATIVE_CONTROL,264,4.416666666666656,True,0.0,83.99999999999999,1.7882812205417338,0.0,84.0,1.7882812205417338,0.0,44,True,True,-1.4210854715202004e-14,0.0,0.0007253189474809574,45,1.0,CURRENT_MODEL,MODEL_READY,EXISTING_STABLE_MODEL_INITIALIZED,True,JUNCTION_CLEAR,0,0,False,False,False,False,False
M0_NEGATIVE_CONTROL,270,4.516666666666656,True,0.0,84.0,1.7888813297562223,0.0,84.0,1.7888813297562223,0.0,45,True,True,1.4210854715202004e-14,0.0,0.0006001092144884979,46,1.0,CURRENT_MODEL,MODEL_READY,EXISTING_STABLE_MODEL_INITIALIZED,True,JUNCTION_CLEAR,0,0,False,False,False,False,False
M0_NEGATIVE_CONTROL,276,4.616666666666656,True,0.0,84.00000000000003,1.7891708506881017,0.0,84.0,1.7891708506881017,0.0,46,True,True,2.842170943040401e-14,0.0,0.00028952093187939454,47,1.0,CURRENT_MODEL,MODEL_READY,EXISTING_STABLE_MODEL_INITIALIZED,True,JUNCTION_CLEAR,0,0,False,False,False,False,False
M0_NEGATIVE_CONTROL,282,4.716666666666655,True,0.0,84.0,1.7892934490874737,0.0,84.0,1.7892934490874737,0.0,47,True,True,-2.842170943040401e-14,0.0,0.00012259839937200923,48,1.0,CURRENT_MODEL,MODEL_READY,EXISTING_STABLE_MODEL_INITIALIZED,True,JUNCTION_CLEAR,0,0,False,False,False,False,False
M0_NEGATIVE_CONTROL,288,4.816666666666655,True,0.0,83.99999999999999,1.7893966733846653,0.0,84.0,1.7893966733846653,0.0,48,True,True,-1.4210854715202004e-14,0.0,0.00010322429719167303,49,1.0,CURRENT_MODEL,MODEL_READY,EXISTING_STABLE_MODEL_INITIALIZED,True,JUNCTION_CLEAR,0,0,False,False,False,False,False
M0_NEGATIVE_CONTROL,294,4.9166666666666545,True,0.0,83.99999999999999,1.789461423664875,0.0,84.0,1.789461423664875,0.0,49,True,True,0.0,0.0,6.475028020958007e-05,50,1.0,CURRENT_MODEL,MODEL_READY,EXISTING_STABLE_MODEL_INITIALIZED,True,JUNCTION_CLEAR,0,0,False,False,False,False,False
M0_NEGATIVE_CONTROL,300,5.016666666666654,True,0.0,84.0,1.7894644928137602,0.0,84.0,1.7894644928137602,0.0,50,True,True,1.4210854715202004e-14,0.0,3.069148885259665e-06,51,1.0,CURRENT_MODEL,MODEL_READY,EXISTING_STABLE_MODEL_INITIALIZED,True,JUNCTION_CLEAR,0,0,False,False,False,False,False
M0_NEGATIVE_CONTROL,306,5.116666666666654,True,0.0,84.0,1.7894435196562952,0.0,84.0,1.7894435196562952,0.0,51,True,True,0.0,0.0,-2.0973157464965198e-05,52,1.0,CURRENT_MODEL,MODEL_READY,EXISTING_STABLE_MODEL_INITIALIZED,True,JUNCTION_CLEAR,0,0,False,False,False,False,False
M0_NEGATIVE_CONTROL,312,5.2166666666666535,True,0.0,84.0,1.7894489656719266,0.0,84.0,1.7894489656719266,0.0,52,True,True,0.0,0.0,5.44601563134961e-06,53,1.0,CURRENT_MODEL,MODEL_READY,EXISTING_STABLE_MODEL_INITIALIZED,True,JUNCTION_CLEAR,0,0,False,False,False,False,False
M0_NEGATIVE_CONTROL,318,5.316666666666653,True,0.0,84.0,1.7894354612895143,0.0,84.0,1.7894354612895143,0.0,53,True,True,0.0,0.0,-1.3504382412321547e-05,54,1.0,CURRENT_MODEL,MODEL_READY,EXISTING_STABLE_MODEL_INITIALIZED,True,JUNCTION_CLEAR,0,0,False,False,False,False,False
M0_NEGATIVE_CONTROL,324,5.416666666666653,True,0.0,84.0,1.7893001059766043,0.0,84.0,1.7893001059766043,0.0,54,True,True,0.0,0.0,-0.00013535531290997938,55,1.0,CURRENT_MODEL,MODEL_READY,EXISTING_STABLE_MODEL_INITIALIZED,True,JUNCTION_CLEAR,0,0,False,False,False,False,False
M0_NEGATIVE_CONTROL,330,5.516666666666652,True,0.0,84.0,1.7890788008776255,0.0,84.0,1.7890788008776255,0.0,55,True,True,0.0,0.0,-0.0002213050989787746,56,1.0,CURRENT_MODEL,MODEL_READY,EXISTING_STABLE_MODEL_INITIALIZED,True,JUNCTION_CLEAR,0,0,False,False,False,False,False
M0_NEGATIVE_CONTROL,336,5.616666666666652,True,0.0,84.0,1.7889084965104551,0.0,84.0,1.7889084965104551,0.0,56,True,True,0.0,0.0,-0.00017030436717035968,57,1.0,CURRENT_MODEL,MODEL_READY,EXISTING_STABLE_MODEL_INITIALIZED,True,JUNCTION_CLEAR,0,0,False,False,False,False,False
M0_NEGATIVE_CONTROL,342,5.716666666666652,True,0.0,84.0,1.7887726397317252,0.0,84.0,1.7887726397317252,0.0,57,True,True,0.0,0.0,-0.00013585677872995916,58,1.0,CURRENT_MODEL,MODEL_READY,EXISTING_STABLE_MODEL_INITIALIZED,True,JUNCTION_CLEAR,0,0,False,False,False,False,False
M0_NEGATIVE_CONTROL,348,5.816666666666651,True,0.0,84.0,1.7886568785921568,0.0,84.0,1.7886568785921568,0.0,58,True,True,0.0,0.0,-0.00011576113956834888,59,1.0,CURRENT_MODEL,MODEL_READY,EXISTING_STABLE_MODEL_INITIALIZED,True,JUNCTION_CLEAR,0,0,False,False,False,False,False
M0_NEGATIVE_CONTROL,354,5.916666666666651,True,0.0,84.0,1.7885103210933195,0.0,84.0,1.7885103210933195,0.0,59,True,True,0.0,0.0,-0.0001465574988372964,60,1.0,CURRENT_MODEL,MODEL_READY,EXISTING_STABLE_MODEL_INITIALIZED,True,JUNCTION_CLEAR,0,0,False,False,False,False,False
M0_NEGATIVE_CONTROL,360,6.016666666666651,True,0.0,84.00000000000001,1.788303572096872,0.0,84.0,1.788303572096872,0.0,60,True,True,1.4210854715202004e-14,0.0,-0.00020674899644745892,61,1.0,CURRENT_MODEL,MODEL_READY,EXISTING_STABLE_MODEL_INITIALIZED,True,JUNCTION_CLEAR,0,0,False,False,False,False,False
M0_NEGATIVE_CONTROL,366,6.11666666666665,True,0.0,84.00000000000001,1.7880941262213668,0.0,84.0,1.7880941262213668,0.0,61,True,True,0.0,0.0,-0.0002094458755053097,62,1.0,CURRENT_MODEL,MODEL_READY,EXISTING_STABLE_MODEL_INITIALIZED,True,JUNCTION_CLEAR,0,0,False,False,False,False,False
M0_NEGATIVE_CONTROL,372,6.21666666666665,True,0.0,84.00000000000001,1.7879090575055443,0.0,84.0,1.7879090575055443,0.0,62,True,True,0.0,0.0,-0.0001850687158224673,63,1.0,CURRENT_MODEL,MODEL_READY,EXISTING_STABLE_MODEL_INITIALIZED,True,JUNCTION_CLEAR,0,0,False,False,False,False,False
M0_NEGATIVE_CONTROL,378,6.3166666666666496,True,0.0,84.0,1.787733086452583,0.0,84.0,1.787733086452583,0.0,63,True,True,-1.4210854715202004e-14,0.0,-0.00017597105296118798,64,1.0,CURRENT_MODEL,MODEL_READY,EXISTING_STABLE_MODEL_INITIALIZED,True,JUNCTION_CLEAR,0,0,False,False,False,False,False
M0_NEGATIVE_CONTROL,384,6.416666666666649,True,0.0,84.0,1.7875593376389638,0.0,84.0,1.7875593376389638,0.0,64,True,True,0.0,0.0,-0.00017374881361931216,65,1.0,CURRENT_MODEL,MODEL_READY,EXISTING_STABLE_MODEL_INITIALIZED,True,JUNCTION_CLEAR,0,0,False,False,False,False,False
M0_NEGATIVE_CONTROL,390,6.516666666666649,True,0.0,84.00000000000001,1.787447517803571,0.0,84.0,1.787447517803571,0.0,65,True,True,1.4210854715202004e-14,0.0,-0.00011181983539287899,66,1.0,CURRENT_MODEL,MODEL_READY,EXISTING_STABLE_MODEL_INITIALIZED,True,JUNCTION_CLEAR,0,0,False,False,False,False,False
M0_NEGATIVE_CONTROL,396,6.6166666666666485,True,0.0,84.0,1.7873987774519335,0.0,84.0,1.7873987774519335,0.0,66,True,True,-1.4210854715202004e-14,0.0,-4.8740351637377444e-05,67,1.0,CURRENT_MODEL,MODEL_READY,EXISTING_STABLE_MODEL_INITIALIZED,True,JUNCTION_CLEAR,0,0,False,False,False,False,False
M0_NEGATIVE_CONTROL,402,6.716666666666648,True,0.0,84.00000000000001,1.78741039189471,0.0,84.0,1.78741039189471,0.0,67,True,True,1.4210854715202004e-14,0.0,1.1614442776419764e-05,68,1.0,CURRENT_MODEL,MODEL_READY,EXISTING_STABLE_MODEL_INITIALIZED,True,JUNCTION_CLEAR,0,0,False,False,False,False,False
M0_NEGATIVE_CONTROL,408,6.816666666666648,True,0.0,84.0,1.7874497252950903,0.0,84.0,1.7874497252950903,0.0,68,True,True,-1.4210854715202004e-14,0.0,3.933340038031474e-05,69,1.0,CURRENT_MODEL,MODEL_READY,EXISTING_STABLE_MODEL_INITIALIZED,True,JUNCTION_CLEAR,0,0,False,False,False,False,False
M0_NEGATIVE_CONTROL,414,6.916666666666647,True,0.0,84.00000000000001,1.7875786336757002,0.0,84.0,1.7875786336757002,0.0,69,True,True,1.4210854715202004e-14,0.0,0.00012890838060997112,70,1.0,CURRENT_MODEL,MODEL_READY,EXISTING_STABLE_MODEL_INITIALIZED,True,JUNCTION_CLEAR,0,0,False,False,False,False,False
M0_NEGATIVE_CONTROL,420,7.016666666666647,True,0.0,84.0,1.7878811354699167,0.0,84.0,1.7878811354699167,0.0,70,True,True,-1.4210854715202004e-14,0.0,0.0003025017942164254,71,1.0,CURRENT_MODEL,MODEL_READY,EXISTING_STABLE_MODEL_INITIALIZED,True,JUNCTION_CLEAR,0,0,False,False,False,False,False
M0_NEGATIVE_CONTROL,426,7.116666666666647,True,0.0,84.0,1.7882261772124473,0.0,84.0,1.7882261772124473,0.0,71,True,True,0.0,0.0,0.00034504174253058295,72,1.0,CURRENT_MODEL,MODEL_READY,EXISTING_STABLE_MODEL_INITIALIZED,True,JUNCTION_CLEAR,0,0,False,False,False,False,False
M0_NEGATIVE_CONTROL,432,7.216666666666646,True,0.0,84.0,1.788573030040972,0.0,84.0,1.788573030040972,0.0,72,True,True,0.0,0.0,0.0003468528285246464,73,1.0,CURRENT_MODEL,MODEL_READY,EXISTING_STABLE_MODEL_INITIALIZED,True,JUNCTION_CLEAR,0,0,False,False,False,False,False
M0_NEGATIVE_CONTROL,438,7.316666666666646,True,0.0,84.0,1.788894984606582,0.0,84.0,1.788894984606582,0.0,73,True,True,0.0,0.0,0.0003219545656101275,74,1.0,CURRENT_MODEL,MODEL_READY,EXISTING_STABLE_MODEL_INITIALIZED,True,JUNCTION_CLEAR,0,0,False,False,False,False,False
M0_NEGATIVE_CONTROL,444,7.416666666666646,True,0.0,84.0,1.7891705522142765,0.0,84.0,1.7891705522142765,0.0,74,True,True,0.0,0.0,0.0002755676076944269,75,1.0,CURRENT_MODEL,MODEL_READY,EXISTING_STABLE_MODEL_INITIALIZED,True,JUNCTION_CLEAR,0,0,False,False,False,False,False
M0_NEGATIVE_CONTROL,450,7.516666666666645,True,0.0,84.0,1.7894094509574927,0.0,84.0,1.7894094509574927,0.0,75,True,True,0.0,0.0,0.0002388987432162537,76,1.0,CURRENT_MODEL,MODEL_READY,EXISTING_STABLE_MODEL_INITIALIZED,True,JUNCTION_CLEAR,0,0,False,False,False,False,False
M0_NEGATIVE_CONTROL,456,7.616666666666645,True,0.0,84.00000000000001,1.7896433193408257,0.0,84.0,1.7896433193408257,0.0,76,True,True,1.4210854715202004e-14,0.0,0.0002338683833329469,77,1.0,CURRENT_MODEL,MODEL_READY,EXISTING_STABLE_MODEL_INITIALIZED,True,JUNCTION_CLEAR,0,0,False,False,False,False,False
M0_NEGATIVE_CONTROL,462,7.716666666666645,True,0.0,84.0,1.7899307653751677,0.0,84.0,1.7899307653751677,0.0,77,True,True,-1.4210854715202004e-14,0.0,0.00028744603434205374,78,1.0,CURRENT_MODEL,MODEL_READY,EXISTING_STABLE_MODEL_INITIALIZED,True,JUNCTION_CLEAR,0,0,False,False,False,False,False
M0_NEGATIVE_CONTROL,468,7.816666666666644,True,0.0,84.0,1.7902894370777105,0.0,84.0,1.7902894370777105,0.0,78,True,True,0.0,0.0,0.0003586717025427788,79,1.0,CURRENT_MODEL,MODEL_READY,EXISTING_STABLE_MODEL_INITIALIZED,True,JUNCTION_CLEAR,0,0,False,False,False,False,False
M0_NEGATIVE_CONTROL,474,7.916666666666644,True,0.0,84.0,1.7907220693974573,0.0,84.0,1.7907220693974573,0.0,79,True,True,0.0,0.0,0.00043263231974677296,80,1.0,CURRENT_MODEL,MODEL_READY,EXISTING_STABLE_MODEL_INITIALIZED,True,JUNCTION_CLEAR,0,0,False,False,False,False,False
M0_NEGATIVE_CONTROL,480,8.016666666666644,True,0.0,84.0,1.7911778269444767,0.0,84.0,1.7911778269444767,0.0,80,True,True,0.0,0.0,0.00045575754701943083,81,1.0,CURRENT_MODEL,MODEL_READY,EXISTING_STABLE_MODEL_INITIALIZED,True,JUNCTION_CLEAR,0,0,False,False,False,False,False
M0_NEGATIVE_CONTROL,486,8.11666666666665,True,0.0,84.0,1.7915316758908446,0.0,84.0,1.7915316758908446,0.0,81,True,True,0.0,0.0,0.0003538489463679184,82,1.0,CURRENT_MODEL,MODEL_READY,EXISTING_STABLE_MODEL_INITIALIZED,True,JUNCTION_CLEAR,0,0,False,False,False,False,False
M0_NEGATIVE_CONTROL,492,8.216666666666654,True,0.0,84.0,1.7917654532466543,0.0,84.0,1.7917654532466543,0.0,82,True,True,0.0,0.0,0.0002337773558096501,83,1.0,CURRENT_MODEL,MODEL_READY,EXISTING_STABLE_MODEL_INITIALIZED,True,JUNCTION_CLEAR,0,0,False,False,False,False,False
M0_NEGATIVE_CONTROL,498,8.31666666666666,True,0.0,84.0,1.79195663500969,0.0,84.0,1.79195663500969,0.0,83,True,True,0.0,0.0,0.00019118176303578593,84,1.0,CURRENT_MODEL,MODEL_READY,EXISTING_STABLE_MODEL_INITIALIZED,True,JUNCTION_CLEAR,0,0,False,False,False,False,False
M0_NEGATIVE_CONTROL,504,8.416666666666664,True,0.0,84.0,1.7921125735882875,0.0,84.0,1.7921125735882875,0.0,84,True,True,0.0,0.0,0.00015593857859741433,85,1.0,CURRENT_MODEL,MODEL_READY,EXISTING_STABLE_MODEL_INITIALIZED,True,JUNCTION_CLEAR,0,0,False,False,False,False,False
M0_NEGATIVE_CONTROL,510,8.51666666666667,True,0.0,83.99999999999999,1.7922433386930905,0.0,84.0,1.7922433386930905,0.0,85,True,True,-1.4210854715202004e-14,0.0,0.00013076510480303227,86,1.0,CURRENT_MODEL,MODEL_READY,EXISTING_STABLE_MODEL_INITIALIZED,True,JUNCTION_CLEAR,0,0,False,False,False,False,False
M0_NEGATIVE_CONTROL,516,8.616666666666674,True,0.0,83.99999999999999,1.7923882528572292,0.0,84.0,1.7923882528572292,0.0,86,True,True,0.0,0.0,0.00014491416413875413,87,1.0,CURRENT_MODEL,MODEL_READY,EXISTING_STABLE_MODEL_INITIALIZED,True,JUNCTION_CLEAR,0,0,False,False,False,False,False
M0_NEGATIVE_CONTROL,522,8.71666666666668,True,0.0,84.0,1.7925932495436498,0.0,84.0,1.7925932495436498,0.0,87,True,True,1.4210854715202004e-14,0.0,0.00020499668642059987,88,1.0,CURRENT_MODEL,MODEL_READY,EXISTING_STABLE_MODEL_INITIALIZED,True,JUNCTION_CLEAR,0,0,False,False,False,False,False
M0_NEGATIVE_CONTROL,528,8.816666666666684,True,0.0,84.00000000000001,1.7927563398897064,0.0,84.0,1.7927563398897064,0.0,88,True,True,1.4210854715202004e-14,0.0,0.00016309034605654915,89,1.0,CURRENT_MODEL,MODEL_READY,EXISTING_STABLE_MODEL_INITIALIZED,True,JUNCTION_CLEAR,0,0,False,False,False,False,False
M0_NEGATIVE_CONTROL,534,8.91666666666669,True,0.0,84.0,1.792906854269411,0.0,84.0,1.792906854269411,0.0,89,True,True,-1.4210854715202004e-14,0.0,0.0001505143797047026,90,1.0,CURRENT_MODEL,MODEL_READY,EXISTING_STABLE_MODEL_INITIALIZED,True,JUNCTION_CLEAR,0,0,False,False,False,False,False
M0_NEGATIVE_CONTROL,540,9.016666666666694,True,0.0,84.0,1.793108804508062,0.0,84.0,1.793108804508062,0.0,90,True,True,0.0,0.0,0.00020195023865099415,91,1.0,CURRENT_MODEL,MODEL_READY,EXISTING_STABLE_MODEL_INITIALIZED,True,JUNCTION_CLEAR,0,0,False,False,False,False,False
M0_NEGATIVE_CONTROL,546,9.1166666666667,True,0.0,84.0,1.7932557170753185,0.0,84.0,1.7932557170753185,0.0,91,True,True,0.0,0.0,0.00014691256725640756,92,1.0,CURRENT_MODEL,MODEL_READY,EXISTING_STABLE_MODEL_INITIALIZED,True,JUNCTION_CLEAR,0,0,False,False,False,False,False
M0_NEGATIVE_CONTROL,552,9.216666666666704,True,0.0,84.0,1.7933644959421429,0.0,84.0,1.7933644959421429,0.0,92,True,True,0.0,0.0,0.0001087788668243661,93,1.0,CURRENT_MODEL,MODEL_READY,EXISTING_STABLE_MODEL_INITIALIZED,True,JUNCTION_CLEAR,0,0,False,False,False,False,False
M0_NEGATIVE_CONTROL,558,9.316666666666709,True,0.0,84.0,1.793444556059029,0.0,84.0,1.793444556059029,0.0,93,True,True,0.0,0.0,8.006011688621584e-05,94,1.0,CURRENT_MODEL,MODEL_READY,EXISTING_STABLE_MODEL_INITIALIZED,True,JUNCTION_CLEAR,0,0,False,False,False,False,False
M0_NEGATIVE_CONTROL,564,9.416666666666714,True,0.0,84.0,1.793483464652553,0.0,84.0,1.793483464652553,0.0,94,True,True,0.0,0.0,3.890859352395637e-05,95,1.0,CURRENT_MODEL,MODEL_READY,EXISTING_STABLE_MODEL_INITIALIZED,True,JUNCTION_CLEAR,0,0,False,False,False,False,False
M0_NEGATIVE_CONTROL,570,9.516666666666719,True,0.0,84.00000000000001,1.7934657388722144,0.0,84.0,1.7934657388722144,0.0,95,True,True,1.4210854715202004e-14,0.0,-1.772578033865102e-05,96,1.0,CURRENT_MODEL,MODEL_READY,EXISTING_STABLE_MODEL_INITIALIZED,True,JUNCTION_CLEAR,0,0,False,False,False,False,False
M0_NEGATIVE_CONTROL,576,9.616666666666724,True,0.0,84.0,1.7933976045033262,0.0,84.0,1.7933976045033262,0.0,96,True,True,-1.4210854715202004e-14,0.0,-6.813436888819524e-05,97,1.0,CURRENT_MODEL,MODEL_READY,EXISTING_STABLE_MODEL_INITIALIZED,True,JUNCTION_CLEAR,0,0,False,False,False,False,False
M0_NEGATIVE_CONTROL,582,9.716666666666729,True,0.0,84.0,1.7934016063127203,0.0,84.0,1.7934016063127203,0.0,97,True,True,0.0,0.0,4.001809394083011e-06,98,1.0,CURRENT_MODEL,MODEL_READY,EXISTING_STABLE_MODEL_INITIALIZED,True,JUNCTION_CLEAR,0,0,False,False,False,False,False
M0_NEGATIVE_CONTROL,588,9.816666666666734,True,0.0,84.0,1.7934138786896305,0.0,84.0,1.7934138786896305,0.0,98,True,True,0.0,0.0,1.2272376910260618e-05,99,1.0,CURRENT_MODEL,MODEL_READY,EXISTING_STABLE_MODEL_INITIALIZED,True,JUNCTION_CLEAR,0,0,False,False,False,False,False
M0_NEGATIVE_CONTROL,594,9.916666666666739,True,0.0,84.0,1.7933659394966739,0.0,84.0,1.7933659394966739,0.0,99,True,True,0.0,0.0,-4.79391929566475e-05,100,1.0,CURRENT_MODEL,MODEL_READY,EXISTING_STABLE_MODEL_INITIALIZED,True,JUNCTION_CLEAR,0,0,False,False,False,False,False
